사고번호,사고일시,요일,시군구,사고내용,사망자수,중상자수,경상자수,부상신고자수,사고유형,법규위반,노면상태,기상상태,도로형태,가해운전자 차종,가해운전자 성별,가해운전자 연령,가해운전자 상해정도,피해운전자 차종,피해운전자 성별,피해운전자 연령,피해운전자 상해정도
2015012100100180,2015년 1월 21일 11시,수요일,전라남도 해남군 해남읍,경상사고,0,0,4,0,차대차 - 측면직각충돌,교차로운행방법위반,건조,맑음,교차로 - 교차로안,승용,남,53세,상해없음,승용,남,44세,경상
2015012100100226,2015년 1월 21일 13시,수요일,전라남도 순천시 매곡동,경상사고,0,0,1,0,차대차 - 기타,안전거리미확보,습기,비,교차로 - 교차로부근,승합,남,53세,기타불명,승용,여,49세,경상
2015012100100227,2015년 1월 21일 13시,수요일,전라남도 광양시 도이동,중상사고,0,1,1,0,차대차 - 기타,교차로운행방법위반,습기,비,교차로 - 교차로안,특수,남,44세,상해없음,특수,남,55세,경상
2015012100100249,2015년 1월 21일 14시,수요일,전라남도 보성군 벌교읍,부상신고사고,0,0,0,1,차대차 - 측면직각충돌,중앙선침범,습기,비,단일로 - 기타,승용,남,44세,부상신고,승용,남,28세,상해없음
2015012100100268,2015년 1월 21일 15시,수요일,전라남도 여수시 웅천동,경상사고,0,0,5,0,차대차 - 측면직각충돌,신호위반,습기,비,교차로 - 교차로안,승용,남,61세,상해없음,승용,여,34세,경상
2015012100100269,2015년 1월 21일 15시,수요일,전라남도 화순군 화순읍,중상사고,0,2,2,0,차대차 - 정면충돌,안전운전불이행,습기,비,단일로 - 기타,승용,여,49세,중상,화물,여,50세,경상
2015012100100270,2015년 1월 21일 15시,수요일,전라남도 담양군 담양읍,경상사고,0,0,1,0,차대차 - 기타,직진우회전진행방해,습기,비,교차로 - 교차로안,화물,남,48세,상해없음,자전거,남,85세,경상
2015012100100271,2015년 1월 21일 15시,수요일,전라남도 무안군 무안읍,경상사고,0,0,3,0,차대차 - 측면직각충돌,신호위반,습기,비,교차로 - 교차로안,승용,남,68세,경상,승용,남,41세,경상
2015012100100299,2015년 1월 21일 16시,수요일,전라남도 해남군 화산면,경상사고,0,0,2,1,차대차 - 추돌 - 진행중,안전운전불이행,습기,맑음,단일로 - 기타,화물,남,62세,상해없음,화물,여,55세,경상
2015012100100321,2015년 1월 21일 17시,수요일,전라남도 여수시 화양면,경상사고,0,0,1,0,차대차 - 측면직각충돌,안전운전불이행,습기,비,교차로 - 교차로안,화물,남,52세,상해없음,승용,여,39세,경상
2015012100100367,2015년 1월 21일 18시,수요일,전라남도 여수시 둔덕동,경상사고,0,0,1,0,차대차 - 측면직각충돌,안전운전불이행,습기,맑음,교차로 - 교차로부근,승용,남,51세,경상,화물,남,73세,상해없음
2015012100100425,2015년 1월 21일 19시,수요일,전라남도 순천시 조례동,중상사고,0,1,0,0,차대차 - 기타,안전운전불이행,건조,맑음,단일로 - 기타,이륜,남,17세,상해없음,이륜,남,51세,중상
2015012100100457,2015년 1월 21일 20시,수요일,전라남도 목포시 상동,경상사고,0,0,1,0,차대차 - 기타,안전운전불이행,건조,맑음,단일로 - 기타,승용,남,41세,상해없음,승용,남,33세,경상
2015012100100497,2015년 1월 21일 21시,수요일,전라남도 여수시 학동,경상사고,0,0,1,0,차대차 - 측면직각충돌,교차로운행방법위반,습기,비,교차로 - 교차로안,승용,남,37세,상해없음,이륜,남,48세,경상
2015012100100543,2015년 1월 21일 22시,수요일,전라남도 목포시 상동,경상사고,0,0,1,0,차대차 - 기타,직진우회전진행방해,건조,맑음,교차로 - 교차로안,승용,남,32세,상해없음,승용,여,46세,경상
2015012100100568,2015년 1월 21일 23시,수요일,전라남도 여수시 선원동,경상사고,0,0,1,0,차대차 - 측면직각충돌,신호위반,건조,맑음,교차로 - 교차로안,승용,남,25세,상해없음,승용,남,37세,상해없음
2015012100100569,2015년 1월 21일 23시,수요일,전라남도 장흥군 장흥읍,경상사고,0,0,1,0,차대차 - 측면직각충돌,신호위반,건조,맑음,교차로 - 교차로안,화물,남,31세,상해없음,승용,여,28세,경상
2015012200100018,2015년 1월 22일 00시,목요일,전라남도 여수시 국동,경상사고,0,0,2,0,차대차 - 추돌 - 주정차중,안전운전불이행,건조,맑음,단일로 - 기타,승용,남,36세,상해없음,승용,남,61세,경상
2015012200100019,2015년 1월 22일 00시,목요일,전라남도 순천시 조례동,경상사고,0,0,1,0,차량단독 - 공작물충돌,안전운전불이행,건조,맑음,단일로 - 기타,승용,남,18세,상해없음,,,,
2015012200100057,2015년 1월 22일 02시,목요일,전라남도 여수시 선원동,중상사고,0,1,0,0,차대사람 - 횡단중,안전운전불이행,건조,맑음,단일로 - 기타,승용,여,64세,상해없음,보행자,남,33세,중상
2015012200100120,2015년 1월 22일 07시,목요일,전라남도 순천시 덕암동,중상사고,0,1,0,0,차대사람 - 기타,안전운전불이행,건조,맑음,단일로 - 횡단보도상,승용,남,61세,상해없음,보행자,남,74세,중상
2015012200100121,2015년 1월 22일 07시,목요일,전라남도 완도군 군외면,사망사고,1,0,0,0,차대사람 - 차도통행중,과속,습기,맑음,단일로 - 기타,화물,남,29세,상해없음,보행자,여,78세,사망
2015012200100179,2015년 1월 22일 09시,목요일,전라남도 나주시 남평읍,경상사고,0,0,1,0,차대차 - 기타,직진우회전진행방해,건조,맑음,교차로 - 교차로안,승용,여,42세,상해없음,이륜,남,79세,경상
2015012200100180,2015년 1월 22일 09시,목요일,전라남도 장흥군 부산면,경상사고,0,0,1,0,차량단독 - 전도전복,안전운전불이행,건조,맑음,단일로 - 기타,승용,여,31세,경상,,,,
2015012200100202,2015년 1월 22일 10시,목요일,전라남도 완도군 완도읍,경상사고,0,0,1,0,차대차 - 기타,안전운전불이행,건조,맑음,교차로 - 교차로부근,승용,남,72세,상해없음,원동기,남,50세,경상
2015012200100246,2015년 1월 22일 12시,목요일,전라남도 여수시 둔덕동,경상사고,0,0,1,0,차대차 - 추돌 - 진행중,안전운전불이행,건조,맑음,교차로 - 교차로안,승용,남,55세,상해없음,원동기,남,70세,경상
2015012200100273,2015년 1월 22일 13시,목요일,전라남도 여수시 율촌면,경상사고,0,0,1,0,차대차 - 측면직각충돌,신호위반,건조,맑음,단일로 - 횡단보도상,원동기,남,73세,경상,승용,남,28세,상해없음
2015012200100274,2015년 1월 22일 13시,목요일,전라남도 해남군 해남읍,경상사고,0,0,1,1,차대차 - 측면직각충돌,직진우회전진행방해,건조,맑음,교차로 - 교차로안,승용,남,29세,부상신고,승용,여,51세,경상
2015012200100295,2015년 1월 22일 14시,목요일,전라남도 무안군 해제면,경상사고,0,0,1,0,차대사람 - 기타,기타,건조,흐림,단일로 - 기타,승합,남,42세,상해없음,보행자,남,51세,경상
2015012200100296,2015년 1월 22일 14시,목요일,전라남도 광양시 중동,경상사고,0,0,1,1,차대차 - 기타,안전거리미확보,건조,맑음,단일로 - 기타,승용,여,55세,부상신고,승용,여,54세,경상
2015012200100326,2015년 1월 22일 15시,목요일,전라남도 여수시 광무동,중상사고,0,1,0,0,차대사람 - 기타,안전운전불이행,건조,맑음,단일로 - 기타,승합,남,40세,상해없음,보행자,여,72세,중상
2015012200100327,2015년 1월 22일 15시,목요일,전라남도 구례군 구례읍,경상사고,0,0,1,0,차대차 - 기타,직진우회전진행방해,건조,맑음,교차로 - 교차로안,화물,남,77세,상해없음,이륜,남,75세,경상
2015012200100350,2015년 1월 22일 16시,목요일,전라남도 여수시 문수동,경상사고,0,0,1,0,차대사람 - 횡단중,안전운전불이행,건조,맑음,교차로 - 교차로부근,승합,남,34세,상해없음,보행자,남,16세,경상
2015012200100351,2015년 1월 22일 16시,목요일,전라남도 함평군 월야면,경상사고,0,0,2,0,차대차 - 추돌 - 진행중,안전거리미확보,건조,맑음,단일로 - 기타,화물,남,41세,경상,화물,남,58세,상해없음
2015012200100404,2015년 1월 22일 18시,목요일,전라남도 목포시 상동,중상사고,0,1,0,0,차대사람 - 횡단중,보행자보호의무위반,건조,맑음,단일로 - 기타,승용,남,40세,상해없음,보행자,여,10세,중상
2015012200100405,2015년 1월 22일 18시,목요일,전라남도 목포시 상동,경상사고,0,0,2,0,차대차 - 추돌 - 주정차중,안전운전불이행,건조,맑음,단일로 - 기타,승용,남,57세,상해없음,승용,남,63세,경상
2015012200100406,2015년 1월 22일 18시,목요일,전라남도 무안군 삼향읍,경상사고,0,0,1,0,차대사람 - 횡단중,안전운전불이행,건조,맑음,교차로 - 교차로부근,원동기,남,41세,상해없음,보행자,여,75세,경상
2015012200100407,2015년 1월 22일 18시,목요일,전라남도 무안군 무안읍,경상사고,0,0,2,0,차대차 - 측면직각충돌,교차로운행방법위반,건조,맑음,교차로 - 교차로안,승용,여,50세,경상,원동기,남,69세,경상
2015012200100487,2015년 1월 22일 20시,목요일,전라남도 여수시 봉산동,경상사고,0,0,1,0,차대사람 - 차도통행중,안전운전불이행,건조,맑음,단일로 - 횡단보도부근,승용,남,57세,상해없음,보행자,남,70세,경상
2015012200100488,2015년 1월 22일 20시,목요일,전라남도 순천시 조례동,중상사고,0,1,0,0,차대사람 - 횡단중,안전운전불이행,건조,맑음,교차로 - 교차로안,승용,남,32세,상해없음,보행자,남,57세,중상
2015012300100017,2015년 1월 23일 00시,금요일,전라남도 목포시 상동,경상사고,0,0,1,0,차대사람 - 기타,안전운전불이행,건조,맑음,단일로 - 기타,승용,남,34세,상해없음,보행자,남,44세,경상
2015012300100039,2015년 1월 23일 01시,금요일,전라남도 광양시 광양읍,경상사고,0,0,1,0,차대차 - 기타,신호위반,건조,맑음,교차로 - 교차로안,기타불명,남,53세,경상,승용,남,32세,상해없음
2015012300100069,2015년 1월 23일 03시,금요일,전라남도 순천시 조례동,경상사고,0,0,1,0,차대차 - 기타,교차로운행방법위반,건조,맑음,교차로 - 교차로안,승용,남,35세,상해없음,승용,여,45세,경상
2015012300100122,2015년 1월 23일 07시,금요일,전라남도 목포시 상동,중상사고,0,1,0,0,차대사람 - 횡단중,안전운전불이행,건조,맑음,단일로 - 기타,승용,남,55세,상해없음,보행자,여,67세,중상
2015012300100123,2015년 1월 23일 07시,금요일,전라남도 목포시 용해동,경상사고,0,0,1,0,차대차 - 기타,신호위반,건조,맑음,교차로 - 교차로안,승용,여,45세,상해없음,승용,남,67세,경상
2015012300100124,2015년 1월 23일 07시,금요일,전라남도 보성군 득량면,경상사고,0,0,2,0,차대차 - 정면충돌,중앙선침범,건조,맑음,단일로 - 기타,화물,남,49세,경상,화물,남,43세,경상
2015012300100125,2015년 1월 23일 07시,금요일,전라남도 담양군 고서면,사망사고,1,0,0,0,차대차 - 기타,신호위반,건조,맑음,교차로 - 교차로안,자전거,남,90세 이상,사망,화물,남,73세,상해없음
2015012300100126,2015년 1월 23일 07시,금요일,전라남도 광양시 중동,경상사고,0,0,1,0,차대차 - 기타,신호위반,건조,맑음,교차로 - 교차로안,승용,남,71세,상해없음,승용,여,51세,경상
2015012300100148,2015년 1월 23일 08시,금요일,전라남도 순천시 해룡면,경상사고,0,0,2,0,차대차 - 추돌 - 진행중,안전거리미확보,건조,맑음,단일로 - 기타,승용,여,31세,경상,특수,남,25세,경상
2015012300100149,2015년 1월 23일 08시,금요일,전라남도 목포시 옥암동,경상사고,0,0,6,0,차대차 - 측면직각충돌,신호위반,건조,맑음,교차로 - 교차로부근,승합,남,65세,상해없음,승용,여,32세,경상
2015012300100150,2015년 1월 23일 08시,금요일,전라남도 광양시 중동,경상사고,0,0,1,0,차대차 - 기타,교차로운행방법위반,건조,맑음,교차로 - 교차로부근,승합,여,43세,상해없음,이륜,여,54세,경상
2015012300100183,2015년 1월 23일 09시,금요일,전라남도 순천시 연향동,경상사고,0,0,1,0,차대사람 - 횡단중,신호위반,건조,맑음,교차로 - 교차로부근,승용,남,51세,상해없음,보행자,남,9세,경상
2015012300100184,2015년 1월 23일 09시,금요일,전라남도 광양시 금호동,경상사고,0,0,2,0,차대차 - 기타,직진우회전진행방해,건조,맑음,교차로 - 교차로안,승용,여,59세,경상,승용,남,35세,경상
2015012300100210,2015년 1월 23일 10시,금요일,전라남도 순천시 동외동,경상사고,0,0,2,0,차대차 - 측면직각충돌,직진우회전진행방해,건조,맑음,교차로 - 교차로안,승용,남,72세,상해없음,승용,여,40세,경상
2015012300100245,2015년 1월 23일 11시,금요일,전라남도 보성군 보성읍,경상사고,0,0,5,0,차대차 - 측면직각충돌,안전거리미확보,건조,맑음,교차로 - 교차로안,승합,남,62세,상해없음,승용,남,58세,경상
2015012300100246,2015년 1월 23일 11시,금요일,전라남도 영암군 학산면,경상사고,0,0,2,0,차대차 - 추돌 - 진행중,차로위반,건조,맑음,단일로 - 기타,특수,남,42세,상해없음,승용,남,46세,경상
2015012300100269,2015년 1월 23일 12시,금요일,전라남도 여수시 남산동,경상사고,0,0,2,0,차대차 - 추돌 - 진행중,안전운전불이행,건조,맑음,단일로 - 기타,승용,남,21세,상해없음,승용,남,34세,경상
2015012300100270,2015년 1월 23일 12시,금요일,전라남도 화순군 화순읍,경상사고,0,0,2,0,차대차 - 측면직각충돌,안전거리미확보,건조,맑음,단일로 - 기타,승용,여,50세,상해없음,승용,여,44세,경상
2015012300100292,2015년 1월 23일 13시,금요일,전라남도 나주시 이창동,중상사고,0,1,0,0,차량단독 - 공작물충돌,안전운전불이행,건조,맑음,단일로 - 기타,화물,남,63세,상해없음,,,,
2015012300100293,2015년 1월 23일 13시,금요일,전라남도 무안군 삼향읍,경상사고,0,0,1,0,차대차 - 추돌 - 주정차중,안전운전불이행,건조,맑음,교차로 - 교차로부근,승용,여,29세,상해없음,승용,남,33세,상해없음
2015012300100323,2015년 1월 23일 14시,금요일,전라남도 나주시 남내동,중상사고,0,1,0,0,차대차 - 측면직각충돌,교차로운행방법위반,건조,맑음,교차로 - 교차로안,자전거,여,70세,중상,승용,여,54세,상해없음
2015012300100355,2015년 1월 23일 15시,금요일,전라남도 여수시 중앙동,중상사고,0,1,0,0,차대사람 - 길가장자리구역통행중,안전운전불이행,건조,맑음,단일로 - 기타,승합,남,51세,상해없음,보행자,여,88세,중상
2015012300100356,2015년 1월 23일 15시,금요일,전라남도 화순군 도곡면,경상사고,0,0,1,0,차대차 - 측면직각충돌,안전운전불이행,건조,맑음,교차로 - 교차로안,화물,여,49세,상해없음,승용,여,68세,경상
2015012300100382,2015년 1월 23일 16시,금요일,전라남도 영암군 영암읍,중상사고,0,1,0,0,차대차 - 기타,안전운전불이행,건조,맑음,단일로 - 기타,화물,남,54세,상해없음,자전거,여,65세,중상
2015012300100383,2015년 1월 23일 16시,금요일,전라남도 완도군 금일읍,중상사고,0,1,0,0,차대차 - 기타,안전운전불이행,건조,맑음,단일로 - 기타,화물,남,69세,상해없음,원동기,남,73세,중상
2015012300100384,2015년 1월 23일 16시,금요일,전라남도 광양시 광양읍,경상사고,0,0,1,0,차대차 - 기타,교차로운행방법위반,건조,맑음,교차로 - 교차로부근,승합,남,68세,상해없음,자전거,여,54세,경상
2015012300100405,2015년 1월 23일 17시,금요일,전라남도 목포시 상동,경상사고,0,0,2,0,차대사람 - 기타,기타,건조,맑음,단일로 - 기타,승합,남,54세,상해없음,보행자,여,63세,경상
2015012300100452,2015년 1월 23일 18시,금요일,전라남도 순천시 연향동,경상사고,0,0,1,0,차대차 - 측면직각충돌,직진우회전진행방해,건조,맑음,교차로 - 교차로안,승용,남,54세,상해없음,원동기,남,17세,경상
2015012300100453,2015년 1월 23일 18시,금요일,전라남도 진도군 군내면,경상사고,0,0,2,0,차대차 - 기타,안전운전불이행,건조,맑음,교차로 - 교차로부근,승용,남,29세,상해없음,승용,남,48세,경상
2015012300100454,2015년 1월 23일 18시,금요일,전라남도 광양시 광양읍,중상사고,0,1,0,0,차대사람 - 횡단중,안전운전불이행,건조,맑음,단일로 - 기타,자전거,남,28세,상해없음,보행자,여,88세,중상
2015012300100481,2015년 1월 23일 19시,금요일,전라남도 순천시 조례동,경상사고,0,0,1,0,차대차 - 측면직각충돌,신호위반,건조,맑음,교차로 - 교차로안,승용,여,64세,상해없음,이륜,남,26세,경상
2015012300100517,2015년 1월 23일 20시,금요일,전라남도 광양시 마동,경상사고,0,0,7,0,차대차 - 기타,신호위반,건조,맑음,교차로 - 교차로안,승용,남,19세,경상,승용,남,21세,경상
2015012300100548,2015년 1월 23일 21시,금요일,전라남도 장성군 장성읍,중상사고,0,1,0,0,차대차 - 추돌 - 진행중,안전운전불이행,건조,맑음,단일로 - 기타,승용,남,49세,상해없음,화물,남,51세,중상
2015012400100057,2015년 1월 24일 02시,토요일,전라남도 목포시 상동,중상사고,0,1,0,0,차대사람 - 차도통행중,안전운전불이행,건조,맑음,교차로 - 교차로안,승용,남,22세,상해없음,보행자,남,31세,중상
2015012400100099,2015년 1월 24일 06시,토요일,전라남도 순천시 가곡동,경상사고,0,0,1,1,차대차 - 측면직각충돌,신호위반,건조,맑음,교차로 - 교차로안,화물,여,55세,부상신고,승합,남,46세,경상
2015012400100100,2015년 1월 24일 06시,토요일,전라남도 장흥군 장흥읍,경상사고,0,0,1,0,차대사람 - 차도통행중,안전운전불이행,건조,맑음,교차로 - 교차로안,화물,여,56세,상해없음,보행자,여,57세,경상
2015012400100116,2015년 1월 24일 07시,토요일,전라남도 여수시 중흥동,경상사고,0,0,2,0,차대차 - 측면직각충돌,신호위반,건조,맑음,교차로 - 교차로안,특수,남,53세,경상,건설기계,남,35세,경상
2015012400100154,2015년 1월 24일 09시,토요일,전라남도 목포시 상동,경상사고,0,0,1,0,차대차 - 추돌 - 진행중,기타,건조,맑음,단일로 - 기타,기타불명,기타불명,기타불명,기타불명,승용,여,31세,경상
2015012400100174,2015년 1월 24일 10시,토요일,전라남도 순천시 덕암동,경상사고,0,0,1,0,차대사람 - 횡단중,신호위반,건조,맑음,단일로 - 기타,승용,여,55세,상해없음,보행자,여,42세,경상
2015012400100196,2015년 1월 24일 11시,토요일,전라남도 목포시 용당동,경상사고,0,0,1,0,차대사람 - 횡단중,안전운전불이행,건조,맑음,교차로 - 교차로부근,승용,남,54세,상해없음,보행자,남,81세,경상
2015012400100197,2015년 1월 24일 11시,토요일,전라남도 목포시 옥암동,경상사고,0,0,6,0,차대차 - 측면직각충돌,신호위반,건조,맑음,교차로 - 교차로안,승용,여,42세,경상,승용,남,32세,경상
2015012400100198,2015년 1월 24일 11시,토요일,전라남도 장흥군 안양면,중상사고,0,1,0,0,차대차 - 기타,안전운전불이행,건조,맑음,교차로 - 교차로안,화물,남,59세,상해없음,자전거,남,11세,중상
2015012400100199,2015년 1월 24일 11시,토요일,전라남도 화순군 화순읍,경상사고,0,0,4,0,차대차 - 측면직각충돌,안전운전불이행,건조,맑음,교차로 - 교차로안,승용,남,69세,상해없음,승용,남,47세,경상
2015012400100200,2015년 1월 24일 11시,토요일,전라남도 함평군 월야면,경상사고,0,0,1,0,차대차 - 측면직각충돌,교차로운행방법위반,건조,맑음,교차로 - 교차로안,이륜,남,78세,경상,승용,여,40세,상해없음
2015012400100201,2015년 1월 24일 11시,토요일,전라남도 무안군 무안읍,중상사고,0,3,2,0,차대차 - 측면직각충돌,안전운전불이행,건조,맑음,교차로 - 교차로안,승합,남,42세,상해없음,승용,남,60세,중상
2015012400100229,2015년 1월 24일 12시,토요일,전라남도 영암군 영암읍,경상사고,0,0,8,0,차대차 - 기타,안전운전불이행,건조,맑음,교차로 - 교차로부근,화물,남,24세,상해없음,승합,남,70세,경상
2015012400100230,2015년 1월 24일 12시,토요일,전라남도 광양시 태인동,경상사고,0,0,1,1,차대차 - 측면직각충돌,교차로운행방법위반,건조,맑음,교차로 - 교차로안,승용,남,58세,부상신고,승용,여,48세,경상
2015012400100254,2015년 1월 24일 13시,토요일,전라남도 목포시 산정동,경상사고,0,0,2,0,차대차 - 측면직각충돌,안전운전불이행,건조,맑음,교차로 - 교차로안,승용,남,79세,경상,승용,남,56세,상해없음
2015012400100255,2015년 1월 24일 13시,토요일,전라남도 함평군 월야면,중상사고,0,1,1,0,차대차 - 추돌 - 진행중,안전거리미확보,건조,맑음,단일로 - 기타,화물,남,55세,중상,화물,남,59세,경상
2015012400100256,2015년 1월 24일 13시,토요일,전라남도 무안군 해제면,경상사고,0,0,1,0,차대차 - 추돌 - 진행중,과속,건조,맑음,교차로 - 교차로부근,화물,남,55세,상해없음,승용,남,35세,경상
2015012400100257,2015년 1월 24일 13시,토요일,전라남도 진도군 진도읍,경상사고,0,0,1,0,차대차 - 기타,안전운전불이행,건조,맑음,단일로 - 기타,승용,여,55세,상해없음,원동기,남,40세,경상
2015012400100280,2015년 1월 24일 14시,토요일,전라남도 목포시 상동,중상사고,0,1,0,0,차대사람 - 길가장자리구역통행중,안전운전불이행,건조,맑음,단일로 - 기타,승용,남,47세,상해없음,보행자,남,5세,중상
2015012400100302,2015년 1월 24일 15시,토요일,전라남도 나주시 금성동,중상사고,0,1,0,0,차대사람 - 횡단중,안전운전불이행,건조,맑음,교차로 - 교차로안,화물,여,48세,상해없음,보행자,여,56세,중상
2015012400100328,2015년 1월 24일 16시,토요일,전라남도 여수시 신기동,중상사고,0,1,0,0,차대사람 - 차도통행중,안전운전불이행,건조,맑음,단일로 - 기타,승용,남,37세,상해없음,보행자,남,12세,중상
2015012400100329,2015년 1월 24일 16시,토요일,전라남도 강진군 강진읍,경상사고,0,0,2,0,차량단독 - 공작물충돌,안전운전불이행,건조,맑음,단일로 - 기타,승용,여,41세,상해없음,,,,
2015012400100363,2015년 1월 24일 17시,토요일,전라남도 목포시 남교동,경상사고,0,0,1,0,차대차 - 측면직각충돌,신호위반,건조,맑음,교차로 - 교차로안,승용,남,68세,상해없음,승용,남,55세,경상
2015012400100397,2015년 1월 24일 18시,토요일,전라남도 여수시 광무동,경상사고,0,0,1,0,차대차 - 추돌 - 진행중,안전운전불이행,건조,맑음,교차로 - 교차로부근,승용,남,65세,상해없음,이륜,남,45세,경상
2015012400100398,2015년 1월 24일 18시,토요일,전라남도 순천시 해룡면,부상신고사고,0,0,0,1,차대차 - 기타,안전운전불이행,건조,맑음,단일로 - 기타,이륜,남,22세,부상신고,승용,여,36세,상해없음
2015012400100399,2015년 1월 24일 18시,토요일,전라남도 나주시 산포면,경상사고,0,0,1,0,차대차 - 측면직각충돌,직진우회전진행방해,건조,맑음,교차로 - 교차로안,승용,여,44세,상해없음,승용,여,47세,경상
2015012400100400,2015년 1월 24일 18시,토요일,전라남도 화순군 화순읍,중상사고,0,2,5,0,차대차 - 추돌 - 진행중,안전운전불이행,건조,흐림,단일로 - 기타,승용,남,42세,상해없음,승합,남,47세,경상
2015012400100401,2015년 1월 24일 18시,토요일,전라남도 영암군 서호면,경상사고,0,0,2,0,차대차 - 기타,안전운전불이행,건조,맑음,단일로 - 기타,승용,남,25세,경상,승용,여,30세,경상
2015012400100448,2015년 1월 24일 19시,토요일,전라남도 목포시 용당동,부상신고사고,0,0,0,2,차대사람 - 횡단중,기타,건조,맑음,단일로 - 횡단보도상,기타불명,기타불명,기타불명,기타불명,보행자,여,62세,부상신고
2015012400100449,2015년 1월 24일 19시,토요일,전라남도 목포시 연산동,경상사고,0,0,1,0,차대차 - 추돌 - 주정차중,안전운전불이행,건조,맑음,기타 - 기타,승용,여,21세,상해없음,승용,남,35세,경상
2015012400100483,2015년 1월 24일 20시,토요일,전라남도 여수시 소라면,중상사고,0,1,2,0,차대차 - 추돌 - 진행중,교차로운행방법위반,건조,맑음,교차로 - 교차로안,승용,여,23세,상해없음,승용,남,19세,경상
2015012400100484,2015년 1월 24일 20시,토요일,전라남도 순천시 해룡면,경상사고,0,0,4,0,차대차 - 기타,안전운전불이행,건조,맑음,단일로 - 기타,승용,여,57세,경상,특수,남,54세,기타불명
2015012400100543,2015년 1월 24일 22시,토요일,전라남도 여수시 돌산읍,경상사고,0,0,2,0,차대차 - 추돌 - 주정차중,안전운전불이행,건조,맑음,교차로 - 교차로부근,승용,남,26세,상해없음,승용,남,37세,경상
2015012400100544,2015년 1월 24일 22시,토요일,전라남도 순천시 왕지동,경상사고,0,0,2,0,차대차 - 기타,신호위반,건조,맑음,교차로 - 교차로안,승용,남,25세,상해없음,승용,여,40세,경상
2015012400100569,2015년 1월 24일 23시,토요일,전라남도 여수시 학동,경상사고,0,0,2,0,차대차 - 측면직각충돌,교차로운행방법위반,건조,맑음,교차로 - 교차로안,승용,남,33세,상해없음,이륜,남,53세,경상
2015012500100029,2015년 1월 25일 02시,일요일,전라남도 광양시 중동,경상사고,0,0,1,0,차대차 - 측면직각충돌,교차로운행방법위반,건조,맑음,교차로 - 교차로안,승용,남,61세,상해없음,이륜,남,44세,경상
2015012500100113,2015년 1월 25일 09시,일요일,전라남도 영암군 덕진면,중상사고,0,2,0,0,차대차 - 추돌 - 진행중,안전운전불이행,건조,맑음,단일로 - 기타,승용,남,26세,상해없음,화물,남,66세,중상
2015012500100114,2015년 1월 25일 09시,일요일,전라남도 광양시 광양읍,경상사고,0,0,1,0,차대차 - 기타,안전운전불이행,건조,맑음,교차로 - 교차로부근,승합,남,49세,경상,화물,남,50세,상해없음
2015012500100124,2015년 1월 25일 10시,일요일,전라남도 해남군 해남읍,사망사고,1,0,0,0,차대사람 - 횡단중,안전운전불이행,건조,맑음,교차로 - 교차로안,승합,여,48세,상해없음,보행자,여,75세,사망
2015012500100159,2015년 1월 25일 12시,일요일,전라남도 여수시 신기동,중상사고,0,1,0,0,차대사람 - 차도통행중,안전운전불이행,건조,맑음,단일로 - 기타,승용,남,42세,상해없음,보행자,남,57세,중상
2015012500100172,2015년 1월 25일 13시,일요일,전라남도 구례군 구례읍,경상사고,0,0,1,0,차대차 - 기타,안전운전불이행,건조,맑음,교차로 - 교차로안,화물,남,54세,상해없음,화물,남,64세,상해없음
2015012500100201,2015년 1월 25일 14시,일요일,전라남도 나주시 산포면,경상사고,0,0,1,0,차대사람 - 기타,안전운전불이행,건조,흐림,단일로 - 기타,화물,남,59세,상해없음,보행자,남,5세,경상
2015012500100246,2015년 1월 25일 17시,일요일,전라남도 목포시 산정동,경상사고,0,0,4,0,차대차 - 측면직각충돌,안전거리미확보,습기,비,단일로 - 기타,승용,여,54세,상해없음,승용,여,48세,경상
2015012500100247,2015년 1월 25일 17시,일요일,전라남도 고흥군 도양읍,경상사고,0,0,2,0,차대차 - 측면직각충돌,안전운전불이행,건조,맑음,단일로 - 기타,승용,남,52세,상해없음,원동기,남,69세,경상
2015012500100248,2015년 1월 25일 17시,일요일,전라남도 해남군 계곡면,중상사고,0,1,0,0,차대차 - 정면충돌,중앙선침범,건조,맑음,단일로 - 기타,화물,남,43세,상해없음,화물,남,58세,상해없음
2015012500100274,2015년 1월 25일 18시,일요일,전라남도 순천시 조례동,경상사고,0,0,1,0,차대차 - 측면직각충돌,신호위반,습기,비,교차로 - 교차로안,승용,남,49세,상해없음,승용,여,50세,경상
2015012500100275,2015년 1월 25일 18시,일요일,전라남도 영암군 삼호읍,중상사고,0,1,0,0,차대차 - 기타,안전운전불이행,습기,비,단일로 - 기타,이륜,남,40세,중상,기타불명,기타불명,기타불명,기타불명
2015012500100276,2015년 1월 25일 18시,일요일,전라남도 영암군 삼호읍,사망사고,1,0,0,0,차대사람 - 기타,안전운전불이행,습기,비,단일로 - 기타,승용,여,46세,상해없음,보행자,남,40세,사망
2015012500100363,2015년 1월 25일 20시,일요일,전라남도 목포시 산정동,경상사고,0,0,3,0,차대차 - 추돌 - 주정차중,안전운전불이행,건조,맑음,단일로 - 기타,화물,남,45세,상해없음,승용,남,24세,경상