사고번호,사고일시,요일,시군구,사고내용,사망자수,중상자수,경상자수,부상신고자수,사고유형,법규위반,노면상태,기상상태,도로형태,가해운전자 차종,가해운전자 성별,가해운전자 연령,가해운전자 상해정도,피해운전자 차종,피해운전자 성별,피해운전자 연령,피해운전자 상해정도
2015021300100203,2015년 2월 13일 10시,금요일,전라남도 목포시 대의동2가,경상사고,0,0,1,0,차대사람 - 기타,안전운전불이행,건조,맑음,단일로 - 기타,승합,남,53세,상해없음,보행자,여,53세,경상
2015021300100204,2015년 2월 13일 10시,금요일,전라남도 강진군 대구면,중상사고,0,1,0,0,차대사람 - 기타,안전운전불이행,건조,맑음,단일로 - 기타,농기계,남,65세,상해없음,보행자,여,75세,중상
2015021300100235,2015년 2월 13일 11시,금요일,전라남도 순천시 해룡면,경상사고,0,0,1,0,차대차 - 기타,신호위반,건조,맑음,교차로 - 교차로안,승용,남,55세,상해없음,승용,남,36세,경상
2015021300100236,2015년 2월 13일 11시,금요일,전라남도 장흥군 관산읍,중상사고,0,2,0,0,차대차 - 측면직각충돌,중앙선침범,건조,맑음,기타 - 기타,건설기계,남,36세,상해없음,화물,남,67세,중상
2015021300100237,2015년 2월 13일 11시,금요일,전라남도 영광군 영광읍,경상사고,0,0,1,0,차대차 - 추돌 - 진행중,안전운전불이행,건조,맑음,교차로 - 교차로부근,승용,남,54세,상해없음,원동기,남,61세,경상
2015021300100269,2015년 2월 13일 12시,금요일,전라남도 목포시 옥암동,경상사고,0,0,5,0,차대차 - 측면직각충돌,안전운전불이행,건조,맑음,단일로 - 기타,승용,여,51세,경상,승용,남,37세,상해없음
2015021300100270,2015년 2월 13일 12시,금요일,전라남도 순천시 풍덕동,경상사고,0,0,2,0,차대차 - 기타,직진우회전진행방해,건조,맑음,교차로 - 교차로안,승용,여,30세,경상,화물,남,35세,경상
2015021300100271,2015년 2월 13일 12시,금요일,전라남도 해남군 현산면,경상사고,0,0,1,0,차대차 - 측면직각충돌,안전운전불이행,건조,맑음,교차로 - 교차로안,화물,남,68세,경상,화물,남,62세,상해없음
2015021300100306,2015년 2월 13일 13시,금요일,전라남도 여수시 여서동,부상신고사고,0,0,0,1,차대차 - 측면직각충돌,안전운전불이행,건조,맑음,단일로 - 기타,자전거,남,10세,부상신고,승용,남,50세,상해없음
2015021300100307,2015년 2월 13일 13시,금요일,전라남도 해남군 해남읍,경상사고,0,0,1,0,차대차 - 측면직각충돌,안전운전불이행,건조,맑음,교차로 - 교차로안,승용,남,44세,상해없음,승용,남,24세,경상
2015021300100308,2015년 2월 13일 13시,금요일,전라남도 영암군 삼호읍,중상사고,0,1,2,0,차대차 - 측면직각충돌,안전거리미확보,건조,맑음,교차로 - 교차로부근,승용,여,35세,경상,승합,남,59세,중상
2015021300100309,2015년 2월 13일 13시,금요일,전라남도 강진군 병영면,중상사고,0,1,0,0,차대차 - 측면직각충돌,직진우회전진행방해,건조,맑음,교차로 - 교차로안,승용,남,73세,상해없음,자전거,남,79세,중상
2015021300100346,2015년 2월 13일 14시,금요일,전라남도 여수시 화양면,중상사고,0,1,0,0,차량단독 - 전도전복,안전운전불이행,건조,맑음,단일로 - 기타,이륜,남,48세,중상,,,,
2015021300100371,2015년 2월 13일 15시,금요일,전라남도 나주시 대호동,경상사고,0,0,3,1,차대차 - 추돌 - 진행중,안전운전불이행,건조,맑음,단일로 - 기타,승용,여,39세,부상신고,승용,남,50세,상해없음
2015021300100372,2015년 2월 13일 15시,금요일,전라남도 나주시 대호동,경상사고,0,0,3,0,차대차 - 측면직각충돌,안전운전불이행,건조,맑음,단일로 - 기타,승용,여,50세,상해없음,승합,남,75세,경상
2015021300100492,2015년 2월 13일 18시,금요일,전라남도 여수시 여천동,경상사고,0,0,1,0,차대차 - 추돌 - 진행중,신호위반,건조,맑음,교차로 - 교차로안,화물,남,38세,상해없음,승용,여,55세,경상
2015021300100575,2015년 2월 13일 20시,금요일,전라남도 순천시 삼거동,경상사고,0,0,2,0,차량단독 - 기타,안전운전불이행,건조,맑음,단일로 - 기타,원동기,남,16세,경상,,,,
2015021300100599,2015년 2월 13일 21시,금요일,전라남도 목포시 산정동,경상사고,0,0,2,0,차대사람 - 차도통행중,안전운전불이행,건조,맑음,단일로 - 기타,승용,여,51세,상해없음,보행자,남,44세,경상
2015021300100600,2015년 2월 13일 21시,금요일,전라남도 여수시 안산동,경상사고,0,0,1,0,차대사람 - 횡단중,안전운전불이행,건조,맑음,단일로 - 기타,승용,남,59세,상해없음,보행자,남,58세,경상
2015021300100601,2015년 2월 13일 21시,금요일,전라남도 진도군 고군면,경상사고,0,0,4,0,차대차 - 기타,안전운전불이행,건조,맑음,교차로 - 교차로안,화물,여,42세,상해없음,승합,남,46세,경상
2015021400100055,2015년 2월 14일 01시,토요일,전라남도 광양시 옥룡면,부상신고사고,0,0,0,1,차량단독 - 공작물충돌,안전운전불이행,건조,맑음,단일로 - 기타,승용,여,55세,부상신고,,,,
2015021400100076,2015년 2월 14일 02시,토요일,전라남도 광양시 성황동,경상사고,0,0,3,0,차대차 - 측면직각충돌,안전운전불이행,건조,맑음,단일로 - 기타,승용,남,40세,상해없음,승용,남,58세,경상
2015021400100088,2015년 2월 14일 03시,토요일,전라남도 장성군 장성읍,중상사고,0,1,1,0,차대차 - 측면직각충돌,안전운전불이행,건조,맑음,단일로 - 기타,승용,남,42세,상해없음,승용,남,30세,중상
2015021400100144,2015년 2월 14일 07시,토요일,전라남도 함평군 함평읍,중상사고,0,1,0,0,차량단독 - 전도전복,안전운전불이행,결빙,흐림,단일로 - 기타,승용,남,60세,중상,,,,
2015021400100156,2015년 2월 14일 08시,토요일,전라남도 여수시 봉계동,경상사고,0,0,1,0,차대사람 - 길가장자리구역통행중,안전운전불이행,건조,맑음,기타 - 기타,승합,남,62세,상해없음,보행자,남,32세,경상
2015021400100185,2015년 2월 14일 09시,토요일,전라남도 목포시 산정동,경상사고,0,0,4,0,차대차 - 기타,신호위반,건조,맑음,교차로 - 교차로안,화물,남,68세,경상,승용,남,67세,경상
2015021400100186,2015년 2월 14일 09시,토요일,전라남도 고흥군 봉래면,중상사고,0,1,1,0,차대차 - 측면직각충돌,교차로운행방법위반,건조,맑음,교차로 - 교차로안,화물,남,67세,경상,화물,남,69세,중상
2015021400100214,2015년 2월 14일 10시,토요일,전라남도 무안군 무안읍,경상사고,0,0,3,0,차대차 - 추돌 - 진행중,안전운전불이행,건조,맑음,단일로 - 기타,이륜,남,78세,경상,승용,남,66세,경상
2015021400100241,2015년 2월 14일 11시,토요일,전라남도 장성군 장성읍,경상사고,0,0,1,0,차대사람 - 길가장자리구역통행중,안전운전불이행,건조,맑음,단일로 - 기타,승용,여,48세,상해없음,보행자,남,73세,경상
2015021400100268,2015년 2월 14일 12시,토요일,전라남도 고흥군 과역면,중상사고,0,1,0,0,차대차 - 측면직각충돌,중앙선침범,건조,맑음,단일로 - 기타,승용,남,62세,상해없음,이륜,남,82세,중상
2015021400100269,2015년 2월 14일 12시,토요일,전라남도 해남군 삼산면,중상사고,0,1,1,0,차대차 - 측면직각충돌,안전운전불이행,건조,맑음,교차로 - 교차로안,승용,여,63세,중상,승용,남,44세,경상
2015021400100307,2015년 2월 14일 13시,토요일,전라남도 여수시 공화동,중상사고,0,2,2,0,차량단독 - 공작물충돌,안전운전불이행,건조,맑음,단일로 - 기타,승용,남,18세,경상,,,,
2015021400100335,2015년 2월 14일 14시,토요일,전라남도 목포시 호남동,경상사고,0,0,3,0,차대차 - 기타,기타,건조,맑음,교차로 - 교차로안,승용,남,55세,상해없음,승용,남,32세,경상
2015021400100336,2015년 2월 14일 14시,토요일,전라남도 여수시 서교동,경상사고,0,0,1,0,차대사람 - 차도통행중,안전운전불이행,건조,맑음,단일로 - 기타,승용,남,57세,상해없음,보행자,남,55세,경상
2015021400100357,2015년 2월 14일 15시,토요일,전라남도 곡성군 겸면,경상사고,0,0,1,0,차량단독 - 전도전복,안전운전불이행,건조,맑음,단일로 - 기타,화물,남,55세,경상,,,,
2015021400100358,2015년 2월 14일 15시,토요일,전라남도 무안군 삼향읍,경상사고,0,0,1,0,차대차 - 측면직각충돌,신호위반,건조,맑음,교차로 - 교차로안,화물,남,46세,상해없음,승용,여,37세,경상
2015021400100389,2015년 2월 14일 16시,토요일,전라남도 여수시 남산동,경상사고,0,0,2,0,차대차 - 추돌 - 진행중,안전운전불이행,건조,맑음,교차로 - 교차로부근,승합,남,37세,상해없음,승용,여,46세,경상
2015021400100390,2015년 2월 14일 16시,토요일,전라남도 순천시 남정동,경상사고,0,0,1,0,차대차 - 추돌 - 주정차중,안전운전불이행,건조,맑음,단일로 - 기타,승용,여,51세,상해없음,승합,남,34세,경상
2015021400100391,2015년 2월 14일 16시,토요일,전라남도 나주시 왕곡면,경상사고,0,0,2,0,차대차 - 추돌 - 주정차중,안전운전불이행,건조,맑음,단일로 - 기타,화물,남,32세,경상,화물,남,49세,경상
2015021400100392,2015년 2월 14일 16시,토요일,전라남도 장성군 삼계면,중상사고,0,1,0,0,차량단독 - 도로외이탈 - 추락,안전운전불이행,건조,맑음,단일로 - 기타,화물,남,50세,중상,,,,
2015021400100424,2015년 2월 14일 17시,토요일,전라남도 나주시 산포면,중상사고,0,1,3,0,차대차 - 추돌 - 진행중,안전거리미확보,건조,맑음,단일로 - 기타,승용,남,53세,경상,승용,남,51세,경상
2015021400100425,2015년 2월 14일 17시,토요일,전라남도 영광군 불갑면,중상사고,0,2,2,1,차대차 - 정면충돌,중앙선침범,건조,맑음,단일로 - 기타,화물,남,60세,부상신고,승용,남,64세,중상
2015021400100426,2015년 2월 14일 17시,토요일,전라남도 담양군 담양읍,중상사고,0,1,2,0,차대차 - 측면직각충돌,안전거리미확보,건조,맑음,단일로 - 기타,승합,남,21세,상해없음,승용,남,54세,경상
2015021400100427,2015년 2월 14일 17시,토요일,전라남도 광양시 광양읍,경상사고,0,0,1,0,차대차 - 기타,안전거리미확보,건조,맑음,교차로 - 교차로부근,승용,남,25세,상해없음,승용,여,41세,경상
2015021400100461,2015년 2월 14일 18시,토요일,전라남도 나주시 남외동,중상사고,0,1,0,0,차대사람 - 기타,안전운전불이행,건조,맑음,교차로 - 교차로안,승용,남,25세,상해없음,보행자,여,70세,중상
2015021400100497,2015년 2월 14일 19시,토요일,전라남도 신안군 압해읍,사망사고,1,1,0,0,차대차 - 기타,중앙선침범,건조,흐림,단일로 - 기타,화물,남,60세,중상,화물,남,42세,사망
2015021400100498,2015년 2월 14일 19시,토요일,전라남도 목포시 죽교동,중상사고,0,1,0,0,차대사람 - 기타,안전운전불이행,건조,맑음,단일로 - 기타,승용,남,65세,상해없음,보행자,여,48세,중상
2015021400100533,2015년 2월 14일 20시,토요일,전라남도 여수시 서교동,중상사고,0,1,0,0,차대사람 - 횡단중,안전운전불이행,건조,맑음,단일로 - 횡단보도상,승용,남,25세,상해없음,보행자,남,54세,중상
2015021400100568,2015년 2월 14일 21시,토요일,전라남도 목포시 용해동,경상사고,0,0,2,0,차대차 - 기타,안전운전불이행,건조,맑음,단일로 - 기타,승용,남,24세,경상,승용,남,29세,경상
2015021400100569,2015년 2월 14일 21시,토요일,전라남도 여수시 선원동,중상사고,0,1,1,0,차대차 - 측면직각충돌,안전운전불이행,건조,맑음,단일로 - 기타,승용,남,44세,상해없음,이륜,남,18세,중상
2015021400100640,2015년 2월 14일 23시,토요일,전라남도 순천시 조곡동,경상사고,0,0,4,0,차대차 - 정면충돌,교차로운행방법위반,건조,맑음,교차로 - 교차로안,승용,남,59세,상해없음,승용,여,45세,경상
2015021500100097,2015년 2월 15일 06시,일요일,전라남도 구례군 토지면,사망사고,1,0,0,0,차대사람 - 횡단중,안전운전불이행,건조,맑음,단일로 - 기타,승용,남,36세,상해없음,보행자,여,80세,사망
2015021500100130,2015년 2월 15일 08시,일요일,전라남도 영암군 미암면,중상사고,0,1,0,0,차량단독 - 공작물충돌,안전운전불이행,건조,맑음,단일로 - 기타,승용,남,56세,상해없음,,,,
2015021500100164,2015년 2월 15일 10시,일요일,전라남도 목포시 옥암동,중상사고,0,2,3,0,차대차 - 측면직각충돌,신호위반,습기,맑음,교차로 - 교차로안,승용,남,66세,상해없음,승용,여,37세,중상
2015021500100165,2015년 2월 15일 10시,일요일,전라남도 순천시 동외동,중상사고,0,1,0,0,차대차 - 기타,안전거리미확보,건조,맑음,단일로 - 기타,승용,남,62세,상해없음,원동기,남,39세,중상
2015021500100198,2015년 2월 15일 12시,일요일,전라남도 목포시 상동,중상사고,0,2,4,2,차대차 - 추돌 - 진행중,안전운전불이행,습기,비,단일로 - 기타,승용,여,35세,상해없음,승용,남,36세,경상
2015021500100233,2015년 2월 15일 14시,일요일,전라남도 광양시 광영동,중상사고,0,1,1,0,차대차 - 정면충돌,중앙선침범,건조,흐림,단일로 - 기타,화물,남,26세,중상,승용,남,64세,경상
2015021500100254,2015년 2월 15일 15시,일요일,전라남도 곡성군 죽곡면,경상사고,0,0,2,0,차대차 - 측면직각충돌,안전운전불이행,습기,비,단일로 - 기타,화물,남,66세,경상,승용,여,32세,경상
2015021500100255,2015년 2월 15일 15시,일요일,전라남도 광양시 진월면,경상사고,0,0,1,0,차량단독 - 기타,안전운전불이행,건조,흐림,단일로 - 기타,이륜,남,80세,경상,,,,
2015021500100285,2015년 2월 15일 16시,일요일,전라남도 순천시 인제동,경상사고,0,0,1,0,차대사람 - 길가장자리구역통행중,안전운전불이행,습기,비,단일로 - 기타,승용,남,46세,상해없음,보행자,남,49세,경상
2015021500100304,2015년 2월 15일 17시,일요일,전라남도 함평군 학교면,경상사고,0,0,1,0,차대차 - 추돌 - 진행중,안전운전불이행,습기,비,단일로 - 기타,승용,남,56세,상해없음,승용,여,42세,경상
2015021500100305,2015년 2월 15일 17시,일요일,전라남도 광양시 태인동,중상사고,0,1,0,0,차대차 - 기타,안전운전불이행,습기,비,교차로 - 교차로부근,승용,남,57세,중상,건설기계,남,48세,상해없음
2015021500100336,2015년 2월 15일 18시,일요일,전라남도 목포시 대성동,경상사고,0,0,2,0,차대차 - 측면직각충돌,안전운전불이행,습기,비,단일로 - 기타,승용,기타불명,기타불명,기타불명,승용,남,38세,경상
2015021500100337,2015년 2월 15일 18시,일요일,전라남도 순천시 조례동,경상사고,0,0,1,0,차대차 - 기타,안전거리미확보,습기,비,교차로 - 교차로부근,승용,여,50세,상해없음,승용,여,37세,경상
2015021500100338,2015년 2월 15일 18시,일요일,전라남도 장흥군 장흥읍,경상사고,0,0,1,0,차대차 - 측면직각충돌,안전운전불이행,습기,비,교차로 - 교차로안,화물,남,53세,상해없음,화물,남,69세,상해없음
2015021500100339,2015년 2월 15일 18시,일요일,전라남도 진도군 군내면,부상신고사고,0,0,0,2,차대차 - 측면직각충돌,안전운전불이행,습기,비,교차로 - 교차로안,화물,남,48세,상해없음,승용,남,53세,부상신고
2015021500100371,2015년 2월 15일 19시,일요일,전라남도 목포시 대안동,경상사고,0,0,3,0,차대차 - 측면직각충돌,안전운전불이행,습기,비,단일로 - 기타,기타불명,기타불명,기타불명,기타불명,승용,남,38세,경상
2015021500100372,2015년 2월 15일 19시,일요일,전라남도 목포시 동명동,경상사고,0,0,1,0,차대사람 - 횡단중,안전운전불이행,건조,맑음,단일로 - 기타,승용,남,32세,상해없음,보행자,여,38세,경상
2015021500100373,2015년 2월 15일 19시,일요일,전라남도 장성군 삼서면,경상사고,0,0,1,0,차대사람 - 차도통행중,안전운전불이행,습기,비,단일로 - 기타,승용,남,38세,상해없음,보행자,남,49세,경상
2015021500100374,2015년 2월 15일 19시,일요일,전라남도 강진군 강진읍,경상사고,0,0,1,0,차대차 - 추돌 - 주정차중,안전운전불이행,건조,맑음,단일로 - 기타,화물,남,44세,상해없음,승용,남,42세,경상
2015021500100401,2015년 2월 15일 20시,일요일,전라남도 순천시 덕암동,경상사고,0,0,2,0,차대차 - 기타,안전운전불이행,건조,맑음,교차로 - 교차로부근,승용,여,53세,상해없음,승용,남,39세,경상
2015021500100402,2015년 2월 15일 20시,일요일,전라남도 광양시 중동,경상사고,0,0,1,0,차대차 - 측면직각충돌,직진우회전진행방해,습기,비,교차로 - 교차로안,승용,남,43세,상해없음,이륜,남,18세,경상
2015021500100431,2015년 2월 15일 21시,일요일,전라남도 목포시 상동,중상사고,0,2,0,0,차대사람 - 횡단중,안전운전불이행,습기,비,단일로 - 기타,승용,남,28세,상해없음,보행자,남,34세,중상
2015021500100432,2015년 2월 15일 21시,일요일,전라남도 목포시 상동,경상사고,0,0,2,0,차대사람 - 횡단중,안전운전불이행,습기,비,교차로 - 교차로부근,승용,남,25세,상해없음,보행자,남,31세,경상
2015021500100433,2015년 2월 15일 21시,일요일,전라남도 무안군 삼향읍,경상사고,0,0,1,0,차대사람 - 횡단중,안전운전불이행,습기,비,기타 - 기타,승용,여,43세,상해없음,보행자,남,38세,경상
2015021500100454,2015년 2월 15일 22시,일요일,전라남도 목포시 대양동,경상사고,0,0,2,0,차대차 - 추돌 - 진행중,안전거리미확보,습기,비,단일로 - 기타,승용,남,53세,상해없음,승용,남,28세,경상
2015021500100455,2015년 2월 15일 22시,일요일,전라남도 여수시 선원동,중상사고,0,1,1,0,차대차 - 측면직각충돌,신호위반,습기,비,교차로 - 교차로안,승용,여,47세,상해없음,승용,남,49세,중상
2015021600100055,2015년 2월 16일 04시,월요일,전라남도 나주시 다도면,중상사고,0,1,0,0,차량단독 - 전도전복,안전운전불이행,습기,비,단일로 - 기타,승합,남,29세,중상,,,,
2015021600100070,2015년 2월 16일 05시,월요일,전라남도 여수시 여서동,중상사고,0,1,0,0,차대사람 - 횡단중,안전운전불이행,습기,비,교차로 - 교차로안,승용,남,64세,상해없음,보행자,남,62세,중상
2015021600100091,2015년 2월 16일 06시,월요일,전라남도 순천시 조곡동,경상사고,0,0,1,0,차대차 - 기타,신호위반,건조,맑음,교차로 - 교차로안,승용,남,30세,상해없음,승용,남,44세,경상
2015021600100115,2015년 2월 16일 07시,월요일,전라남도 화순군 화순읍,경상사고,0,0,1,0,차대차 - 측면직각충돌,신호위반,건조,맑음,교차로 - 교차로안,화물,남,68세,상해없음,승용,남,47세,경상
2015021600100147,2015년 2월 16일 08시,월요일,전라남도 구례군 구례읍,경상사고,0,0,3,0,차대차 - 기타,신호위반,건조,맑음,교차로 - 교차로안,승용,남,51세,상해없음,승용,남,72세,경상
2015021600100181,2015년 2월 16일 09시,월요일,전라남도 여수시 신월동,경상사고,0,0,1,0,차대차 - 추돌 - 주정차중,안전운전불이행,습기,비,기타 - 기타,승용,남,44세,상해없음,승용,여,33세,경상
2015021600100182,2015년 2월 16일 09시,월요일,전라남도 순천시 연향동,경상사고,0,0,1,0,차대사람 - 기타,안전운전불이행,습기,흐림,단일로 - 기타,승용,남,55세,상해없음,보행자,남,22세,경상
2015021600100183,2015년 2월 16일 09시,월요일,전라남도 순천시 승주읍,중상사고,0,2,1,1,차대차 - 기타,안전운전불이행,건조,맑음,단일로 - 기타,화물,남,40세,부상신고,승용,남,64세,중상
2015021600100184,2015년 2월 16일 09시,월요일,전라남도 광양시 중동,경상사고,0,0,3,0,차대차 - 기타,직진우회전진행방해,습기,비,교차로 - 교차로안,승용,남,45세,경상,승용,여,43세,경상
2015021600100215,2015년 2월 16일 10시,월요일,전라남도 강진군 성전면,중상사고,0,1,0,0,차대차 - 측면직각충돌,직진우회전진행방해,습기,비,교차로 - 교차로안,건설기계,남,57세,상해없음,원동기,남,76세,중상
2015021600100248,2015년 2월 16일 11시,월요일,전라남도 순천시 중앙동,부상신고사고,0,0,0,1,차대사람 - 기타,안전운전불이행,습기,비,단일로 - 기타,승합,남,52세,상해없음,보행자,남,77세,부상신고
2015021600100249,2015년 2월 16일 11시,월요일,전라남도 보성군 벌교읍,중상사고,0,1,0,0,차대사람 - 기타,안전운전불이행,습기,맑음,기타 - 기타,승용,여,54세,기타불명,보행자,여,72세,중상
2015021600100250,2015년 2월 16일 11시,월요일,전라남도 무안군 망운면,중상사고,0,1,0,0,차대차 - 측면직각충돌,안전운전불이행,습기,비,단일로 - 기타,원동기,여,70세,중상,화물,남,50세,상해없음
2015021600100268,2015년 2월 16일 12시,월요일,전라남도 해남군 화산면,경상사고,0,0,1,0,차량단독 - 기타,안전운전불이행,습기,비,단일로 - 기타,화물,남,59세,경상,,,,
2015021600100298,2015년 2월 16일 13시,월요일,전라남도 여수시 주삼동,경상사고,0,0,1,0,차대차 - 측면직각충돌,안전운전불이행,건조,맑음,단일로 - 기타,승합,남,18세,상해없음,화물,남,49세,경상
2015021600100299,2015년 2월 16일 13시,월요일,전라남도 화순군 화순읍,경상사고,0,0,1,0,차대차 - 기타,직진우회전진행방해,습기,기타,교차로 - 교차로안,이륜,남,51세,상해없음,승용,여,51세,경상
2015021600100328,2015년 2월 16일 14시,월요일,전라남도 순천시 가곡동,경상사고,0,0,1,0,차대차 - 추돌 - 주정차중,안전운전불이행,습기,비,교차로 - 교차로부근,화물,남,62세,상해없음,승용,남,63세,경상
2015021600100329,2015년 2월 16일 14시,월요일,전라남도 함평군 학교면,중상사고,0,1,0,0,차대차 - 측면직각충돌,중앙선침범,습기,비,교차로 - 교차로부근,자전거,남,66세,중상,특수,남,45세,상해없음
2015021600100330,2015년 2월 16일 14시,월요일,전라남도 강진군 강진읍,중상사고,0,1,0,0,차대차 - 측면직각충돌,직진우회전진행방해,습기,비,교차로 - 교차로안,승용,남,45세,상해없음,원동기,여,64세,중상
2015021600100362,2015년 2월 16일 15시,월요일,전라남도 영광군 영광읍,경상사고,0,0,1,0,차대사람 - 길가장자리구역통행중,안전운전불이행,습기,흐림,교차로 - 교차로안,승용,여,50세,상해없음,보행자,남,73세,경상
2015021600100363,2015년 2월 16일 15시,월요일,전라남도 무안군 삼향읍,중상사고,0,1,0,0,차대차 - 측면직각충돌,안전운전불이행,습기,비,교차로 - 교차로안,승용,남,56세,상해없음,화물,남,69세,상해없음
2015021600100390,2015년 2월 16일 16시,월요일,전라남도 목포시 용해동,경상사고,0,0,1,0,차대차 - 측면직각충돌,신호위반,습기,비,교차로 - 교차로부근,화물,남,60세,기타불명,승용,여,39세,경상
2015021600100391,2015년 2월 16일 16시,월요일,전라남도 신안군 자은면,중상사고,0,1,0,0,차량단독 - 공작물충돌,안전운전불이행,건조,맑음,단일로 - 기타,원동기,남,72세,중상,,,,
2015021600100480,2015년 2월 16일 18시,월요일,전라남도 목포시 상동,경상사고,0,0,1,0,차대차 - 기타,안전거리미확보,건조,맑음,단일로 - 기타,승용,여,50세,상해없음,승용,남,55세,경상
2015021600100481,2015년 2월 16일 18시,월요일,전라남도 여수시 돌산읍,경상사고,0,0,1,0,차대차 - 측면직각충돌,안전운전불이행,건조,맑음,교차로 - 교차로부근,화물,남,58세,상해없음,승합,여,55세,경상
2015021600100482,2015년 2월 16일 18시,월요일,전라남도 순천시 서면,부상신고사고,0,0,0,1,차대차 - 추돌 - 주정차중,안전운전불이행,습기,비,단일로 - 기타,승용,남,59세,부상신고,화물,남,30세,상해없음
2015021600100483,2015년 2월 16일 18시,월요일,전라남도 나주시 대호동,경상사고,0,0,2,0,차대차 - 기타,안전운전불이행,건조,맑음,교차로 - 교차로안,기타불명,기타불명,40세,기타불명,승용,남,36세,경상
2015021600100540,2015년 2월 16일 19시,월요일,전라남도 목포시 상동,중상사고,0,1,5,0,차대차 - 추돌 - 주정차중,안전운전불이행,건조,맑음,단일로 - 기타,승용,남,58세,상해없음,승용,남,46세,경상
2015021600100541,2015년 2월 16일 19시,월요일,전라남도 목포시 용해동,경상사고,0,0,1,0,차대사람 - 횡단중,안전거리미확보,건조,맑음,단일로 - 기타,승용,여,66세,상해없음,보행자,남,37세,경상
2015021600100542,2015년 2월 16일 19시,월요일,전라남도 순천시 연향동,경상사고,0,0,2,0,차대차 - 추돌 - 주정차중,안전거리미확보,습기,비,단일로 - 기타,화물,남,70세,상해없음,승용,남,44세,경상
2015021600100619,2015년 2월 16일 21시,월요일,전라남도 순천시 저전동,중상사고,0,1,2,0,차대차 - 측면직각충돌,신호위반,건조,맑음,교차로 - 교차로안,승용,남,37세,상해없음,승용,남,39세,중상
2015021600100620,2015년 2월 16일 21시,월요일,전라남도 순천시 덕월동,경상사고,0,0,1,0,차대차 - 기타,안전운전불이행,건조,맑음,단일로 - 기타,승용,남,50세,상해없음,승용,남,55세,경상
2015021600100621,2015년 2월 16일 21시,월요일,전라남도 완도군 완도읍,중상사고,0,1,0,0,차대차 - 추돌 - 진행중,안전운전불이행,건조,맑음,단일로 - 기타,승용,남,27세,상해없음,원동기,남,16세,중상
2015021600100696,2015년 2월 16일 23시,월요일,전라남도 목포시 산정동,경상사고,0,0,1,0,차대차 - 추돌 - 주정차중,안전운전불이행,건조,맑음,단일로 - 기타,승용,남,48세,기타불명,화물,남,29세,경상
2015021600100697,2015년 2월 16일 23시,월요일,전라남도 순천시 황전면,중상사고,0,2,1,0,차량단독 - 공작물충돌,안전운전불이행,건조,맑음,교차로 - 교차로부근,승용,남,43세,중상,,,,
2015021600100698,2015년 2월 16일 23시,월요일,전라남도 순천시 연향동,경상사고,0,0,1,0,차대차 - 기타,안전운전불이행,건조,맑음,교차로 - 교차로안,원동기,남,17세,경상,승용,남,34세,상해없음
2015021600100699,2015년 2월 16일 23시,월요일,전라남도 무안군 일로읍,중상사고,0,1,0,0,차대사람 - 길가장자리구역통행중,안전운전불이행,습기,비,단일로 - 기타,화물,남,37세,상해없음,보행자,남,64세,중상
2015021700100019,2015년 2월 17일 00시,화요일,전라남도 순천시 조례동,경상사고,0,0,1,0,차대사람 - 차도통행중,교차로운행방법위반,건조,맑음,교차로 - 교차로안,승용,남,55세,상해없음,보행자,남,19세,경상
2015021700100044,2015년 2월 17일 01시,화요일,전라남도 순천시 해룡면,중상사고,0,1,0,0,차량단독 - 기타,안전운전불이행,건조,맑음,교차로 - 교차로안,승용,남,57세,중상,,,,
2015021700100056,2015년 2월 17일 02시,화요일,전라남도 화순군 이양면,경상사고,0,0,1,0,차량단독 - 공작물충돌,안전운전불이행,습기,맑음,단일로 - 기타,승용,남,23세,기타불명,,,,
2015021700100075,2015년 2월 17일 04시,화요일,전라남도 순천시 해룡면,경상사고,0,0,1,0,차량단독 - 전도전복,안전운전불이행,건조,맑음,단일로 - 기타,승용,남,35세,경상,,,,
2015021700100173,2015년 2월 17일 09시,화요일,전라남도 목포시 용해동,경상사고,0,0,2,0,차대차 - 측면직각충돌,신호위반,건조,맑음,교차로 - 교차로안,화물,남,75세,경상,승용,여,44세,경상
2015021700100174,2015년 2월 17일 09시,화요일,전라남도 고흥군 도양읍,경상사고,0,0,1,0,차대사람 - 기타,안전운전불이행,건조,맑음,단일로 - 기타,화물,남,58세,상해없음,보행자,여,79세,경상
2015021700100175,2015년 2월 17일 09시,화요일,전라남도 강진군 군동면,사망사고,1,0,1,0,차대차 - 측면직각충돌,과속,건조,맑음,교차로 - 교차로안,승용,남,56세,경상,화물,남,64세,사망
2015021700100211,2015년 2월 17일 10시,화요일,전라남도 해남군 문내면,중상사고,0,1,0,0,차대차 - 기타,교차로운행방법위반,기타,맑음,교차로 - 교차로안,이륜,남,73세,중상,승용,남,57세,상해없음
2015021700100244,2015년 2월 17일 11시,화요일,전라남도 목포시 호남동,경상사고,0,0,1,0,차대사람 - 기타,안전운전불이행,건조,맑음,단일로 - 기타,승용,남,24세,상해없음,보행자,여,67세,경상