사고번호,사고일시,요일,시군구,사고내용,사망자수,중상자수,경상자수,부상신고자수,사고유형,법규위반,노면상태,기상상태,도로형태,가해운전자 차종,가해운전자 성별,가해운전자 연령,가해운전자 상해정도,피해운전자 차종,피해운전자 성별,피해운전자 연령,피해운전자 상해정도
2015021700100245,2015년 2월 17일 11시,화요일,전라남도 목포시 죽교동,경상사고,0,0,2,0,차대차 - 기타,안전운전불이행,건조,맑음,단일로 - 기타,승용,여,28세,상해없음,승합,남,45세,경상
2015021700100247,2015년 2월 17일 11시,화요일,전라남도 여수시 둔덕동,경상사고,0,0,2,0,차대차 - 추돌 - 주정차중,안전운전불이행,건조,맑음,단일로 - 기타,승용,여,24세,경상,승용,남,33세,상해없음
2015021700100248,2015년 2월 17일 11시,화요일,전라남도 해남군 화원면,경상사고,0,0,3,0,차대차 - 기타,교차로운행방법위반,건조,맑음,교차로 - 교차로안,승용,여,61세,상해없음,승용,남,54세,경상
2015021700100283,2015년 2월 17일 12시,화요일,전라남도 영광군 백수읍,중상사고,0,1,0,0,차대차 - 측면직각충돌,안전운전불이행,건조,맑음,교차로 - 교차로안,화물,남,35세,상해없음,승용,남,36세,중상
2015021700100352,2015년 2월 17일 14시,화요일,전라남도 광양시 중동,중상사고,0,1,0,0,차대차 - 기타,직진우회전진행방해,건조,맑음,교차로 - 교차로안,승용,남,70세,상해없음,이륜,남,40세,중상
2015021700100392,2015년 2월 17일 15시,화요일,전라남도 순천시 연향동,경상사고,0,0,3,0,차대차 - 기타,안전운전불이행,건조,맑음,교차로 - 교차로부근,승용,남,59세,상해없음,승용,남,55세,경상
2015021700100393,2015년 2월 17일 15시,화요일,전라남도 장흥군 장흥읍,경상사고,0,0,3,0,차대차 - 측면직각충돌,안전운전불이행,건조,맑음,단일로 - 기타,화물,남,62세,상해없음,승용,남,54세,경상
2015021700100394,2015년 2월 17일 15시,화요일,전라남도 광양시 광양읍,중상사고,0,1,1,0,차대차 - 기타,직진우회전진행방해,건조,맑음,교차로 - 교차로안,승용,여,57세,중상,승용,남,21세,경상
2015021700100456,2015년 2월 17일 17시,화요일,전라남도 목포시 남교동,경상사고,0,0,1,0,차대차 - 측면직각충돌,안전운전불이행,건조,맑음,단일로 - 기타,기타불명,기타불명,기타불명,기타불명,승용,남,44세,경상
2015021700100457,2015년 2월 17일 17시,화요일,전라남도 순천시 연향동,경상사고,0,0,2,0,차대차 - 추돌 - 주정차중,안전운전불이행,건조,맑음,단일로 - 기타,승용,여,58세,상해없음,승용,여,34세,경상
2015021700100495,2015년 2월 17일 18시,화요일,전라남도 순천시 연향동,중상사고,0,1,1,0,차대사람 - 횡단중,안전운전불이행,건조,맑음,단일로 - 기타,승용,남,58세,상해없음,보행자,여,53세,중상
2015021700100496,2015년 2월 17일 18시,화요일,전라남도 광양시 광양읍,경상사고,0,0,1,0,차대차 - 기타,안전운전불이행,건조,맑음,교차로 - 교차로안,기타불명,기타불명,기타불명,기타불명,원동기,남,34세,경상
2015021700100541,2015년 2월 17일 19시,화요일,전라남도 해남군 해남읍,경상사고,0,0,1,0,차대차 - 측면직각충돌,중앙선침범,건조,맑음,기타 - 기타,승용,남,49세,상해없음,승용,남,54세,상해없음
2015021700100580,2015년 2월 17일 20시,화요일,전라남도 순천시 가곡동,중상사고,0,1,2,0,차대차 - 기타,안전운전불이행,건조,맑음,교차로 - 교차로부근,승용,남,40세,경상,승용,남,26세,경상
2015021700100581,2015년 2월 17일 20시,화요일,전라남도 영암군 덕진면,경상사고,0,0,4,0,차대차 - 추돌 - 진행중,안전운전불이행,건조,맑음,교차로 - 교차로부근,화물,남,51세,상해없음,승용,남,63세,경상
2015021700100582,2015년 2월 17일 20시,화요일,전라남도 광양시 광양읍,경상사고,0,0,1,0,차대차 - 기타,안전운전불이행,건조,맑음,단일로 - 기타,승용,남,54세,상해없음,승용,여,49세,기타불명
2015021700100613,2015년 2월 17일 21시,화요일,전라남도 목포시 상동,경상사고,0,0,2,0,차대사람 - 기타,보행자보호의무위반,건조,맑음,단일로 - 기타,원동기,남,21세,경상,보행자,남,36세,경상
2015021700100614,2015년 2월 17일 21시,화요일,전라남도 여수시 화장동,경상사고,0,0,3,0,차대차 - 추돌 - 주정차중,안전운전불이행,건조,맑음,교차로 - 교차로부근,승용,남,46세,상해없음,승용,여,27세,경상
2015021700100668,2015년 2월 17일 23시,화요일,전라남도 목포시 동명동,중상사고,0,1,0,0,차대차 - 측면직각충돌,직진우회전진행방해,건조,맑음,교차로 - 교차로안,승용,남,18세,상해없음,승용,남,60세,상해없음
2015021700100669,2015년 2월 17일 23시,화요일,전라남도 순천시 가곡동,중상사고,0,1,2,0,차대차 - 기타,신호위반,건조,맑음,교차로 - 교차로안,승용,여,26세,상해없음,승용,여,27세,경상
2015021800100013,2015년 2월 18일 00시,수요일,전라남도 고흥군 고흥읍,중상사고,0,1,0,0,차대사람 - 기타,안전운전불이행,건조,맑음,단일로 - 기타,승용,남,44세,상해없음,보행자,여,55세,중상
2015021800100152,2015년 2월 18일 11시,수요일,전라남도 장흥군 장흥읍,경상사고,0,0,3,0,차대차 - 측면직각충돌,교차로운행방법위반,건조,맑음,교차로 - 교차로안,승용,남,48세,상해없음,승용,남,42세,경상
2015021800100180,2015년 2월 18일 12시,수요일,전라남도 해남군 해남읍,경상사고,0,0,1,0,차대차 - 추돌 - 진행중,안전거리미확보,건조,맑음,단일로 - 기타,화물,남,27세,상해없음,승용,여,57세,경상
2015021800100201,2015년 2월 18일 13시,수요일,전라남도 여수시 학동,경상사고,0,0,1,0,차대차 - 측면직각충돌,안전운전불이행,건조,맑음,교차로 - 교차로부근,화물,남,71세,상해없음,승용,남,53세,경상
2015021800100202,2015년 2월 18일 13시,수요일,전라남도 순천시 남정동,경상사고,0,0,2,0,차대차 - 기타,안전운전불이행,건조,맑음,교차로 - 교차로안,승용,여,60세,상해없음,승용,남,29세,경상
2015021800100203,2015년 2월 18일 13시,수요일,전라남도 함평군 함평읍,경상사고,0,0,5,0,차대차 - 측면직각충돌,교차로운행방법위반,건조,맑음,교차로 - 교차로부근,승용,남,42세,상해없음,승용,남,37세,경상
2015021800100247,2015년 2월 18일 16시,수요일,전라남도 순천시 장천동,경상사고,0,0,1,0,차대차 - 기타,안전운전불이행,건조,맑음,교차로 - 교차로안,승합,남,57세,상해없음,승용,남,59세,상해없음
2015021800100248,2015년 2월 18일 16시,수요일,전라남도 보성군 벌교읍,경상사고,0,0,1,0,차대차 - 측면직각충돌,안전운전불이행,건조,흐림,단일로 - 기타,승용,남,69세,경상,승용,남,27세,상해없음
2015021800100262,2015년 2월 18일 17시,수요일,전라남도 무안군 일로읍,경상사고,0,0,3,0,차대차 - 정면충돌,안전운전불이행,건조,맑음,단일로 - 기타,승합,남,49세,상해없음,승용,남,64세,경상
2015021800100283,2015년 2월 18일 18시,수요일,전라남도 순천시 중앙동,중상사고,0,1,5,0,차대차 - 기타,중앙선침범,건조,맑음,단일로 - 기타,승용,남,69세,상해없음,승용,남,34세,경상
2015021800100308,2015년 2월 18일 19시,수요일,전라남도 해남군 산이면,부상신고사고,0,0,0,1,차대차 - 측면직각충돌,중앙선침범,건조,맑음,단일로 - 기타,승용,남,36세,상해없음,승용,남,35세,부상신고
2015021800100330,2015년 2월 18일 20시,수요일,전라남도 장흥군 관산읍,중상사고,0,2,0,0,차대차 - 측면직각충돌,안전운전불이행,건조,맑음,단일로 - 기타,승용,남,48세,상해없음,승용,남,67세,중상
2015021800100353,2015년 2월 18일 21시,수요일,전라남도 무안군 삼향읍,경상사고,0,0,1,0,차대차 - 측면직각충돌,안전운전불이행,건조,맑음,교차로 - 교차로부근,승용,남,60세,상해없음,승용,남,54세,경상
2015021900100013,2015년 2월 19일 00시,목요일,전라남도 장흥군 장흥읍,경상사고,0,0,4,0,차대차 - 측면직각충돌,안전운전불이행,건조,맑음,기타 - 기타,승용,여,44세,상해없음,승용,여,48세,경상
2015021900100027,2015년 2월 19일 01시,목요일,전라남도 광양시 진월면,사망사고,1,0,0,0,차대차 - 추돌 - 주정차중,안전운전불이행,건조,맑음,단일로 - 기타,승용,남,31세,사망,화물,남,50세,기타불명
2015021900100070,2015년 2월 19일 08시,목요일,전라남도 무안군 청계면,경상사고,0,0,2,0,차대차 - 측면직각충돌,안전운전불이행,건조,맑음,교차로 - 교차로안,이륜,남,47세,경상,승용,여,32세,경상
2015021900100078,2015년 2월 19일 09시,목요일,전라남도 보성군 벌교읍,중상사고,0,1,0,0,차량단독 - 전도전복,안전운전불이행,건조,맑음,기타 - 기타,원동기,여,37세,상해없음,,,,
2015021900100079,2015년 2월 19일 09시,목요일,전라남도 영암군 덕진면,경상사고,0,0,4,0,차대차 - 추돌 - 주정차중,안전운전불이행,건조,맑음,교차로 - 교차로부근,승용,남,58세,상해없음,승용,남,27세,경상
2015021900100092,2015년 2월 19일 10시,목요일,전라남도 순천시 서면,중상사고,0,2,3,0,차대차 - 측면직각충돌,교차로운행방법위반,건조,맑음,교차로 - 교차로부근,승용,남,32세,상해없음,승용,남,26세,중상
2015021900100093,2015년 2월 19일 10시,목요일,전라남도 담양군 월산면,중상사고,0,1,1,0,차대차 - 기타,신호위반,건조,맑음,교차로 - 교차로안,화물,남,58세,중상,승합,남,55세,경상
2015021900100108,2015년 2월 19일 11시,목요일,전라남도 나주시 영산동,중상사고,0,1,0,0,차대사람 - 기타,안전운전불이행,건조,맑음,단일로 - 기타,승용,여,19세,상해없음,보행자,여,40세,중상
2015021900100155,2015년 2월 19일 13시,목요일,전라남도 나주시 대호동,경상사고,0,0,1,0,차대사람 - 기타,안전운전불이행,건조,맑음,교차로 - 교차로안,승합,남,48세,상해없음,보행자,남,63세,경상
2015021900100156,2015년 2월 19일 13시,목요일,전라남도 해남군 산이면,경상사고,0,0,2,0,차대차 - 측면직각충돌,신호위반,건조,맑음,단일로 - 기타,승용,남,29세,경상,승합,남,47세,경상
2015021900100174,2015년 2월 19일 14시,목요일,전라남도 순천시 해룡면,경상사고,0,0,2,0,차대차 - 추돌 - 진행중,안전운전불이행,건조,맑음,단일로 - 기타,승용,남,34세,상해없음,승용,여,35세,상해없음
2015021900100197,2015년 2월 19일 15시,목요일,전라남도 목포시 용해동,경상사고,0,0,6,0,차대차 - 추돌 - 진행중,안전운전불이행,건조,맑음,교차로 - 교차로부근,승용,남,61세,상해없음,승용,남,51세,경상
2015021900100198,2015년 2월 19일 15시,목요일,전라남도 고흥군 도양읍,경상사고,0,0,1,0,차대사람 - 기타,안전운전불이행,건조,맑음,단일로 - 기타,승용,여,23세,상해없음,보행자,여,46세,경상
2015021900100199,2015년 2월 19일 15시,목요일,전라남도 보성군 벌교읍,중상사고,0,2,5,0,차대차 - 정면충돌,안전운전불이행,건조,맑음,교차로 - 교차로안,승용,여,56세,중상,승용,남,22세,경상
2015021900100200,2015년 2월 19일 15시,목요일,전라남도 화순군 화순읍,경상사고,0,0,3,0,차대차 - 추돌 - 진행중,교차로운행방법위반,건조,맑음,교차로 - 교차로안,승용,남,34세,상해없음,승용,남,32세,경상
2015021900100201,2015년 2월 19일 15시,목요일,전라남도 무안군 삼향읍,경상사고,0,0,6,0,차대차 - 정면충돌,안전운전불이행,건조,맑음,교차로 - 교차로안,승용,남,33세,상해없음,승용,남,56세,경상
2015021900100225,2015년 2월 19일 16시,목요일,전라남도 목포시 상동,중상사고,0,1,2,0,차대차 - 정면충돌,안전운전불이행,건조,맑음,교차로 - 교차로안,승용,남,59세,경상,승용,남,46세,경상
2015021900100237,2015년 2월 19일 17시,목요일,전라남도 고흥군 대서면,경상사고,0,0,1,0,차대차 - 기타,안전운전불이행,건조,맑음,교차로 - 교차로안,승용,남,50세,상해없음,승용,남,28세,경상
2015021900100260,2015년 2월 19일 18시,목요일,전라남도 순천시 조곡동,경상사고,0,0,1,0,차대차 - 추돌 - 주정차중,안전운전불이행,건조,맑음,단일로 - 기타,승용,여,40세,상해없음,승용,남,47세,경상
2015021900100261,2015년 2월 19일 18시,목요일,전라남도 고흥군 고흥읍,경상사고,0,0,5,0,차대차 - 추돌 - 진행중,안전거리미확보,건조,맑음,단일로 - 기타,승용,남,58세,상해없음,승용,남,26세,경상
2015021900100262,2015년 2월 19일 18시,목요일,전라남도 무안군 현경면,중상사고,0,2,2,0,차대차 - 정면충돌,중앙선침범,건조,맑음,단일로 - 기타,승용,남,23세,중상,승합,남,34세,경상
2015021900100277,2015년 2월 19일 19시,목요일,전라남도 함평군 함평읍,경상사고,0,0,3,0,차대사람 - 기타,안전운전불이행,건조,맑음,단일로 - 기타,화물,남,39세,상해없음,보행자,남,66세,경상
2015021900100278,2015년 2월 19일 19시,목요일,전라남도 영암군 삼호읍,경상사고,0,0,3,0,차대차 - 추돌 - 진행중,신호위반,건조,맑음,교차로 - 교차로안,승용,남,25세,상해없음,승용,여,43세,경상
2015021900100297,2015년 2월 19일 20시,목요일,전라남도 목포시 죽교동,경상사고,0,0,1,0,차대차 - 추돌 - 주정차중,안전운전불이행,건조,맑음,단일로 - 교량,승용,여,44세,경상,화물,남,39세,상해없음
2015021900100298,2015년 2월 19일 20시,목요일,전라남도 여수시 신기동,경상사고,0,0,1,0,차대사람 - 횡단중,안전운전불이행,건조,맑음,단일로 - 횡단보도상,승용,여,41세,상해없음,보행자,남,18세,경상
2015021900100315,2015년 2월 19일 21시,목요일,전라남도 무안군 청계면,사망사고,1,0,0,0,차대사람 - 기타,안전운전불이행,건조,맑음,교차로 - 교차로안,화물,남,61세,상해없음,보행자,남,39세,사망
2015021900100344,2015년 2월 19일 23시,목요일,전라남도 광양시 광양읍,경상사고,0,0,1,0,차대차 - 측면직각충돌,안전운전불이행,건조,맑음,교차로 - 교차로부근,화물,남,60세,상해없음,승용,여,32세,경상
2015022000100009,2015년 2월 20일 00시,금요일,전라남도 순천시 장천동,중상사고,0,1,0,0,차대차 - 측면직각충돌,신호위반,건조,맑음,교차로 - 교차로안,승용,남,42세,상해없음,승용,여,45세,중상
2015022000100022,2015년 2월 20일 01시,금요일,전라남도 순천시 해룡면,경상사고,0,0,1,0,차대차 - 측면직각충돌,안전운전불이행,건조,맑음,단일로 - 기타,승용,여,53세,상해없음,이륜,남,22세,경상
2015022000100041,2015년 2월 20일 04시,금요일,전라남도 나주시 영산동,부상신고사고,0,0,0,1,차대차 - 측면직각충돌,안전운전불이행,건조,맑음,단일로 - 기타,승용,남,29세,부상신고,승용,남,43세,기타불명
2015022000100058,2015년 2월 20일 06시,금요일,전라남도 목포시 산정동,중상사고,0,2,2,0,차대차 - 추돌 - 주정차중,안전운전불이행,건조,맑음,교차로 - 교차로부근,승용,남,22세,경상,화물,남,42세,상해없음
2015022000100072,2015년 2월 20일 08시,금요일,전라남도 고흥군 동강면,경상사고,0,0,2,0,차대차 - 기타,중앙선침범,건조,맑음,단일로 - 기타,화물,남,64세,상해없음,승용,남,29세,경상
2015022000100075,2015년 2월 20일 09시,금요일,전라남도 여수시 봉계동,경상사고,0,0,4,0,차대차 - 측면직각충돌,중앙선침범,건조,맑음,기타 - 기타,승용,여,71세,상해없음,승용,여,33세,경상
2015022000100100,2015년 2월 20일 11시,금요일,전라남도 곡성군 목사동면,경상사고,0,0,1,0,차대사람 - 횡단중,안전운전불이행,건조,맑음,단일로 - 기타,화물,남,54세,상해없음,보행자,남,4세,경상
2015022000100116,2015년 2월 20일 12시,금요일,전라남도 순천시 해룡면,중상사고,0,4,0,0,차대차 - 기타,안전운전불이행,건조,맑음,교차로 - 교차로안,승용,여,30세,상해없음,승용,남,46세,중상
2015022000100117,2015년 2월 20일 12시,금요일,전라남도 담양군 담양읍,경상사고,0,0,5,0,차대차 - 측면직각충돌,신호위반,건조,맑음,교차로 - 교차로안,승용,남,52세,상해없음,승용,남,37세,경상
2015022000100118,2015년 2월 20일 12시,금요일,전라남도 완도군 고금면,경상사고,0,0,2,0,차대차 - 정면충돌,중앙선침범,건조,맑음,단일로 - 기타,승합,남,58세,상해없음,화물,남,44세,경상
2015022000100135,2015년 2월 20일 13시,금요일,전라남도 무안군 무안읍,경상사고,0,0,3,0,차대차 - 추돌 - 주정차중,안전운전불이행,건조,맑음,단일로 - 기타,승용,남,26세,상해없음,승용,남,35세,상해없음
2015022000100136,2015년 2월 20일 13시,금요일,전라남도 구례군 광의면,경상사고,0,0,1,0,차량단독 - 기타,안전운전불이행,기타,맑음,단일로 - 기타,승용,남,46세,상해없음,,,,
2015022000100177,2015년 2월 20일 15시,금요일,전라남도 해남군 마산면,경상사고,0,0,1,0,차대차 - 기타,신호위반,건조,맑음,교차로 - 교차로안,승용,남,22세,상해없음,승용,남,51세,경상
2015022000100178,2015년 2월 20일 15시,금요일,전라남도 영암군 삼호읍,중상사고,0,1,4,0,차대차 - 추돌 - 진행중,안전운전불이행,건조,맑음,교차로 - 교차로부근,승용,남,50세,경상,화물,남,42세,경상
2015022000100204,2015년 2월 20일 16시,금요일,전라남도 목포시 죽교동,중상사고,0,1,4,0,차대차 - 기타,직진우회전진행방해,건조,맑음,교차로 - 교차로안,승합,남,60세,상해없음,승용,남,55세,중상
2015022000100205,2015년 2월 20일 16시,금요일,전라남도 목포시 옥암동,경상사고,0,0,3,0,차대차 - 추돌 - 주정차중,안전운전불이행,건조,맑음,교차로 - 교차로부근,승용,남,42세,상해없음,승용,남,39세,경상
2015022000100206,2015년 2월 20일 16시,금요일,전라남도 순천시 덕월동,경상사고,0,0,2,0,차대차 - 기타,직진우회전진행방해,건조,맑음,교차로 - 교차로안,승용,남,62세,상해없음,화물,남,49세,상해없음
2015022000100207,2015년 2월 20일 16시,금요일,전라남도 진도군 임회면,중상사고,0,1,0,0,차대사람 - 길가장자리구역통행중,안전운전불이행,건조,맑음,단일로 - 기타,화물,남,53세,상해없음,보행자,여,50세,중상
2015022000100226,2015년 2월 20일 17시,금요일,전라남도 보성군 미력면,경상사고,0,0,3,0,차대차 - 추돌 - 주정차중,안전운전불이행,건조,맑음,단일로 - 기타,승용,남,39세,상해없음,승용,남,36세,경상
2015022000100254,2015년 2월 20일 18시,금요일,전라남도 여수시 학동,경상사고,0,0,3,0,차대차 - 추돌 - 진행중,안전운전불이행,건조,맑음,단일로 - 기타,승용,남,59세,상해없음,승용,여,48세,경상
2015022000100294,2015년 2월 20일 20시,금요일,전라남도 영암군 삼호읍,경상사고,0,0,1,1,차대차 - 측면직각충돌,안전운전불이행,건조,맑음,단일로 - 기타,승용,남,37세,상해없음,이륜,여,31세,경상
2015022000100295,2015년 2월 20일 20시,금요일,전라남도 완도군 소안면,중상사고,0,1,0,0,차량단독 - 도로외이탈 - 추락,안전운전불이행,건조,맑음,단일로 - 기타,화물,남,54세,중상,,,,
2015022000100308,2015년 2월 20일 21시,금요일,전라남도 순천시 연향동,경상사고,0,0,1,0,차대차 - 기타,신호위반,건조,맑음,교차로 - 교차로안,승용,남,21세,상해없음,이륜,남,18세,경상
2015022000100309,2015년 2월 20일 21시,금요일,전라남도 순천시 석현동,경상사고,0,0,1,0,차대차 - 기타,안전운전불이행,건조,맑음,교차로 - 교차로부근,승용,남,58세,상해없음,승용,남,30세,경상
2015022000100357,2015년 2월 20일 23시,금요일,전라남도 여수시 여서동,경상사고,0,0,1,0,차대차 - 추돌 - 진행중,중앙선침범,건조,기타,기타 - 기타,승용,남,47세,상해없음,승용,여,35세,경상
2015022100100097,2015년 2월 21일 09시,토요일,전라남도 보성군 회천면,중상사고,0,2,4,0,차대차 - 측면직각충돌,직진우회전진행방해,습기,비,교차로 - 교차로안,화물,남,22세,중상,승합,남,45세,상해없음
2015022100100115,2015년 2월 21일 10시,토요일,전라남도 보성군 조성면,경상사고,0,0,1,0,차대차 - 기타,직진우회전진행방해,습기,비,교차로 - 교차로안,승용,남,27세,상해없음,승용,남,30세,경상
2015022100100116,2015년 2월 21일 10시,토요일,전라남도 담양군 고서면,중상사고,0,1,0,0,차량단독 - 공작물충돌,안전운전불이행,습기,비,단일로 - 기타,승합,남,19세,중상,,,,
2015022100100170,2015년 2월 21일 13시,토요일,전라남도 목포시 상동,중상사고,0,1,1,0,차대차 - 측면직각충돌,신호위반,건조,맑음,단일로 - 기타,승용,여,55세,상해없음,승용,남,32세,경상
2015022100100227,2015년 2월 21일 15시,토요일,전라남도 고흥군 도양읍,경상사고,0,0,1,0,차대차 - 측면직각충돌,교차로운행방법위반,습기,비,교차로 - 교차로안,승용,남,46세,상해없음,승용,남,18세,경상
2015022100100293,2015년 2월 21일 18시,토요일,전라남도 목포시 산정동,경상사고,0,0,1,0,차대차 - 측면직각충돌,안전운전불이행,건조,맑음,단일로 - 기타,승용,남,33세,상해없음,승용,남,34세,경상
2015022100100327,2015년 2월 21일 19시,토요일,전라남도 목포시 대성동,경상사고,0,0,1,0,차대차 - 측면직각충돌,안전운전불이행,건조,맑음,단일로 - 기타,승용,여,35세,상해없음,승용,남,42세,상해없음
2015022100100328,2015년 2월 21일 19시,토요일,전라남도 여수시 여서동,경상사고,0,0,1,0,차대차 - 측면직각충돌,직진우회전진행방해,건조,맑음,교차로 - 교차로안,승용,여,35세,상해없음,승용,남,30세,경상
2015022100100329,2015년 2월 21일 19시,토요일,전라남도 구례군 토지면,부상신고사고,0,0,0,1,차량단독 - 기타,안전운전불이행,습기,비,단일로 - 기타,화물,남,21세,부상신고,,,,
2015022100100404,2015년 2월 21일 21시,토요일,전라남도 순천시 가곡동,경상사고,0,0,1,0,차대사람 - 횡단중,안전운전불이행,습기,비,단일로 - 기타,원동기,남,32세,상해없음,보행자,남,49세,경상
2015022100100436,2015년 2월 21일 22시,토요일,전라남도 영광군 영광읍,경상사고,0,0,5,0,차대차 - 측면직각충돌,신호위반,습기,비,교차로 - 교차로안,승용,남,69세,상해없음,승용,남,34세,경상
2015022100100467,2015년 2월 21일 23시,토요일,전라남도 여수시 화양면,중상사고,0,1,0,0,차대사람 - 횡단중,안전운전불이행,건조,맑음,단일로 - 기타,승용,남,18세,상해없음,보행자,여,25세,중상
2015022100100468,2015년 2월 21일 23시,토요일,전라남도 나주시 남평읍,사망사고,1,0,0,0,차대사람 - 차도통행중,안전운전불이행,건조,맑음,단일로 - 기타,승용,남,20세,상해없음,보행자,여,68세,사망
2015022200100023,2015년 2월 22일 00시,일요일,전라남도 목포시 석현동,경상사고,0,0,1,0,차대차 - 측면직각충돌,신호위반,건조,맑음,단일로 - 기타,승용,남,22세,상해없음,승용,남,50세,경상
2015022200100041,2015년 2월 22일 01시,일요일,전라남도 순천시 연향동,경상사고,0,0,2,0,차대차 - 측면직각충돌,신호위반,습기,비,교차로 - 교차로안,승용,남,24세,상해없음,승용,남,59세,경상
2015022200100089,2015년 2월 22일 05시,일요일,전라남도 여수시 문수동,경상사고,0,0,1,0,차대사람 - 길가장자리구역통행중,안전운전불이행,습기,흐림,단일로 - 기타,승합,남,53세,상해없음,보행자,남,25세,경상
2015022200100101,2015년 2월 22일 06시,일요일,전라남도 영암군 삼호읍,중상사고,0,1,0,0,차대사람 - 횡단중,안전운전불이행,건조,맑음,단일로 - 기타,승용,남,41세,상해없음,보행자,남,42세,중상
2015022200100116,2015년 2월 22일 08시,일요일,전라남도 여수시 신기동,경상사고,0,0,1,0,차대차 - 추돌 - 진행중,차로위반,건조,맑음,교차로 - 교차로부근,승용,여,51세,상해없음,승용,여,65세,경상
2015022200100126,2015년 2월 22일 09시,일요일,전라남도 담양군 무정면,경상사고,0,0,2,0,차대차 - 기타,안전운전불이행,건조,맑음,단일로 - 기타,이륜,남,52세,경상,화물,남,59세,경상
2015022200100127,2015년 2월 22일 09시,일요일,전라남도 구례군 구례읍,경상사고,0,0,5,0,차대차 - 기타,신호위반,건조,맑음,교차로 - 교차로안,승용,남,75세,상해없음,승용,남,42세,경상
2015022200100137,2015년 2월 22일 10시,일요일,전라남도 여수시 소라면,경상사고,0,0,1,0,차대사람 - 횡단중,안전운전불이행,건조,맑음,단일로 - 기타,승용,여,53세,상해없음,보행자,남,12세,경상
2015022200100138,2015년 2월 22일 10시,일요일,전라남도 여수시 봉강동,경상사고,0,0,1,0,차대사람 - 횡단중,신호위반,건조,맑음,교차로 - 교차로안,승용,남,62세,상해없음,보행자,남,12세,경상
2015022200100139,2015년 2월 22일 10시,일요일,전라남도 광양시 광양읍,경상사고,0,0,4,1,차대차 - 기타,직진우회전진행방해,건조,흐림,교차로 - 교차로안,승용,여,37세,부상신고,승용,여,33세,경상
2015022200100171,2015년 2월 22일 12시,일요일,전라남도 여수시 학동,경상사고,0,0,1,0,차대차 - 측면직각충돌,차로위반,건조,맑음,교차로 - 교차로부근,승용,남,56세,상해없음,승합,남,44세,경상
2015022200100206,2015년 2월 22일 14시,일요일,전라남도 목포시 산정동,경상사고,0,0,3,0,차대차 - 추돌 - 진행중,안전운전불이행,건조,맑음,교차로 - 교차로부근,승용,남,54세,상해없음,승용,여,41세,경상
2015022200100225,2015년 2월 22일 15시,일요일,전라남도 해남군 해남읍,경상사고,0,0,2,0,차대차 - 기타,안전거리미확보,기타,맑음,단일로 - 기타,화물,남,60세,경상,화물,남,62세,경상
2015022200100226,2015년 2월 22일 15시,일요일,전라남도 강진군 강진읍,경상사고,0,0,1,0,차대차 - 기타,안전운전불이행,건조,맑음,단일로 - 기타,자전거,남,17세,상해없음,자전거,남,17세,상해없음
2015022200100268,2015년 2월 22일 17시,일요일,전라남도 여수시 문수동,경상사고,0,0,1,0,차대차 - 추돌 - 진행중,기타,건조,맑음,교차로 - 교차로안,원동기,남,19세,경상,원동기,남,51세,상해없음
2015022200100269,2015년 2월 22일 17시,일요일,전라남도 여수시 화양면,경상사고,0,0,1,0,차대차 - 측면직각충돌,중앙선침범,건조,맑음,단일로 - 기타,화물,남,70세,상해없음,승용,남,73세,경상
2015022200100270,2015년 2월 22일 17시,일요일,전라남도 여수시 교동,경상사고,0,0,1,0,차대사람 - 길가장자리구역통행중,안전운전불이행,건조,맑음,교차로 - 교차로부근,승용,남,22세,상해없음,보행자,여,31세,경상
2015022200100271,2015년 2월 22일 17시,일요일,전라남도 보성군 조성면,경상사고,0,0,1,0,차대차 - 추돌 - 진행중,안전운전불이행,건조,맑음,단일로 - 터널,승용,남,32세,상해없음,승용,남,40세,경상
2015022200100318,2015년 2월 22일 19시,일요일,전라남도 화순군 화순읍,경상사고,0,0,1,0,차대차 - 추돌 - 주정차중,안전운전불이행,건조,맑음,교차로 - 교차로부근,승용,남,67세,상해없음,승용,남,60세,경상
2015022200100319,2015년 2월 22일 19시,일요일,전라남도 영암군 삼호읍,중상사고,0,1,0,0,차량단독 - 기타,안전운전불이행,건조,맑음,단일로 - 기타,승용,남,52세,중상,,,,
2015022200100320,2015년 2월 22일 19시,일요일,전라남도 담양군 담양읍,사망사고,1,0,0,0,차량단독 - 기타,안전운전불이행,건조,맑음,교차로 - 교차로부근,화물,남,54세,사망,,,,
2015022200100337,2015년 2월 22일 20시,일요일,전라남도 광양시 진월면,중상사고,0,1,2,0,차대차 - 기타,안전운전불이행,건조,맑음,교차로 - 교차로부근,승용,남,56세,상해없음,승용,남,25세,경상
2015022200100362,2015년 2월 22일 21시,일요일,전라남도 광양시 광양읍,경상사고,0,0,1,0,차대차 - 기타,안전운전불이행,건조,맑음,교차로 - 교차로부근,승용,남,48세,기타불명,승용,남,39세,경상
2015022300100026,2015년 2월 23일 02시,월요일,전라남도 고흥군 점암면,사망사고,1,1,1,0,차대차 - 추돌 - 진행중,안전운전불이행,건조,맑음,단일로 - 기타,승용,남,22세,사망,화물,남,49세,경상