사고번호,사고일시,요일,시군구,사고내용,사망자수,중상자수,경상자수,부상신고자수,사고유형,법규위반,노면상태,기상상태,도로형태,가해운전자 차종,가해운전자 성별,가해운전자 연령,가해운전자 상해정도,피해운전자 차종,피해운전자 성별,피해운전자 연령,피해운전자 상해정도
2015022300100037,2015년 2월 23일 04시,월요일,전라남도 영암군 삼호읍,사망사고,1,1,0,0,차대차 - 정면충돌,중앙선침범,건조,맑음,교차로 - 교차로부근,승용,남,23세,사망,승용,남,31세,중상
2015022300100050,2015년 2월 23일 06시,월요일,전라남도 여수시 선원동,경상사고,0,0,1,0,차대차 - 측면직각충돌,신호위반,건조,맑음,교차로 - 교차로안,승용,남,58세,상해없음,승용,여,30세,경상
2015022300100072,2015년 2월 23일 07시,월요일,전라남도 목포시 옥암동,경상사고,0,0,2,0,차대차 - 정면충돌,신호위반,건조,맑음,교차로 - 교차로안,승용,남,56세,상해없음,승용,남,54세,경상
2015022300100092,2015년 2월 23일 08시,월요일,전라남도 영암군 삼호읍,경상사고,0,0,1,0,차대차 - 측면직각충돌,안전운전불이행,건조,맑음,교차로 - 교차로안,특수,남,50세,상해없음,승용,남,32세,경상
2015022300100113,2015년 2월 23일 09시,월요일,전라남도 광양시 중동,중상사고,0,1,0,0,차대차 - 측면직각충돌,신호위반,건조,맑음,교차로 - 교차로안,특수,남,44세,상해없음,승용,남,50세,중상
2015022300100133,2015년 2월 23일 10시,월요일,전라남도 여수시 학동,경상사고,0,0,1,0,차대사람 - 길가장자리구역통행중,안전운전불이행,건조,맑음,단일로 - 기타,승용,남,44세,상해없음,보행자,여,75세,경상
2015022300100134,2015년 2월 23일 10시,월요일,전라남도 순천시 연향동,경상사고,0,0,1,0,차대차 - 기타,안전운전불이행,기타,맑음,기타 - 기타,승용,여,46세,상해없음,승용,여,51세,경상
2015022300100174,2015년 2월 23일 12시,월요일,전라남도 영암군 신북면,경상사고,0,0,1,0,차대차 - 측면직각충돌,안전운전불이행,건조,맑음,교차로 - 교차로안,승용,여,52세,상해없음,원동기,남,47세,경상
2015022300100175,2015년 2월 23일 12시,월요일,전라남도 강진군 성전면,경상사고,0,0,1,0,차대차 - 기타,안전운전불이행,건조,맑음,단일로 - 기타,승용,여,36세,상해없음,승용,남,40세,경상
2015022300100207,2015년 2월 23일 13시,월요일,전라남도 목포시 옥암동,경상사고,0,0,1,0,차대차 - 추돌 - 진행중,신호위반,건조,맑음,교차로 - 교차로안,화물,남,58세,상해없음,승용,여,40세,경상
2015022300100208,2015년 2월 23일 13시,월요일,전라남도 순천시 석현동,중상사고,0,1,0,0,차대사람 - 기타,안전운전불이행,건조,맑음,단일로 - 횡단보도부근,화물,남,59세,상해없음,보행자,여,62세,중상
2015022300100209,2015년 2월 23일 13시,월요일,전라남도 해남군 현산면,경상사고,0,0,1,0,차대차 - 추돌 - 진행중,안전거리미확보,건조,맑음,단일로 - 기타,화물,남,58세,상해없음,승용,남,47세,경상
2015022300100239,2015년 2월 23일 14시,월요일,전라남도 영암군 삼호읍,경상사고,0,0,1,0,차대차 - 기타,안전거리미확보,건조,맑음,교차로 - 교차로부근,승용,여,53세,상해없음,승용,남,28세,상해없음
2015022300100288,2015년 2월 23일 16시,월요일,전라남도 여수시 여서동,경상사고,0,0,1,0,차대차 - 정면충돌,안전운전불이행,건조,맑음,교차로 - 교차로부근,승용,남,60세,상해없음,승용,여,45세,경상
2015022300100289,2015년 2월 23일 16시,월요일,전라남도 고흥군 동강면,중상사고,0,1,4,0,차대차 - 기타,안전운전불이행,건조,맑음,단일로 - 기타,승용,남,66세,중상,승용,여,41세,경상
2015022300100352,2015년 2월 23일 18시,월요일,전라남도 여수시 오림동,경상사고,0,0,3,0,차대차 - 추돌 - 진행중,안전운전불이행,건조,맑음,단일로 - 기타,승용,남,67세,상해없음,승용,남,49세,경상
2015022300100395,2015년 2월 23일 19시,월요일,전라남도 화순군 화순읍,경상사고,0,0,1,0,차대차 - 측면직각충돌,교차로운행방법위반,건조,기타,교차로 - 교차로부근,승용,여,54세,기타불명,승용,남,35세,경상
2015022300100427,2015년 2월 23일 20시,월요일,전라남도 영암군 삼호읍,경상사고,0,0,1,0,차대차 - 측면직각충돌,안전운전불이행,건조,맑음,교차로 - 교차로안,화물,남,39세,상해없음,승합,여,48세,경상
2015022300100478,2015년 2월 23일 22시,월요일,전라남도 순천시 덕월동,경상사고,0,0,1,0,차대차 - 추돌 - 주정차중,안전운전불이행,건조,맑음,교차로 - 교차로부근,승용,남,34세,상해없음,승용,남,23세,경상
2015022300100479,2015년 2월 23일 22시,월요일,전라남도 화순군 화순읍,경상사고,0,0,1,0,차대차 - 측면직각충돌,안전운전불이행,건조,맑음,단일로 - 기타,화물,남,29세,상해없음,승용,남,45세,상해없음
2015022400100017,2015년 2월 24일 01시,화요일,전라남도 목포시 옥암동,경상사고,0,0,4,0,차대차 - 기타,중앙선침범,건조,맑음,기타 - 기타,승용,남,40세,상해없음,승합,남,50세,경상
2015022400100096,2015년 2월 24일 08시,화요일,전라남도 여수시 충무동,경상사고,0,0,1,0,차대차 - 측면직각충돌,안전운전불이행,건조,맑음,단일로 - 기타,화물,남,67세,상해없음,승용,남,59세,상해없음
2015022400100097,2015년 2월 24일 08시,화요일,전라남도 화순군 화순읍,경상사고,0,0,1,0,차대차 - 측면직각충돌,신호위반,건조,맑음,교차로 - 교차로안,승용,남,51세,상해없음,승용,여,31세,경상
2015022400100112,2015년 2월 24일 09시,화요일,전라남도 순천시 가곡동,중상사고,0,1,0,0,차대차 - 기타,안전운전불이행,건조,맑음,단일로 - 기타,승용,남,50세,상해없음,자전거,남,54세,중상
2015022400100113,2015년 2월 24일 09시,화요일,전라남도 보성군 벌교읍,경상사고,0,0,3,0,차대차 - 추돌 - 진행중,안전운전불이행,건조,맑음,단일로 - 기타,승용,남,62세,경상,화물,남,62세,경상
2015022400100178,2015년 2월 24일 12시,화요일,전라남도 여수시 국동,경상사고,0,0,2,0,차대차 - 추돌 - 주정차중,안전운전불이행,건조,맑음,단일로 - 기타,승용,여,48세,상해없음,승용,남,18세,경상
2015022400100203,2015년 2월 24일 13시,화요일,전라남도 여수시 봉강동,중상사고,0,1,0,0,차대사람 - 횡단중,신호위반,건조,맑음,교차로 - 교차로부근,승합,남,46세,상해없음,보행자,남,67세,중상
2015022400100204,2015년 2월 24일 13시,화요일,전라남도 순천시 덕암동,중상사고,0,1,0,0,차대차 - 추돌 - 진행중,안전거리미확보,건조,맑음,단일로 - 기타,승용,남,65세,상해없음,원동기,남,78세,중상
2015022400100205,2015년 2월 24일 13시,화요일,전라남도 영암군 삼호읍,경상사고,0,0,1,0,차대차 - 기타,안전운전불이행,건조,맑음,교차로 - 교차로부근,건설기계,남,44세,상해없음,승용,남,61세,경상
2015022400100206,2015년 2월 24일 13시,화요일,전라남도 장성군 북이면,부상신고사고,0,0,0,1,차대차 - 측면직각충돌,중앙선침범,건조,맑음,교차로 - 교차로부근,자전거,남,14세,부상신고,승용,남,47세,상해없음
2015022400100270,2015년 2월 24일 15시,화요일,전라남도 나주시 성북동,중상사고,0,1,0,0,차대차 - 측면직각충돌,교차로운행방법위반,건조,맑음,교차로 - 교차로안,승용,여,53세,상해없음,원동기,남,74세,중상
2015022400100308,2015년 2월 24일 16시,화요일,전라남도 광양시 금호동,경상사고,0,0,2,0,차대차 - 측면직각충돌,신호위반,건조,맑음,교차로 - 교차로안,특수,남,48세,상해없음,승용,남,40세,경상
2015022400100337,2015년 2월 24일 17시,화요일,전라남도 순천시 중앙동,경상사고,0,0,1,0,차대차 - 기타,교차로운행방법위반,건조,맑음,교차로 - 교차로안,승용,여,39세,경상,승용,남,76세,상해없음
2015022400100369,2015년 2월 24일 18시,화요일,전라남도 목포시 대양동,경상사고,0,0,3,0,차대차 - 기타,안전운전불이행,건조,맑음,교차로 - 교차로부근,승용,남,47세,상해없음,승용,여,53세,경상
2015022400100370,2015년 2월 24일 18시,화요일,전라남도 구례군 구례읍,경상사고,0,0,1,0,차대차 - 기타,신호위반,건조,맑음,교차로 - 교차로안,승용,남,22세,상해없음,이륜,남,50세,경상
2015022400100465,2015년 2월 24일 21시,화요일,전라남도 여수시 문수동,경상사고,0,0,1,0,차대차 - 추돌 - 진행중,중앙선침범,건조,맑음,기타 - 기타,승용,남,27세,상해없음,승합,남,62세,경상
2015022400100466,2015년 2월 24일 21시,화요일,전라남도 화순군 화순읍,중상사고,0,1,2,0,차대차 - 측면직각충돌,신호위반,건조,맑음,교차로 - 교차로안,승용,남,60세,상해없음,승용,남,26세,경상
2015022400100501,2015년 2월 24일 22시,화요일,전라남도 목포시 연산동,경상사고,0,0,1,0,차대차 - 추돌 - 진행중,안전운전불이행,건조,맑음,교차로 - 교차로부근,승용,남,29세,상해없음,승용,남,53세,경상
2015022500100023,2015년 2월 25일 01시,수요일,전라남도 광양시 광양읍,경상사고,0,0,1,0,차대차 - 추돌 - 진행중,교차로운행방법위반,건조,맑음,교차로 - 교차로안,승용,남,48세,상해없음,승용,남,49세,경상
2015022500100065,2015년 2월 25일 06시,수요일,전라남도 목포시 용당동,경상사고,0,0,1,0,차대차 - 기타,신호위반,건조,맑음,교차로 - 교차로안,화물,남,55세,상해없음,승용,여,37세,경상
2015022500100079,2015년 2월 25일 07시,수요일,전라남도 보성군 복내면,경상사고,0,0,2,0,차대차 - 추돌 - 진행중,안전거리미확보,건조,맑음,단일로 - 기타,승용,남,66세,경상,화물,남,32세,경상
2015022500100107,2015년 2월 25일 08시,수요일,전라남도 여수시 여서동,중상사고,0,1,0,0,차대차 - 측면직각충돌,교차로운행방법위반,건조,맑음,교차로 - 교차로안,승용,남,58세,상해없음,승용,남,59세,중상
2015022500100193,2015년 2월 25일 11시,수요일,전라남도 장흥군 장동면,경상사고,0,0,1,0,차대차 - 측면직각충돌,안전운전불이행,건조,맑음,단일로 - 기타,화물,남,51세,상해없음,자전거,남,9세,경상
2015022500100211,2015년 2월 25일 12시,수요일,전라남도 영암군 금정면,중상사고,0,1,1,0,차대차 - 추돌 - 주정차중,안전운전불이행,건조,맑음,단일로 - 기타,화물,여,59세,상해없음,원동기,남,71세,경상
2015022500100212,2015년 2월 25일 12시,수요일,전라남도 구례군 토지면,경상사고,0,0,1,0,차대사람 - 기타,안전운전불이행,건조,맑음,단일로 - 기타,승용,남,51세,상해없음,보행자,남,1세,경상
2015022500100234,2015년 2월 25일 13시,수요일,전라남도 여수시 학동,경상사고,0,0,1,0,차대차 - 측면직각충돌,신호위반,건조,맑음,단일로 - 기타,승용,남,41세,상해없음,승용,남,27세,경상
2015022500100235,2015년 2월 25일 13시,수요일,전라남도 강진군 강진읍,중상사고,0,1,0,0,차대차 - 측면직각충돌,교차로운행방법위반,건조,맑음,교차로 - 교차로안,이륜,남,79세,중상,건설기계,남,34세,상해없음
2015022500100268,2015년 2월 25일 14시,수요일,전라남도 신안군 압해읍,경상사고,0,0,1,0,차대차 - 기타,중앙선침범,건조,맑음,단일로 - 기타,화물,남,62세,상해없음,승용,여,36세,경상
2015022500100269,2015년 2월 25일 14시,수요일,전라남도 여수시 국동,중상사고,0,1,0,0,차대차 - 측면직각충돌,신호위반,건조,맑음,교차로 - 교차로안,원동기,남,73세,중상,승용,남,46세,상해없음
2015022500100270,2015년 2월 25일 14시,수요일,전라남도 장흥군 장흥읍,중상사고,0,1,0,0,차대사람 - 차도통행중,안전운전불이행,건조,맑음,교차로 - 교차로안,화물,남,40세,상해없음,보행자,남,72세,중상
2015022500100271,2015년 2월 25일 14시,수요일,전라남도 보성군 겸백면,중상사고,0,1,0,0,차대차 - 정면충돌,안전운전불이행,건조,맑음,단일로 - 기타,화물,남,60세,상해없음,원동기,남,41세,중상
2015022500100300,2015년 2월 25일 15시,수요일,전라남도 순천시 낙안면,중상사고,0,1,0,0,차대차 - 기타,안전운전불이행,건조,맑음,교차로 - 교차로부근,승합,남,35세,상해없음,이륜,남,75세,중상
2015022500100322,2015년 2월 25일 16시,수요일,전라남도 무안군 무안읍,경상사고,0,0,1,0,차대차 - 측면직각충돌,안전운전불이행,건조,맑음,교차로 - 교차로안,화물,남,58세,상해없음,승용,남,65세,상해없음
2015022500100350,2015년 2월 25일 17시,수요일,전라남도 담양군 금성면,경상사고,0,0,1,0,차대차 - 추돌 - 진행중,안전운전불이행,건조,맑음,교차로 - 교차로안,승용,남,56세,상해없음,승합,남,67세,경상
2015022500100391,2015년 2월 25일 18시,수요일,전라남도 무안군 삼향읍,경상사고,0,0,1,0,차대차 - 측면직각충돌,직진우회전진행방해,습기,비,교차로 - 교차로안,승용,여,49세,상해없음,승용,여,31세,경상
2015022500100392,2015년 2월 25일 18시,수요일,전라남도 진도군 지산면,중상사고,0,1,1,0,차대차 - 기타,안전운전불이행,건조,맑음,교차로 - 교차로안,화물,남,41세,상해없음,승용,남,49세,중상
2015022500100393,2015년 2월 25일 18시,수요일,전라남도 광양시 중동,경상사고,0,0,1,0,차대차 - 추돌 - 진행중,중앙선침범,건조,맑음,단일로 - 횡단보도부근,승용,남,59세,상해없음,승용,여,46세,경상
2015022500100430,2015년 2월 25일 19시,수요일,전라남도 나주시 공산면,사망사고,1,0,0,0,차량단독 - 전도전복,안전운전불이행,건조,맑음,단일로 - 기타,원동기,남,69세,사망,,,,
2015022500100460,2015년 2월 25일 20시,수요일,전라남도 나주시 남평읍,경상사고,0,0,1,0,차대차 - 기타,안전운전불이행,건조,맑음,단일로 - 기타,승용,남,57세,경상,화물,남,54세,기타불명
2015022500100518,2015년 2월 25일 22시,수요일,전라남도 순천시 조례동,중상사고,0,1,0,0,차대차 - 기타,신호위반,건조,맑음,교차로 - 교차로안,승용,남,29세,상해없음,승용,여,55세,중상
2015022500100546,2015년 2월 25일 23시,수요일,전라남도 광양시 중동,경상사고,0,0,1,0,차대사람 - 차도통행중,교차로운행방법위반,건조,맑음,교차로 - 교차로안,승용,남,55세,상해없음,보행자,남,28세,경상
2015022600100018,2015년 2월 26일 00시,목요일,전라남도 목포시 옥암동,경상사고,0,0,2,0,차대차 - 추돌 - 주정차중,안전운전불이행,건조,맑음,교차로 - 교차로부근,승용,남,30세,상해없음,승용,남,41세,경상
2015022600100019,2015년 2월 26일 00시,목요일,전라남도 진도군 군내면,경상사고,0,0,1,0,차대차 - 기타,안전운전불이행,건조,맑음,교차로 - 교차로안,화물,남,54세,상해없음,승용,남,29세,경상
2015022600100020,2015년 2월 26일 00시,목요일,전라남도 광양시 광양읍,경상사고,0,0,1,0,차량단독 - 공작물충돌,안전운전불이행,건조,맑음,교차로 - 교차로안,승용,남,24세,경상,,,,
2015022600100021,2015년 2월 26일 00시,목요일,전라남도 광양시 광양읍,경상사고,0,0,2,0,차대차 - 측면직각충돌,안전거리미확보,건조,맑음,교차로 - 교차로부근,승용,남,23세,상해없음,승용,남,24세,경상
2015022600100037,2015년 2월 26일 01시,목요일,전라남도 해남군 현산면,중상사고,0,1,0,0,차량단독 - 전도전복,안전운전불이행,건조,맑음,단일로 - 기타,승용,여,53세,중상,,,,
2015022600100127,2015년 2월 26일 08시,목요일,전라남도 순천시 연향동,중상사고,0,1,0,0,차대차 - 기타,안전운전불이행,건조,맑음,교차로 - 교차로안,원동기,남,67세,중상,승용,남,67세,상해없음
2015022600100143,2015년 2월 26일 09시,목요일,전라남도 완도군 완도읍,경상사고,0,0,1,0,차대사람 - 횡단중,보행자보호의무위반,건조,흐림,교차로 - 교차로부근,화물,남,39세,상해없음,보행자,여,66세,경상
2015022600100193,2015년 2월 26일 11시,목요일,전라남도 영광군 영광읍,경상사고,0,0,1,0,차대사람 - 길가장자리구역통행중,안전운전불이행,건조,맑음,단일로 - 기타,승용,남,76세,상해없음,보행자,여,47세,경상
2015022600100214,2015년 2월 26일 12시,목요일,전라남도 목포시 연산동,경상사고,0,0,4,0,차대차 - 기타,안전운전불이행,건조,맑음,단일로 - 기타,화물,남,61세,경상,화물,남,55세,경상
2015022600100246,2015년 2월 26일 13시,목요일,전라남도 영암군 덕진면,중상사고,0,1,1,0,차대차 - 측면직각충돌,안전운전불이행,건조,맑음,단일로 - 기타,승용,남,76세,경상,화물,남,61세,상해없음
2015022600100277,2015년 2월 26일 14시,목요일,전라남도 신안군 안좌면,중상사고,0,1,0,0,차대차 - 측면직각충돌,직진우회전진행방해,건조,맑음,교차로 - 교차로안,승용,남,44세,상해없음,이륜,여,76세,중상
2015022600100278,2015년 2월 26일 14시,목요일,전라남도 여수시 호명동,중상사고,0,1,1,0,차대차 - 측면직각충돌,안전운전불이행,건조,맑음,교차로 - 교차로안,건설기계,남,59세,상해없음,승용,여,22세,중상
2015022600100279,2015년 2월 26일 14시,목요일,전라남도 여수시 학동,경상사고,0,0,1,0,차대사람 - 횡단중,보행자보호의무위반,건조,맑음,단일로 - 기타,승용,여,60세,기타불명,보행자,여,24세,경상
2015022600100309,2015년 2월 26일 15시,목요일,전라남도 보성군 노동면,부상신고사고,0,0,0,1,차대차 - 추돌 - 주정차중,안전운전불이행,건조,맑음,단일로 - 기타,승용,남,75세,부상신고,화물,남,70세,기타불명
2015022600100340,2015년 2월 26일 16시,목요일,전라남도 무안군 무안읍,경상사고,0,0,1,0,차대차 - 기타,차로위반,건조,맑음,단일로 - 터널,승용,여,40세,상해없음,승용,남,60세,경상
2015022600100341,2015년 2월 26일 16시,목요일,전라남도 목포시 용해동,부상신고사고,0,0,0,1,차량단독 - 기타,기타,건조,맑음,단일로 - 기타,승용,남,49세,상해없음,,,,
2015022600100342,2015년 2월 26일 16시,목요일,전라남도 목포시 호남동,경상사고,0,0,1,0,차대차 - 추돌 - 주정차중,안전운전불이행,건조,맑음,교차로 - 교차로부근,승용,여,40세,상해없음,승합,남,58세,경상
2015022600100343,2015년 2월 26일 16시,목요일,전라남도 여수시 충무동,중상사고,0,1,0,0,차대사람 - 횡단중,보행자보호의무위반,건조,맑음,단일로 - 횡단보도상,승용,여,52세,상해없음,보행자,남,62세,중상
2015022600100344,2015년 2월 26일 16시,목요일,전라남도 순천시 왕지동,경상사고,0,0,2,0,차대차 - 기타,안전운전불이행,건조,맑음,교차로 - 교차로안,승용,여,46세,경상,승용,남,60세,상해없음
2015022600100345,2015년 2월 26일 16시,목요일,전라남도 무안군 망운면,경상사고,0,0,1,0,차대차 - 추돌 - 주정차중,안전운전불이행,건조,맑음,단일로 - 기타,화물,남,52세,상해없음,화물,여,63세,경상
2015022600100346,2015년 2월 26일 16시,목요일,전라남도 광양시 봉강면,중상사고,0,1,2,0,차대차 - 측면직각충돌,직진우회전진행방해,건조,맑음,교차로 - 교차로안,화물,남,53세,중상,승용,남,29세,경상
2015022600100367,2015년 2월 26일 17시,목요일,전라남도 여수시 관문동,경상사고,0,0,1,0,차대차 - 추돌 - 진행중,안전운전불이행,건조,맑음,단일로 - 기타,이륜,여,56세,경상,승용,남,59세,상해없음
2015022600100368,2015년 2월 26일 17시,목요일,전라남도 나주시 금천면,경상사고,0,0,1,0,차대차 - 추돌 - 주정차중,안전운전불이행,건조,맑음,단일로 - 기타,화물,남,54세,상해없음,승용,남,60세,경상
2015022600100369,2015년 2월 26일 17시,목요일,전라남도 보성군 보성읍,경상사고,0,0,1,0,차대사람 - 횡단중,보행자보호의무위반,건조,맑음,교차로 - 교차로부근,화물,남,23세,상해없음,보행자,여,59세,경상
2015022600100370,2015년 2월 26일 17시,목요일,전라남도 보성군 보성읍,중상사고,0,1,1,0,차량단독 - 전도전복,안전운전불이행,건조,맑음,단일로 - 기타,승용,여,20세,경상,,,,
2015022600100371,2015년 2월 26일 17시,목요일,전라남도 광양시 광양읍,경상사고,0,0,1,0,차대차 - 측면직각충돌,중앙선침범,건조,맑음,교차로 - 교차로부근,승용,남,69세,상해없음,승용,여,32세,경상
2015022600100396,2015년 2월 26일 18시,목요일,전라남도 영광군 영광읍,경상사고,0,0,1,0,차대사람 - 보도통행중,안전운전불이행,건조,맑음,교차로 - 교차로안,승용,남,29세,상해없음,보행자,남,56세,경상
2015022600100433,2015년 2월 26일 19시,목요일,전라남도 여수시 학동,경상사고,0,0,1,0,차대차 - 추돌 - 주정차중,안전운전불이행,건조,맑음,기타 - 기타,화물,남,60세,상해없음,승용,남,55세,경상
2015022600100434,2015년 2월 26일 19시,목요일,전라남도 여수시 문수동,경상사고,0,0,1,0,차대사람 - 횡단중,안전운전불이행,건조,맑음,단일로 - 기타,이륜,남,20세,상해없음,보행자,여,51세,경상
2015022600100435,2015년 2월 26일 19시,목요일,전라남도 영암군 신북면,중상사고,0,2,0,0,차대차 - 측면직각충돌,안전운전불이행,건조,맑음,교차로 - 교차로부근,승용,남,51세,중상,화물,남,38세,기타불명
2015022600100436,2015년 2월 26일 19시,목요일,전라남도 영암군 신북면,중상사고,0,1,4,0,차대차 - 추돌 - 진행중,안전운전불이행,건조,맑음,단일로 - 기타,화물,남,44세,경상,승용,남,62세,경상
2015022600100437,2015년 2월 26일 19시,목요일,전라남도 영암군 신북면,중상사고,0,1,2,0,차대차 - 추돌 - 진행중,안전거리미확보,건조,맑음,단일로 - 기타,승용,남,35세,경상,화물,남,44세,경상
2015022600100468,2015년 2월 26일 20시,목요일,전라남도 순천시 연향동,중상사고,0,1,0,0,차대사람 - 횡단중,안전운전불이행,건조,맑음,교차로 - 교차로안,승용,여,43세,상해없음,보행자,여,73세,중상
2015022600100469,2015년 2월 26일 20시,목요일,전라남도 영광군 영광읍,경상사고,0,0,1,1,차대차 - 정면충돌,중앙선침범,건조,맑음,단일로 - 기타,승용,남,24세,부상신고,승용,남,45세,경상
2015022600100470,2015년 2월 26일 20시,목요일,전라남도 무안군 해제면,중상사고,0,1,0,0,차대사람 - 길가장자리구역통행중,안전운전불이행,건조,맑음,단일로 - 기타,화물,남,58세,상해없음,보행자,여,53세,중상
2015022600100498,2015년 2월 26일 21시,목요일,전라남도 강진군 강진읍,중상사고,0,1,0,0,차량단독 - 도로외이탈 - 추락,안전운전불이행,건조,맑음,단일로 - 기타,화물,남,36세,중상,,,,
2015022600100521,2015년 2월 26일 22시,목요일,전라남도 무안군 삼향읍,중상사고,0,1,0,0,차대사람 - 횡단중,안전운전불이행,건조,맑음,교차로 - 교차로부근,승용,여,35세,상해없음,보행자,여,52세,중상
2015022700100073,2015년 2월 27일 05시,금요일,전라남도 목포시 죽교동,중상사고,0,1,0,0,차대차 - 추돌 - 주정차중,안전운전불이행,건조,맑음,단일로 - 기타,승용,남,35세,상해없음,승용,남,31세,중상
2015022700100074,2015년 2월 27일 05시,금요일,전라남도 담양군 수북면,경상사고,0,0,1,0,차량단독 - 기타,안전운전불이행,건조,맑음,교차로 - 교차로부근,이륜,남,19세,경상,,,,
2015022700100098,2015년 2월 27일 07시,금요일,전라남도 무안군 삼향읍,경상사고,0,0,1,0,차대차 - 측면직각충돌,신호위반,건조,맑음,교차로 - 교차로안,승용,남,26세,상해없음,승용,여,51세,경상
2015022700100117,2015년 2월 27일 08시,금요일,전라남도 여수시 신월동,경상사고,0,0,1,0,차대차 - 측면직각충돌,안전운전불이행,건조,맑음,단일로 - 기타,승용,남,35세,상해없음,화물,남,19세,상해없음
2015022700100118,2015년 2월 27일 08시,금요일,전라남도 나주시 노안면,경상사고,0,0,1,0,차대차 - 측면직각충돌,중앙선침범,건조,맑음,교차로 - 교차로부근,승용,여,25세,상해없음,승용,여,33세,경상
2015022700100119,2015년 2월 27일 08시,금요일,전라남도 곡성군 삼기면,경상사고,0,0,1,0,차대차 - 측면직각충돌,안전운전불이행,건조,맑음,단일로 - 기타,화물,남,56세,상해없음,화물,남,36세,경상
2015022700100137,2015년 2월 27일 09시,금요일,전라남도 강진군 작천면,중상사고,0,1,0,0,차대차 - 측면직각충돌,직진우회전진행방해,건조,맑음,교차로 - 교차로안,원동기,남,77세,중상,승용,남,38세,상해없음
2015022700100162,2015년 2월 27일 10시,금요일,전라남도 신안군 비금면,중상사고,0,1,0,0,차대차 - 측면직각충돌,중앙선침범,건조,맑음,단일로 - 기타,화물,남,64세,상해없음,원동기,남,78세,중상
2015022700100218,2015년 2월 27일 12시,금요일,전라남도 여수시 학동,경상사고,0,0,1,0,차대사람 - 횡단중,안전운전불이행,건조,맑음,교차로 - 교차로부근,승용,여,29세,상해없음,보행자,남,17세,경상
2015022700100284,2015년 2월 27일 14시,금요일,전라남도 순천시 연향동,중상사고,0,1,0,0,차대사람 - 횡단중,신호위반,건조,맑음,단일로 - 횡단보도상,승용,여,35세,상해없음,보행자,여,68세,중상
2015022700100326,2015년 2월 27일 15시,금요일,전라남도 화순군 화순읍,경상사고,0,0,4,0,차대차 - 측면직각충돌,기타,건조,맑음,교차로 - 교차로부근,승용,남,42세,기타불명,승합,남,42세,경상
2015022700100327,2015년 2월 27일 15시,금요일,전라남도 장성군 장성읍,경상사고,0,0,1,0,차대차 - 정면충돌,안전운전불이행,건조,맑음,교차로 - 교차로안,이륜,남,55세,경상,승용,남,26세,상해없음
2015022700100328,2015년 2월 27일 15시,금요일,전라남도 광양시 중동,부상신고사고,0,0,0,1,차대사람 - 횡단중,안전운전불이행,건조,맑음,단일로 - 기타,승용,남,70세,상해없음,보행자,남,51세,부상신고
2015022700100329,2015년 2월 27일 15시,금요일,전라남도 구례군 구례읍,중상사고,0,3,9,0,차대차 - 기타,과속,건조,맑음,교차로 - 교차로안,승용,남,62세,상해없음,화물,남,25세,경상
2015022700100352,2015년 2월 27일 16시,금요일,전라남도 순천시 서면,중상사고,0,1,0,0,차대차 - 기타,안전운전불이행,건조,맑음,교차로 - 교차로부근,건설기계,남,40세,상해없음,승용,남,61세,중상
2015022700100383,2015년 2월 27일 17시,금요일,전라남도 광양시 중동,경상사고,0,0,1,0,차대차 - 측면직각충돌,직진우회전진행방해,건조,맑음,교차로 - 교차로안,승용,남,57세,상해없음,승용,남,52세,경상
2015022700100427,2015년 2월 27일 18시,금요일,전라남도 광양시 중동,경상사고,0,0,2,0,차대차 - 기타,직진우회전진행방해,건조,맑음,교차로 - 교차로안,승용,남,38세,경상,승합,남,49세,경상
2015022700100470,2015년 2월 27일 19시,금요일,전라남도 여수시 문수동,사망사고,1,0,0,0,차대사람 - 차도통행중,안전운전불이행,건조,맑음,교차로 - 교차로안,화물,남,49세,상해없음,보행자,여,85세,사망
2015022700100471,2015년 2월 27일 19시,금요일,전라남도 장흥군 회진면,사망사고,1,0,0,0,차대사람 - 차도통행중,안전운전불이행,건조,맑음,단일로 - 기타,승용,남,58세,상해없음,보행자,여,83세,사망
2015022700100472,2015년 2월 27일 19시,금요일,전라남도 영암군 영암읍,중상사고,0,1,0,0,차대차 - 측면직각충돌,안전운전불이행,건조,맑음,단일로 - 기타,이륜,여,58세,중상,승용,여,34세,상해없음
2015022700100568,2015년 2월 27일 22시,금요일,전라남도 영암군 삼호읍,부상신고사고,0,0,0,1,차량단독 - 공작물충돌,안전운전불이행,건조,맑음,교차로 - 교차로안,승용,남,33세,부상신고,,,,
2015022700100598,2015년 2월 27일 23시,금요일,전라남도 나주시 산정동,경상사고,0,0,1,0,차량단독 - 공작물충돌,안전운전불이행,건조,기타,단일로 - 기타,승용,남,24세,경상,,,,
2015022700100599,2015년 2월 27일 23시,금요일,전라남도 영광군 법성면,경상사고,0,0,1,0,차대사람 - 횡단중,안전운전불이행,건조,맑음,단일로 - 기타,화물,남,55세,상해없음,보행자,남,25세,경상
2015022800100017,2015년 2월 28일 00시,토요일,전라남도 목포시 산정동,경상사고,0,0,1,0,차대차 - 기타,교차로운행방법위반,건조,맑음,교차로 - 교차로부근,승용,남,43세,상해없음,승용,남,31세,경상