사고번호,사고일시,요일,시군구,사고내용,사망자수,중상자수,경상자수,부상신고자수,사고유형,법규위반,노면상태,기상상태,도로형태,가해운전자 차종,가해운전자 성별,가해운전자 연령,가해운전자 상해정도,피해운전자 차종,피해운전자 성별,피해운전자 연령,피해운전자 상해정도
2015022800100040,2015년 2월 28일 01시,토요일,전라남도 나주시 공산면,중상사고,0,1,0,0,차대차 - 추돌 - 주정차중,안전운전불이행,건조,기타,단일로 - 기타,원동기,남,52세,중상,화물,남,40세,상해없음
2015022800100094,2015년 2월 28일 05시,토요일,전라남도 완도군 완도읍,경상사고,0,0,3,0,차대차 - 측면직각충돌,안전운전불이행,건조,맑음,교차로 - 교차로안,승용,남,22세,상해없음,승합,남,42세,경상
2015022800100151,2015년 2월 28일 09시,토요일,전라남도 나주시 동강면,경상사고,0,0,1,1,차량단독 - 전도전복,안전운전불이행,건조,맑음,단일로 - 기타,화물,남,58세,부상신고,,,,
2015022800100227,2015년 2월 28일 12시,토요일,전라남도 구례군 광의면,중상사고,0,1,0,0,차대차 - 측면직각충돌,안전운전불이행,건조,맑음,단일로 - 기타,승용,남,55세,상해없음,이륜,남,53세,중상
2015022800100228,2015년 2월 28일 12시,토요일,전라남도 담양군 대덕면,중상사고,0,1,1,0,차대차 - 추돌 - 진행중,안전운전불이행,건조,흐림,단일로 - 기타,승용,남,32세,상해없음,승용,남,27세,중상
2015022800100308,2015년 2월 28일 15시,토요일,전라남도 강진군 강진읍,중상사고,0,1,0,0,차대사람 - 횡단중,안전운전불이행,건조,흐림,단일로 - 기타,승용,여,35세,상해없음,보행자,여,4세,중상
2015022800100437,2015년 2월 28일 19시,토요일,전라남도 여수시 학동,중상사고,0,1,0,0,차대차 - 측면직각충돌,안전운전불이행,습기,비,단일로 - 기타,승용,남,25세,상해없음,이륜,남,29세,중상
2015022800100474,2015년 2월 28일 20시,토요일,전라남도 여수시 화장동,중상사고,0,1,0,0,차대차 - 추돌 - 주정차중,안전운전불이행,습기,비,단일로 - 기타,승용,남,44세,중상,특수,남,45세,기타불명
2015022800100504,2015년 2월 28일 21시,토요일,전라남도 여수시 여서동,경상사고,0,0,2,0,차대차 - 추돌 - 주정차중,안전운전불이행,습기,비,기타 - 기타,승용,남,34세,상해없음,승용,남,30세,경상
2015022800100505,2015년 2월 28일 21시,토요일,전라남도 영암군 삼호읍,중상사고,0,1,0,0,차량단독 - 공작물충돌,안전운전불이행,건조,맑음,교차로 - 교차로안,승용,남,36세,중상,,,,
2015022800100506,2015년 2월 28일 21시,토요일,전라남도 광양시 마동,중상사고,0,3,0,0,차대차 - 정면충돌,중앙선침범,습기,비,단일로 - 기타,화물,남,53세,중상,승용,남,51세,중상
2015022800100540,2015년 2월 28일 22시,토요일,전라남도 목포시 대양동,경상사고,0,0,4,0,차대차 - 측면직각충돌,직진우회전진행방해,습기,비,교차로 - 교차로안,승용,남,36세,상해없음,승용,남,38세,경상
2015022800100541,2015년 2월 28일 22시,토요일,전라남도 여수시 학동,중상사고,0,1,0,0,차대사람 - 차도통행중,안전운전불이행,습기,비,단일로 - 기타,승합,남,43세,상해없음,보행자,남,45세,중상
2015022800100542,2015년 2월 28일 22시,토요일,전라남도 나주시 용산동,중상사고,0,1,0,0,차량단독 - 기타,안전운전불이행,습기,비,단일로 - 기타,화물,남,48세,중상,,,,
2015022800100543,2015년 2월 28일 22시,토요일,전라남도 순천시 승주읍,경상사고,0,0,4,0,차대차 - 추돌 - 진행중,안전운전불이행,건조,맑음,단일로 - 기타,승용,남,22세,상해없음,승용,남,58세,경상
2015022800100581,2015년 2월 28일 23시,토요일,전라남도 목포시 상동,경상사고,0,0,2,0,차대차 - 추돌 - 주정차중,안전운전불이행,습기,비,교차로 - 교차로부근,승용,남,50세,상해없음,승용,남,56세,경상
2015022800100582,2015년 2월 28일 23시,토요일,전라남도 순천시 덕암동,경상사고,0,0,1,0,차대차 - 기타,안전운전불이행,습기,비,교차로 - 교차로부근,기타불명,기타불명,기타불명,기타불명,승용,여,43세,경상
2015030100100012,2015년 3월 1일 00시,일요일,전라남도 영광군 영광읍,중상사고,0,1,0,0,차대사람 - 차도통행중,안전운전불이행,습기,비,단일로 - 기타,승용,여,41세,상해없음,보행자,남,31세,중상
2015030100100072,2015년 3월 1일 03시,일요일,전라남도 순천시 조례동,경상사고,0,0,1,0,차대차 - 추돌 - 주정차중,안전운전불이행,건조,맑음,교차로 - 교차로부근,승용,남,36세,상해없음,승용,남,61세,경상
2015030100100163,2015년 3월 1일 10시,일요일,전라남도 무안군 삼향읍,경상사고,0,0,1,0,차대차 - 기타,기타,건조,맑음,교차로 - 교차로안,특수,남,53세,상해없음,승용,남,24세,경상
2015030100100205,2015년 3월 1일 13시,일요일,전라남도 목포시 상동,경상사고,0,0,2,0,차대차 - 기타,안전운전불이행,건조,맑음,교차로 - 교차로안,승용,남,68세,상해없음,승용,남,33세,경상
2015030100100206,2015년 3월 1일 13시,일요일,전라남도 담양군 담양읍,중상사고,0,1,0,0,차대사람 - 횡단중,안전운전불이행,건조,맑음,단일로 - 기타,승용,남,46세,상해없음,보행자,여,7세,중상
2015030100100230,2015년 3월 1일 14시,일요일,전라남도 여수시 돌산읍,경상사고,0,0,4,0,차대차 - 측면직각충돌,안전운전불이행,건조,맑음,교차로 - 교차로안,승용,남,57세,상해없음,승용,여,60세,경상
2015030100100231,2015년 3월 1일 14시,일요일,전라남도 순천시 조례동,중상사고,0,1,0,0,차대차 - 기타,안전운전불이행,건조,맑음,교차로 - 교차로안,승용,여,41세,상해없음,원동기,남,19세,중상
2015030100100232,2015년 3월 1일 14시,일요일,전라남도 순천시 인제동,중상사고,0,1,0,0,차대사람 - 기타,안전운전불이행,건조,맑음,단일로 - 기타,승용,여,48세,상해없음,보행자,여,36세,중상
2015030100100257,2015년 3월 1일 15시,일요일,전라남도 여수시 둔덕동,경상사고,0,0,1,0,차량단독 - 공작물충돌,안전운전불이행,건조,맑음,단일로 - 기타,승용,남,25세,경상,,,,
2015030100100258,2015년 3월 1일 15시,일요일,전라남도 순천시 남내동,경상사고,0,0,1,0,차대사람 - 기타,안전운전불이행,건조,맑음,단일로 - 기타,승용,여,45세,상해없음,보행자,여,24세,경상
2015030100100307,2015년 3월 1일 17시,일요일,전라남도 순천시 별량면,경상사고,0,0,1,0,차대차 - 기타,차로위반,건조,흐림,단일로 - 터널,화물,남,59세,상해없음,승용,남,48세,경상
2015030100100332,2015년 3월 1일 18시,일요일,전라남도 나주시 산포면,경상사고,0,0,3,0,차대차 - 측면직각충돌,직진우회전진행방해,건조,맑음,교차로 - 교차로안,승용,여,47세,경상,승용,남,53세,경상
2015030100100362,2015년 3월 1일 19시,일요일,전라남도 목포시 상동,중상사고,0,2,2,0,차대차 - 기타,교차로운행방법위반,건조,맑음,교차로 - 교차로안,화물,남,65세,경상,화물,남,24세,경상
2015030100100392,2015년 3월 1일 20시,일요일,전라남도 보성군 노동면,중상사고,0,1,0,0,차량단독 - 공작물충돌,안전운전불이행,건조,맑음,단일로 - 기타,화물,남,45세,중상,,,,
2015030100100416,2015년 3월 1일 21시,일요일,전라남도 목포시 상락동2가,중상사고,0,2,5,0,차대차 - 추돌 - 주정차중,안전운전불이행,건조,맑음,교차로 - 교차로부근,승용,여,50세,중상,승용,여,44세,경상
2015030100100417,2015년 3월 1일 21시,일요일,전라남도 여수시 신기동,중상사고,0,1,0,0,차대차 - 측면직각충돌,신호위반,건조,맑음,교차로 - 교차로안,승용,여,33세,상해없음,승용,여,44세,중상
2015030100100418,2015년 3월 1일 21시,일요일,전라남도 순천시 조례동,경상사고,0,0,2,0,차대차 - 기타,안전운전불이행,건조,맑음,단일로 - 기타,승용,남,55세,상해없음,승용,남,63세,경상
2015030100100427,2015년 3월 1일 22시,일요일,전라남도 나주시 금천면,경상사고,0,0,6,0,차대차 - 추돌 - 주정차중,안전운전불이행,건조,흐림,교차로 - 교차로부근,화물,남,48세,상해없음,승용,남,27세,경상
2015030200100071,2015년 3월 2일 07시,월요일,전라남도 목포시 산정동,경상사고,0,0,1,0,차대사람 - 기타,안전운전불이행,건조,맑음,교차로 - 교차로부근,화물,남,72세,상해없음,보행자,여,58세,경상
2015030200100112,2015년 3월 2일 08시,월요일,전라남도 고흥군 고흥읍,중상사고,0,1,0,0,차대차 - 측면직각충돌,안전운전불이행,건조,맑음,단일로 - 기타,화물,남,63세,상해없음,원동기,남,74세,중상
2015030200100113,2015년 3월 2일 08시,월요일,전라남도 해남군 해남읍,중상사고,0,1,0,0,차대사람 - 기타,안전운전불이행,건조,맑음,교차로 - 교차로부근,승용,여,39세,상해없음,보행자,여,50세,중상
2015030200100114,2015년 3월 2일 08시,월요일,전라남도 영광군 영광읍,경상사고,0,0,1,0,차량단독 - 전도전복,안전운전불이행,건조,맑음,교차로 - 교차로안,이륜,여,72세,경상,,,,
2015030200100115,2015년 3월 2일 08시,월요일,전라남도 광양시 광양읍,중상사고,0,1,0,0,차대차 - 측면직각충돌,교차로운행방법위반,건조,맑음,교차로 - 교차로안,승용,여,44세,상해없음,원동기,남,76세,중상
2015030200100152,2015년 3월 2일 09시,월요일,전라남도 여수시 충무동,경상사고,0,0,1,0,차대사람 - 횡단중,안전운전불이행,건조,맑음,교차로 - 교차로부근,화물,남,38세,기타불명,보행자,여,77세,경상
2015030200100222,2015년 3월 2일 11시,월요일,전라남도 고흥군 도화면,중상사고,0,1,0,0,차량단독 - 전도전복,안전운전불이행,건조,맑음,단일로 - 기타,농기계,여,64세,중상,,,,
2015030200100223,2015년 3월 2일 11시,월요일,전라남도 강진군 강진읍,중상사고,0,2,1,0,차량단독 - 공작물충돌,안전운전불이행,습기,흐림,단일로 - 기타,화물,남,65세,경상,,,,
2015030200100253,2015년 3월 2일 12시,월요일,전라남도 담양군 담양읍,경상사고,0,0,1,0,차대사람 - 기타,안전운전불이행,건조,맑음,교차로 - 교차로안,승용,여,52세,상해없음,보행자,여,83세,경상
2015030200100288,2015년 3월 2일 13시,월요일,전라남도 순천시 덕월동,중상사고,0,3,0,0,차대차 - 추돌 - 진행중,안전거리미확보,건조,맑음,교차로 - 교차로부근,승합,남,53세,상해없음,화물,남,75세,중상
2015030200100289,2015년 3월 2일 13시,월요일,전라남도 해남군 해남읍,중상사고,0,1,0,0,차대차 - 측면직각충돌,직진우회전진행방해,건조,맑음,교차로 - 교차로안,원동기,남,77세,중상,승용,여,54세,상해없음
2015030200100290,2015년 3월 2일 13시,월요일,전라남도 영암군 신북면,경상사고,0,0,7,0,차대차 - 측면직각충돌,안전운전불이행,건조,맑음,단일로 - 횡단보도부근,화물,남,71세,상해없음,승용,남,59세,경상
2015030200100327,2015년 3월 2일 14시,월요일,전라남도 순천시 조례동,경상사고,0,0,2,0,차대차 - 기타,직진우회전진행방해,건조,맑음,교차로 - 교차로부근,승용,남,20세,상해없음,화물,남,62세,상해없음
2015030200100329,2015년 3월 2일 14시,월요일,전라남도 고흥군 남양면,중상사고,0,2,1,0,차량단독 - 공작물충돌,안전운전불이행,건조,맑음,단일로 - 기타,승용,남,48세,경상,,,,
2015030200100330,2015년 3월 2일 14시,월요일,전라남도 담양군 봉산면,중상사고,0,1,0,0,차대사람 - 기타,안전운전불이행,건조,맑음,단일로 - 기타,건설기계,남,52세,상해없음,보행자,남,50세,중상
2015030200100362,2015년 3월 2일 15시,월요일,전라남도 여수시 봉산동,경상사고,0,0,1,0,차대차 - 정면충돌,안전운전불이행,건조,맑음,교차로 - 교차로안,승용,남,45세,상해없음,승용,남,29세,경상
2015030200100422,2015년 3월 2일 17시,월요일,전라남도 목포시 용당동,경상사고,0,0,2,0,차대차 - 기타,신호위반,건조,맑음,교차로 - 교차로안,이륜,남,63세,상해없음,승합,남,50세,경상
2015030200100423,2015년 3월 2일 17시,월요일,전라남도 나주시 청동,중상사고,0,1,0,0,차대차 - 측면직각충돌,안전운전불이행,건조,맑음,단일로 - 교량,승용,남,70세,상해없음,원동기,남,77세,중상
2015030200100424,2015년 3월 2일 17시,월요일,전라남도 나주시 남평읍,중상사고,0,1,0,0,차대사람 - 차도통행중,안전운전불이행,건조,맑음,단일로 - 교량,승용,여,25세,상해없음,보행자,여,76세,중상
2015030200100447,2015년 3월 2일 18시,월요일,전라남도 강진군 칠량면,중상사고,0,1,1,0,차대차 - 추돌 - 주정차중,안전운전불이행,건조,맑음,단일로 - 기타,승용,남,38세,경상,화물,남,45세,중상
2015030200100448,2015년 3월 2일 18시,월요일,전라남도 곡성군 옥과면,경상사고,0,0,1,0,차대사람 - 횡단중,안전운전불이행,건조,맑음,교차로 - 교차로부근,승용,남,57세,상해없음,보행자,여,13세,경상
2015030200100449,2015년 3월 2일 18시,월요일,전라남도 구례군 용방면,경상사고,0,0,2,0,차대차 - 기타,직진우회전진행방해,건조,맑음,교차로 - 교차로안,승합,남,74세,상해없음,승용,여,43세,경상
2015030200100571,2015년 3월 2일 22시,월요일,전라남도 곡성군 석곡면,중상사고,0,1,0,0,차량단독 - 도로외이탈 - 기타,안전운전불이행,건조,맑음,교차로 - 교차로부근,화물,남,45세,중상,,,,
2015030300100020,2015년 3월 3일 01시,화요일,전라남도 담양군 담양읍,경상사고,0,0,3,0,차대차 - 측면직각충돌,직진우회전진행방해,건조,기타,교차로 - 교차로안,승용,남,24세,상해없음,승용,남,47세,경상
2015030300100076,2015년 3월 3일 07시,화요일,전라남도 광양시 마동,경상사고,0,0,1,0,차대사람 - 횡단중,보행자보호의무위반,습기,비,단일로 - 횡단보도상,승용,여,43세,상해없음,보행자,여,16세,경상
2015030300100105,2015년 3월 3일 08시,화요일,전라남도 화순군 화순읍,경상사고,0,0,1,0,차대차 - 기타,교차로운행방법위반,건조,맑음,교차로 - 교차로안,승용,여,45세,상해없음,화물,남,43세,상해없음
2015030300100106,2015년 3월 3일 08시,화요일,전라남도 무안군 청계면,경상사고,0,0,5,0,차대차 - 정면충돌,신호위반,습기,비,교차로 - 교차로안,승용,여,53세,상해없음,승용,남,32세,경상
2015030300100128,2015년 3월 3일 09시,화요일,전라남도 해남군 해남읍,경상사고,0,0,2,0,차대차 - 기타,기타,습기,흐림,교차로 - 교차로안,화물,여,41세,상해없음,이륜,남,85세,경상
2015030300100129,2015년 3월 3일 09시,화요일,전라남도 광양시 태인동,경상사고,0,0,1,0,차대차 - 측면직각충돌,직진우회전진행방해,습기,비,교차로 - 교차로안,특수,남,48세,상해없음,승용,남,58세,경상
2015030300100154,2015년 3월 3일 10시,화요일,전라남도 목포시 대성동,경상사고,0,0,1,0,차대차 - 측면직각충돌,신호위반,습기,비,교차로 - 교차로안,승용,남,58세,상해없음,승용,여,22세,경상
2015030300100177,2015년 3월 3일 11시,화요일,전라남도 순천시 왕지동,중상사고,0,2,0,0,차대사람 - 횡단중,안전운전불이행,습기,비,단일로 - 기타,승용,여,43세,상해없음,보행자,여,65세,중상
2015030300100234,2015년 3월 3일 13시,화요일,전라남도 목포시 석현동,중상사고,0,1,0,0,차대차 - 정면충돌,신호위반,건조,맑음,교차로 - 교차로안,이륜,남,88세,중상,승용,남,59세,상해없음
2015030300100282,2015년 3월 3일 15시,화요일,전라남도 광양시 광영동,경상사고,0,0,5,0,차대차 - 기타,직진우회전진행방해,건조,맑음,교차로 - 교차로안,승용,여,39세,상해없음,승용,남,40세,경상
2015030300100354,2015년 3월 3일 17시,화요일,전라남도 장흥군 장흥읍,중상사고,0,1,0,0,차대사람 - 횡단중,안전운전불이행,건조,맑음,단일로 - 기타,승용,여,46세,상해없음,보행자,여,9세,중상
2015030300100402,2015년 3월 3일 18시,화요일,전라남도 여수시 학동,중상사고,0,1,0,0,차대사람 - 횡단중,보행자보호의무위반,건조,맑음,단일로 - 기타,승용,여,39세,상해없음,보행자,남,48세,중상
2015030300100403,2015년 3월 3일 18시,화요일,전라남도 순천시 연향동,경상사고,0,0,1,0,차대차 - 기타,안전운전불이행,건조,맑음,단일로 - 기타,승용,여,41세,상해없음,승용,남,32세,경상
2015030300100404,2015년 3월 3일 18시,화요일,전라남도 광양시 광양읍,경상사고,0,0,2,0,차대차 - 추돌 - 주정차중,안전운전불이행,건조,맑음,교차로 - 교차로부근,승용,남,67세,상해없음,승용,여,39세,경상
2015030300100455,2015년 3월 3일 19시,화요일,전라남도 순천시 인제동,경상사고,0,0,1,0,차대사람 - 기타,안전운전불이행,건조,맑음,단일로 - 기타,승용,남,56세,상해없음,보행자,남,41세,경상
2015030300100482,2015년 3월 3일 20시,화요일,전라남도 나주시 영산동,경상사고,0,0,1,1,차대차 - 측면직각충돌,신호위반,습기,흐림,교차로 - 교차로안,승용,남,55세,부상신고,화물,남,32세,경상
2015030300100511,2015년 3월 3일 21시,화요일,전라남도 여수시 미평동,경상사고,0,0,1,0,차대사람 - 횡단중,안전운전불이행,건조,맑음,교차로 - 교차로부근,승용,여,48세,상해없음,보행자,여,21세,경상
2015030300100512,2015년 3월 3일 21시,화요일,전라남도 영광군 영광읍,경상사고,0,0,1,0,차량단독 - 공작물충돌,안전운전불이행,습기,비,단일로 - 기타,화물,남,37세,경상,,,,
2015030300100548,2015년 3월 3일 22시,화요일,전라남도 여수시 덕충동,경상사고,0,0,1,0,차대차 - 추돌 - 주정차중,안전운전불이행,건조,맑음,교차로 - 교차로부근,기타불명,기타불명,기타불명,기타불명,승용,남,59세,경상
2015030300100581,2015년 3월 3일 23시,화요일,전라남도 순천시 석현동,경상사고,0,0,1,0,차대사람 - 기타,안전운전불이행,습기,흐림,단일로 - 기타,이륜,남,16세,상해없음,보행자,남,19세,경상
2015030400100032,2015년 3월 4일 02시,수요일,전라남도 순천시 해룡면,중상사고,0,1,1,0,차대차 - 추돌 - 주정차중,안전운전불이행,건조,맑음,단일로 - 기타,승용,남,47세,중상,화물,남,47세,경상
2015030400100040,2015년 3월 4일 03시,수요일,전라남도 목포시 서산동,경상사고,0,0,1,0,차량단독 - 기타,안전운전불이행,건조,기타,단일로 - 기타,화물,남,39세,경상,,,,
2015030400100066,2015년 3월 4일 06시,수요일,전라남도 목포시 옥암동,중상사고,0,1,0,0,차대사람 - 횡단중,신호위반,건조,맑음,단일로 - 횡단보도상,승용,남,40세,상해없음,보행자,남,23세,중상
2015030400100123,2015년 3월 4일 08시,수요일,전라남도 장흥군 장흥읍,경상사고,0,0,2,0,차대차 - 측면직각충돌,교차로운행방법위반,건조,맑음,교차로 - 교차로안,승용,남,40세,경상,화물,남,43세,경상
2015030400100166,2015년 3월 4일 09시,수요일,전라남도 여수시 여서동,경상사고,0,0,1,0,차대사람 - 횡단중,보행자보호의무위반,건조,맑음,단일로 - 횡단보도상,승용,여,53세,상해없음,보행자,남,60세,경상
2015030400100236,2015년 3월 4일 12시,수요일,전라남도 여수시 오림동,중상사고,0,1,0,0,차대차 - 추돌 - 진행중,안전운전불이행,건조,흐림,기타 - 기타,승용,남,44세,상해없음,이륜,남,22세,중상
2015030400100237,2015년 3월 4일 12시,수요일,전라남도 여수시 학동,중상사고,0,1,0,0,차대사람 - 길가장자리구역통행중,안전운전불이행,건조,맑음,단일로 - 횡단보도부근,승용,여,60세,상해없음,보행자,여,72세,중상
2015030400100238,2015년 3월 4일 12시,수요일,전라남도 무안군 삼향읍,중상사고,0,1,0,0,차대차 - 추돌 - 진행중,교차로운행방법위반,건조,맑음,교차로 - 교차로부근,승용,남,54세,상해없음,이륜,남,40세,중상
2015030400100287,2015년 3월 4일 14시,수요일,전라남도 광양시 태인동,경상사고,0,0,1,0,차대차 - 추돌 - 진행중,안전거리미확보,건조,맑음,단일로 - 기타,건설기계,남,49세,상해없음,승용,여,49세,경상
2015030400100315,2015년 3월 4일 15시,수요일,전라남도 목포시 상동,경상사고,0,0,1,0,차대차 - 측면직각충돌,교차로운행방법위반,건조,맑음,교차로 - 교차로안,승용,남,30세,상해없음,이륜,남,17세,경상
2015030400100316,2015년 3월 4일 15시,수요일,전라남도 목포시 용당동,경상사고,0,0,1,0,차대사람 - 기타,안전운전불이행,건조,맑음,단일로 - 기타,승용,여,48세,상해없음,보행자,남,33세,경상
2015030400100351,2015년 3월 4일 16시,수요일,전라남도 보성군 득량면,경상사고,0,0,1,0,차대차 - 추돌 - 진행중,안전운전불이행,건조,맑음,교차로 - 교차로부근,승용,남,67세,상해없음,승용,남,41세,경상
2015030400100382,2015년 3월 4일 17시,수요일,전라남도 여수시 소라면,경상사고,0,0,5,0,차대차 - 추돌 - 진행중,안전운전불이행,건조,맑음,단일로 - 터널,승용,남,34세,상해없음,승용,남,52세,경상
2015030400100507,2015년 3월 4일 20시,수요일,전라남도 여수시 여서동,경상사고,0,0,1,0,차대차 - 측면직각충돌,신호위반,건조,맑음,교차로 - 교차로부근,승용,남,57세,상해없음,승용,여,56세,경상
2015030400100541,2015년 3월 4일 21시,수요일,전라남도 목포시 상동,경상사고,0,0,2,0,차대차 - 측면직각충돌,안전운전불이행,건조,맑음,단일로 - 기타,기타불명,기타불명,기타불명,기타불명,승용,남,48세,경상
2015030400100574,2015년 3월 4일 22시,수요일,전라남도 여수시 국동,중상사고,0,2,3,0,차대차 - 추돌 - 진행중,신호위반,건조,맑음,교차로 - 교차로안,승용,남,30세,상해없음,이륜,남,19세,중상
2015030400100575,2015년 3월 4일 22시,수요일,전라남도 순천시 해룡면,경상사고,0,0,1,0,차대차 - 기타,중앙선침범,건조,맑음,단일로 - 기타,승용,남,25세,상해없음,승용,남,50세,경상
2015030500100011,2015년 3월 5일 00시,목요일,전라남도 여수시 봉계동,경상사고,0,0,1,0,차대차 - 추돌 - 주정차중,안전운전불이행,건조,맑음,교차로 - 교차로부근,승용,여,49세,상해없음,승용,여,45세,경상
2015030500100124,2015년 3월 5일 08시,목요일,전라남도 목포시 산정동,경상사고,0,0,3,0,차대차 - 추돌 - 주정차중,안전거리미확보,건조,맑음,단일로 - 기타,승용,여,24세,경상,승용,여,30세,경상
2015030500100125,2015년 3월 5일 08시,목요일,전라남도 여수시 관문동,경상사고,0,0,1,0,차대사람 - 길가장자리구역통행중,안전운전불이행,건조,맑음,단일로 - 기타,승용,여,45세,기타불명,보행자,여,14세,경상
2015030500100126,2015년 3월 5일 08시,목요일,전라남도 화순군 화순읍,경상사고,0,0,1,0,차대사람 - 횡단중,안전운전불이행,건조,맑음,교차로 - 교차로부근,승용,여,36세,상해없음,보행자,여,11세,경상
2015030500100127,2015년 3월 5일 08시,목요일,전라남도 강진군 강진읍,중상사고,0,1,0,0,차대사람 - 횡단중,보행자보호의무위반,건조,맑음,단일로 - 횡단보도상,화물,남,43세,상해없음,보행자,남,8세,중상
2015030500100166,2015년 3월 5일 09시,목요일,전라남도 완도군 완도읍,중상사고,0,1,0,0,차대사람 - 횡단중,안전운전불이행,건조,맑음,단일로 - 기타,승용,여,41세,상해없음,보행자,남,73세,중상
2015030500100167,2015년 3월 5일 09시,목요일,전라남도 광양시 중동,부상신고사고,0,0,0,1,차대사람 - 기타,안전운전불이행,건조,맑음,단일로 - 기타,승용,남,58세,상해없음,보행자,여,45세,부상신고
2015030500100184,2015년 3월 5일 10시,목요일,전라남도 곡성군 삼기면,경상사고,0,0,2,0,차대차 - 추돌 - 진행중,안전운전불이행,건조,맑음,단일로 - 기타,승용,남,25세,상해없음,승용,여,65세,경상
2015030500100204,2015년 3월 5일 11시,목요일,전라남도 여수시 웅천동,경상사고,0,0,3,0,차대차 - 측면직각충돌,중앙선침범,건조,맑음,단일로 - 기타,승용,남,57세,경상,승용,여,47세,경상
2015030500100264,2015년 3월 5일 13시,목요일,전라남도 목포시 죽교동,경상사고,0,0,1,0,차대사람 - 횡단중,신호위반,건조,맑음,단일로 - 횡단보도상,원동기,남,54세,상해없음,보행자,여,74세,경상
2015030500100345,2015년 3월 5일 15시,목요일,전라남도 무안군 몽탄면,경상사고,0,0,1,0,차대차 - 정면충돌,중앙선침범,건조,맑음,교차로 - 교차로부근,화물,남,46세,상해없음,승용,여,38세,경상
2015030500100375,2015년 3월 5일 16시,목요일,전라남도 담양군 금성면,경상사고,0,0,1,0,차대차 - 추돌 - 주정차중,안전운전불이행,건조,맑음,교차로 - 교차로안,화물,남,37세,상해없음,승용,여,29세,경상
2015030500100376,2015년 3월 5일 16시,목요일,전라남도 광양시 중동,중상사고,0,1,0,0,차대사람 - 횡단중,보행자보호의무위반,건조,맑음,단일로 - 횡단보도상,승용,남,30세,상해없음,보행자,남,7세,중상
2015030500100434,2015년 3월 5일 18시,목요일,전라남도 나주시 다시면,경상사고,0,0,1,0,차대차 - 기타,안전운전불이행,건조,흐림,교차로 - 교차로부근,화물,남,30세,상해없음,승용,남,58세,경상
2015030500100483,2015년 3월 5일 19시,목요일,전라남도 목포시 호남동,경상사고,0,0,2,0,차대차 - 기타,교차로운행방법위반,건조,맑음,교차로 - 교차로안,승용,남,51세,상해없음,승용,남,36세,경상
2015030500100484,2015년 3월 5일 19시,목요일,전라남도 여수시 웅천동,경상사고,0,0,6,0,차대차 - 추돌 - 주정차중,안전운전불이행,건조,맑음,교차로 - 교차로부근,승용,남,19세,상해없음,승용,남,22세,경상
2015030500100485,2015년 3월 5일 19시,목요일,전라남도 순천시 조곡동,경상사고,0,0,1,0,차대차 - 기타,직진우회전진행방해,건조,맑음,교차로 - 교차로안,승용,여,48세,상해없음,승용,남,51세,경상
2015030500100486,2015년 3월 5일 19시,목요일,전라남도 담양군 봉산면,경상사고,0,0,1,0,차대사람 - 길가장자리구역통행중,안전운전불이행,건조,맑음,단일로 - 기타,승용,남,40세,상해없음,보행자,남,62세,경상
2015030500100487,2015년 3월 5일 19시,목요일,전라남도 광양시 도이동,경상사고,0,0,1,0,차대차 - 기타,직진우회전진행방해,건조,맑음,교차로 - 교차로안,화물,남,59세,상해없음,건설기계,남,52세,경상
2015030500100531,2015년 3월 5일 20시,목요일,전라남도 목포시 옥암동,경상사고,0,0,2,0,차대사람 - 보도통행중,기타,건조,맑음,단일로 - 횡단보도부근,승용,남,18세,상해없음,보행자,여,14세,경상
2015030500100532,2015년 3월 5일 20시,목요일,전라남도 함평군 학교면,중상사고,0,1,0,0,차대사람 - 차도통행중,안전운전불이행,건조,맑음,교차로 - 교차로부근,승용,남,72세,상해없음,보행자,남,48세,중상
2015030500100563,2015년 3월 5일 21시,목요일,전라남도 목포시 옥암동,경상사고,0,0,1,0,차대차 - 측면직각충돌,직진우회전진행방해,건조,흐림,교차로 - 교차로안,승용,여,43세,상해없음,원동기,남,17세,경상
2015030500100585,2015년 3월 5일 22시,목요일,전라남도 순천시 조례동,중상사고,0,1,0,0,차대사람 - 기타,안전운전불이행,건조,맑음,교차로 - 교차로부근,승용,남,19세,상해없음,보행자,여,20세,중상
2015030600100009,2015년 3월 6일 00시,금요일,전라남도 목포시 옥암동,경상사고,0,0,3,0,차대차 - 정면충돌,직진우회전진행방해,건조,맑음,교차로 - 교차로안,승용,여,39세,경상,승용,남,35세,경상
2015030600100019,2015년 3월 6일 01시,금요일,전라남도 광양시 금호동,경상사고,0,0,2,0,차대차 - 측면직각충돌,직진우회전진행방해,건조,맑음,교차로 - 교차로안,승용,여,63세,경상,승용,여,35세,경상
2015030600100026,2015년 3월 6일 02시,금요일,전라남도 순천시 해룡면,경상사고,0,0,1,1,차대차 - 기타,직진우회전진행방해,건조,맑음,교차로 - 교차로안,승용,남,30세,부상신고,승용,여,44세,경상
2015030600100038,2015년 3월 6일 04시,금요일,전라남도 여수시 여서동,중상사고,0,1,0,0,차대사람 - 횡단중,안전운전불이행,건조,맑음,기타 - 기타,승용,남,73세,상해없음,보행자,남,23세,중상
2015030600100062,2015년 3월 6일 06시,금요일,전라남도 목포시 산정동,경상사고,0,0,5,0,차대차 - 추돌 - 주정차중,안전운전불이행,건조,흐림,단일로 - 기타,승합,남,35세,경상,화물,남,37세,상해없음