사고번호,사고일시,요일,시군구,사고내용,사망자수,중상자수,경상자수,부상신고자수,사고유형,법규위반,노면상태,기상상태,도로형태,가해운전자 차종,가해운전자 성별,가해운전자 연령,가해운전자 상해정도,피해운전자 차종,피해운전자 성별,피해운전자 연령,피해운전자 상해정도
2015031500100210,2015년 3월 15일 12시,일요일,전라남도 순천시 매곡동,경상사고,0,0,1,1,차대차 - 기타,안전운전불이행,건조,맑음,단일로 - 기타,승용,남,18세,부상신고,화물,남,62세,기타불명
2015031500100211,2015년 3월 15일 12시,일요일,전라남도 광양시 중동,중상사고,0,1,0,0,차대차 - 측면직각충돌,신호위반,건조,맑음,교차로 - 교차로안,승용,여,42세,상해없음,원동기,남,55세,중상
2015031500100240,2015년 3월 15일 13시,일요일,전라남도 여수시 둔덕동,경상사고,0,0,1,0,차대차 - 추돌 - 주정차중,안전운전불이행,건조,맑음,단일로 - 기타,승용,남,39세,상해없음,승용,남,35세,경상
2015031500100277,2015년 3월 15일 14시,일요일,전라남도 광양시 다압면,경상사고,0,0,1,0,차대사람 - 기타,안전운전불이행,건조,맑음,단일로 - 기타,승합,남,44세,상해없음,보행자,남,60세,경상
2015031500100311,2015년 3월 15일 15시,일요일,전라남도 담양군 금성면,경상사고,0,0,1,0,차량단독 - 공작물충돌,안전운전불이행,건조,맑음,단일로 - 기타,화물,남,43세,경상,,,,
2015031500100347,2015년 3월 15일 16시,일요일,전라남도 목포시 옥암동,경상사고,0,0,1,0,차대차 - 측면직각충돌,신호위반,건조,맑음,교차로 - 교차로안,승용,남,57세,상해없음,승용,남,69세,경상
2015031500100348,2015년 3월 15일 16시,일요일,전라남도 보성군 보성읍,중상사고,0,1,0,0,차량단독 - 공작물충돌,안전운전불이행,건조,맑음,단일로 - 기타,승용,남,69세,중상,,,,
2015031500100349,2015년 3월 15일 16시,일요일,전라남도 담양군 담양읍,경상사고,0,0,1,0,차대차 - 기타,안전거리미확보,건조,맑음,단일로 - 기타,승용,남,27세,상해없음,원동기,남,20세,경상
2015031500100376,2015년 3월 15일 17시,일요일,전라남도 목포시 상동,경상사고,0,0,1,0,차대차 - 추돌 - 주정차중,안전운전불이행,건조,맑음,교차로 - 교차로부근,이륜,남,16세,경상,화물,남,35세,상해없음
2015031500100377,2015년 3월 15일 17시,일요일,전라남도 담양군 월산면,경상사고,0,0,2,0,차대차 - 기타,안전운전불이행,건조,맑음,교차로 - 교차로안,승용,여,54세,상해없음,승용,남,35세,경상
2015031500100453,2015년 3월 15일 19시,일요일,전라남도 여수시 상암동,경상사고,0,0,2,0,차대차 - 추돌 - 진행중,안전운전불이행,건조,맑음,단일로 - 횡단보도부근,화물,남,54세,상해없음,승용,남,45세,경상
2015031500100454,2015년 3월 15일 19시,일요일,전라남도 광양시 광양읍,중상사고,0,1,0,0,차대사람 - 횡단중,안전운전불이행,건조,맑음,교차로 - 교차로안,승용,여,43세,상해없음,보행자,남,55세,중상
2015031500100491,2015년 3월 15일 20시,일요일,전라남도 여수시 문수동,경상사고,0,0,2,0,차대차 - 측면직각충돌,차로위반,건조,맑음,단일로 - 기타,승용,남,29세,기타불명,원동기,남,57세,경상
2015031500100537,2015년 3월 15일 22시,일요일,전라남도 여수시 신기동,경상사고,0,0,2,0,차대차 - 추돌 - 주정차중,안전운전불이행,건조,맑음,교차로 - 교차로부근,승용,남,30세,상해없음,승용,여,50세,경상
2015031500100538,2015년 3월 15일 22시,일요일,전라남도 나주시 남평읍,경상사고,0,0,1,0,차대차 - 추돌 - 주정차중,안전운전불이행,건조,맑음,단일로 - 기타,승용,남,62세,상해없음,승용,남,33세,기타불명
2015031500100554,2015년 3월 15일 23시,일요일,전라남도 여수시 덕충동,경상사고,0,0,2,0,차대차 - 측면직각충돌,교차로운행방법위반,건조,맑음,교차로 - 교차로안,승용,남,28세,경상,승용,남,34세,경상
2015031600100020,2015년 3월 16일 01시,월요일,전라남도 여수시 여서동,경상사고,0,0,1,0,차대사람 - 길가장자리구역통행중,안전운전불이행,건조,맑음,단일로 - 기타,승용,남,49세,상해없음,보행자,남,42세,경상
2015031600100104,2015년 3월 16일 08시,월요일,전라남도 여수시 적량동,경상사고,0,0,1,0,차대차 - 측면직각충돌,안전운전불이행,건조,맑음,단일로 - 기타,승용,남,34세,경상,특수,남,47세,상해없음
2015031600100127,2015년 3월 16일 09시,월요일,전라남도 순천시 상사면,경상사고,0,0,5,0,차대차 - 측면직각충돌,안전거리미확보,건조,맑음,단일로 - 기타,승합,남,49세,상해없음,화물,남,66세,경상
2015031600100128,2015년 3월 16일 09시,월요일,전라남도 장흥군 장흥읍,경상사고,0,0,1,0,차대차 - 측면직각충돌,교차로운행방법위반,건조,맑음,교차로 - 교차로안,원동기,남,72세,경상,승용,여,32세,상해없음
2015031600100194,2015년 3월 16일 11시,월요일,전라남도 목포시 상동,경상사고,0,0,1,0,차대차 - 기타,안전운전불이행,건조,맑음,교차로 - 교차로부근,승용,여,33세,경상,화물,남,74세,상해없음
2015031600100195,2015년 3월 16일 11시,월요일,전라남도 장성군 동화면,경상사고,0,0,1,0,차대차 - 추돌 - 주정차중,안전운전불이행,건조,맑음,교차로 - 교차로부근,이륜,남,76세,경상,승용,남,48세,상해없음
2015031600100196,2015년 3월 16일 11시,월요일,전라남도 강진군 강진읍,경상사고,0,0,1,0,차대사람 - 차도통행중,안전운전불이행,건조,맑음,교차로 - 교차로부근,승용,여,38세,상해없음,보행자,여,39세,경상
2015031600100267,2015년 3월 16일 13시,월요일,전라남도 완도군 고금면,경상사고,0,0,2,0,차대차 - 추돌 - 진행중,안전운전불이행,건조,맑음,단일로 - 기타,화물,남,52세,상해없음,승용,남,68세,경상
2015031600100295,2015년 3월 16일 14시,월요일,전라남도 광양시 중동,경상사고,0,0,1,0,차대사람 - 기타,안전운전불이행,건조,맑음,기타 - 기타,승용,여,44세,상해없음,보행자,여,42세,경상
2015031600100317,2015년 3월 16일 15시,월요일,전라남도 목포시 석현동,경상사고,0,0,3,0,차대차 - 기타,신호위반,건조,맑음,교차로 - 교차로안,화물,남,64세,상해없음,승용,여,31세,경상
2015031600100318,2015년 3월 16일 15시,월요일,전라남도 광양시 성황동,경상사고,0,0,2,1,차대차 - 추돌 - 주정차중,안전운전불이행,건조,맑음,교차로 - 교차로부근,승용,여,42세,부상신고,승용,여,43세,경상
2015031600100393,2015년 3월 16일 17시,월요일,전라남도 여수시 화치동,경상사고,0,0,1,0,차대차 - 측면직각충돌,안전운전불이행,건조,맑음,단일로 - 기타,화물,남,45세,상해없음,승용,남,39세,경상
2015031600100394,2015년 3월 16일 17시,월요일,전라남도 고흥군 도양읍,부상신고사고,0,0,0,1,차량단독 - 기타,안전운전불이행,건조,맑음,단일로 - 기타,이륜,남,74세,부상신고,,,,
2015031600100395,2015년 3월 16일 17시,월요일,전라남도 화순군 화순읍,사망사고,1,0,0,0,차대사람 - 길가장자리구역통행중,안전운전불이행,건조,맑음,기타 - 기타,건설기계,남,51세,상해없음,보행자,남,90세 이상,사망
2015031600100429,2015년 3월 16일 18시,월요일,전라남도 목포시 산정동,경상사고,0,0,1,0,차대사람 - 차도통행중,안전운전불이행,건조,흐림,단일로 - 기타,승용,여,54세,상해없음,보행자,남,40세,경상
2015031600100430,2015년 3월 16일 18시,월요일,전라남도 여수시 둔덕동,경상사고,0,0,1,0,차대차 - 추돌 - 진행중,안전운전불이행,건조,맑음,기타 - 기타,이륜,남,19세,상해없음,승용,여,32세,경상
2015031600100431,2015년 3월 16일 18시,월요일,전라남도 여수시 여서동,경상사고,0,0,1,0,차대사람 - 차도통행중,안전운전불이행,건조,맑음,교차로 - 교차로안,화물,여,48세,상해없음,보행자,여,55세,경상
2015031600100432,2015년 3월 16일 18시,월요일,전라남도 나주시 용산동,경상사고,0,0,1,0,차대차 - 측면직각충돌,직진우회전진행방해,건조,맑음,교차로 - 교차로안,승용,여,56세,상해없음,승용,남,48세,경상
2015031600100433,2015년 3월 16일 18시,월요일,전라남도 보성군 보성읍,중상사고,0,1,0,0,차대사람 - 횡단중,안전운전불이행,건조,맑음,단일로 - 기타,승용,여,50세,상해없음,보행자,남,9세,중상
2015031600100506,2015년 3월 16일 20시,월요일,전라남도 목포시 상동,경상사고,0,0,1,0,차대차 - 기타,안전운전불이행,건조,맑음,기타 - 기타,승용,남,74세,상해없음,승용,여,56세,상해없음
2015031600100507,2015년 3월 16일 20시,월요일,전라남도 여수시 광무동,경상사고,0,0,2,0,차대차 - 추돌 - 진행중,안전운전불이행,건조,맑음,단일로 - 기타,승용,여,25세,상해없음,승용,남,29세,상해없음
2015031600100539,2015년 3월 16일 21시,월요일,전라남도 보성군 벌교읍,중상사고,0,1,0,0,차대차 - 추돌 - 주정차중,중앙선침범,건조,맑음,단일로 - 기타,화물,남,31세,상해없음,승용,남,31세,중상
2015031600100540,2015년 3월 16일 21시,월요일,전라남도 무안군 삼향읍,경상사고,0,0,1,0,차대차 - 추돌 - 주정차중,안전운전불이행,건조,맑음,교차로 - 교차로부근,승용,남,30세,상해없음,승용,여,39세,경상
2015031600100541,2015년 3월 16일 21시,월요일,전라남도 광양시 광영동,경상사고,0,0,2,0,차대차 - 측면직각충돌,중앙선침범,건조,맑음,교차로 - 교차로부근,승용,남,57세,경상,승용,남,27세,경상
2015031600100542,2015년 3월 16일 21시,월요일,전라남도 광양시 금호동,경상사고,0,0,1,0,차대차 - 측면직각충돌,신호위반,건조,맑음,교차로 - 교차로안,승용,남,43세,상해없음,화물,남,46세,상해없음
2015031600100571,2015년 3월 16일 22시,월요일,전라남도 목포시 용당동,경상사고,0,0,2,0,차대차 - 기타,교차로운행방법위반,건조,맑음,교차로 - 교차로안,승용,남,52세,경상,승용,남,27세,경상
2015031600100572,2015년 3월 16일 22시,월요일,전라남도 여수시 화양면,사망사고,1,0,0,0,차대사람 - 길가장자리구역통행중,안전운전불이행,건조,맑음,단일로 - 기타,승합,남,40세,상해없음,보행자,남,52세,사망
2015031700100019,2015년 3월 17일 01시,화요일,전라남도 나주시 노안면,경상사고,0,0,1,0,차대차 - 추돌 - 주정차중,안전운전불이행,건조,기타,단일로 - 기타,승용,남,44세,상해없음,화물,남,63세,경상
2015031700100030,2015년 3월 17일 02시,화요일,전라남도 광양시 광양읍,경상사고,0,0,2,0,차대차 - 추돌 - 주정차중,안전운전불이행,건조,맑음,교차로 - 교차로부근,화물,남,55세,상해없음,승용,남,32세,경상
2015031700100050,2015년 3월 17일 04시,화요일,전라남도 여수시 선원동,중상사고,0,1,0,0,차량단독 - 공작물충돌,안전운전불이행,건조,맑음,단일로 - 기타,승용,남,36세,상해없음,,,,
2015031700100072,2015년 3월 17일 06시,화요일,전라남도 진도군 진도읍,경상사고,0,0,1,0,차대사람 - 기타,안전운전불이행,건조,맑음,교차로 - 교차로부근,승합,남,31세,상해없음,보행자,남,29세,경상
2015031700100093,2015년 3월 17일 07시,화요일,전라남도 고흥군 두원면,중상사고,0,2,1,0,차량단독 - 전도전복,안전운전불이행,건조,맑음,단일로 - 기타,화물,남,43세,중상,,,,
2015031700100094,2015년 3월 17일 07시,화요일,전라남도 영암군 삼호읍,경상사고,0,0,1,0,차대차 - 측면직각충돌,안전운전불이행,건조,맑음,교차로 - 교차로부근,이륜,남,62세,경상,승용,남,70세,상해없음
2015031700100095,2015년 3월 17일 07시,화요일,전라남도 담양군 대덕면,경상사고,0,0,1,0,차대차 - 측면직각충돌,기타,건조,맑음,단일로 - 터널,특수,남,32세,상해없음,승용,남,49세,상해없음
2015031700100131,2015년 3월 17일 08시,화요일,전라남도 여수시 웅천동,중상사고,0,1,1,0,차대차 - 측면직각충돌,불법유턴,건조,맑음,단일로 - 기타,승용,여,34세,경상,승용,남,48세,중상
2015031700100132,2015년 3월 17일 08시,화요일,전라남도 무안군 해제면,중상사고,0,2,1,0,차대차 - 측면직각충돌,안전운전불이행,건조,맑음,단일로 - 기타,승용,남,68세,상해없음,승용,남,41세,중상
2015031700100173,2015년 3월 17일 09시,화요일,전라남도 무안군 무안읍,중상사고,0,1,1,0,차대차 - 추돌 - 진행중,안전운전불이행,건조,맑음,단일로 - 기타,화물,남,63세,경상,농기계,남,77세,중상
2015031700100203,2015년 3월 17일 10시,화요일,전라남도 목포시 대안동,경상사고,0,0,1,0,차대차 - 측면직각충돌,안전운전불이행,건조,맑음,교차로 - 교차로부근,화물,남,58세,상해없음,승용,남,75세,경상
2015031700100204,2015년 3월 17일 10시,화요일,전라남도 순천시 주암면,경상사고,0,0,2,0,차대차 - 기타,교차로운행방법위반,건조,맑음,교차로 - 교차로부근,승합,남,55세,상해없음,원동기,남,41세,경상
2015031700100205,2015년 3월 17일 10시,화요일,전라남도 보성군 벌교읍,중상사고,0,1,0,0,차대차 - 측면직각충돌,안전운전불이행,건조,맑음,단일로 - 기타,화물,남,45세,상해없음,원동기,남,66세,중상
2015031700100276,2015년 3월 17일 13시,화요일,전라남도 신안군 압해읍,중상사고,0,1,0,0,차대사람 - 횡단중,안전운전불이행,건조,맑음,단일로 - 기타,승용,남,57세,상해없음,보행자,남,11세,중상
2015031700100277,2015년 3월 17일 13시,화요일,전라남도 순천시 왕지동,경상사고,0,0,2,0,차대차 - 기타,직진우회전진행방해,건조,맑음,교차로 - 교차로안,승용,남,22세,경상,화물,남,30세,경상
2015031700100315,2015년 3월 17일 14시,화요일,전라남도 영암군 영암읍,경상사고,0,0,1,0,차대사람 - 횡단중,안전운전불이행,건조,맑음,단일로 - 횡단보도부근,승용,남,57세,상해없음,보행자,남,8세,경상
2015031700100341,2015년 3월 17일 15시,화요일,전라남도 목포시 동명동,경상사고,0,0,1,0,차대차 - 측면직각충돌,신호위반,건조,맑음,단일로 - 횡단보도상,승용,여,36세,상해없음,자전거,남,65세,경상
2015031700100342,2015년 3월 17일 15시,화요일,전라남도 보성군 미력면,사망사고,1,0,1,0,차대차 - 추돌 - 진행중,안전운전불이행,건조,맑음,교차로 - 교차로안,원동기,남,90세 이상,사망,자전거,여,71세,경상
2015031700100343,2015년 3월 17일 15시,화요일,전라남도 무안군 운남면,중상사고,0,1,0,0,차대차 - 측면직각충돌,신호위반,건조,흐림,교차로 - 교차로안,원동기,남,86세,중상,승용,남,64세,상해없음
2015031700100370,2015년 3월 17일 16시,화요일,전라남도 화순군 화순읍,경상사고,0,0,2,1,차대차 - 정면충돌,중앙선침범,건조,맑음,단일로 - 기타,승용,남,68세,부상신고,화물,남,38세,경상
2015031700100371,2015년 3월 17일 16시,화요일,전라남도 진도군 군내면,중상사고,0,1,0,0,차량단독 - 전도전복,안전운전불이행,건조,맑음,단일로 - 기타,이륜,여,78세,중상,,,,
2015031700100399,2015년 3월 17일 17시,화요일,전라남도 목포시 옥암동,경상사고,0,0,1,0,차대차 - 측면직각충돌,안전운전불이행,건조,맑음,교차로 - 교차로안,건설기계,남,57세,상해없음,화물,남,35세,경상
2015031700100400,2015년 3월 17일 17시,화요일,전라남도 화순군 화순읍,중상사고,0,1,0,0,차대사람 - 횡단중,안전운전불이행,건조,맑음,단일로 - 기타,승용,여,49세,상해없음,보행자,여,14세,중상
2015031700100444,2015년 3월 17일 18시,화요일,전라남도 순천시 덕암동,경상사고,0,0,1,0,차대차 - 추돌 - 주정차중,안전거리미확보,건조,맑음,단일로 - 기타,승용,여,48세,상해없음,승용,남,53세,경상
2015031700100445,2015년 3월 17일 18시,화요일,전라남도 곡성군 겸면,경상사고,0,0,2,0,차대차 - 측면직각충돌,중앙선침범,건조,맑음,단일로 - 기타,화물,남,76세,상해없음,승용,남,79세,경상
2015031700100486,2015년 3월 17일 19시,화요일,전라남도 광양시 옥룡면,사망사고,1,0,0,0,차대사람 - 길가장자리구역통행중,안전운전불이행,건조,맑음,단일로 - 기타,승용,남,40세,상해없음,보행자,여,74세,사망
2015031700100577,2015년 3월 17일 22시,화요일,전라남도 광양시 광양읍,경상사고,0,0,1,0,차대차 - 측면직각충돌,신호위반,건조,맑음,교차로 - 교차로안,승용,남,36세,상해없음,승용,여,46세,경상
2015031800100102,2015년 3월 18일 07시,수요일,전라남도 나주시 노안면,경상사고,0,0,1,2,차량단독 - 전도전복,안전운전불이행,습기,비,단일로 - 기타,화물,남,35세,경상,,,,
2015031800100142,2015년 3월 18일 08시,수요일,전라남도 신안군 압해읍,경상사고,0,0,1,0,차대차 - 정면충돌,중앙선침범,건조,맑음,단일로 - 기타,승용,남,24세,상해없음,화물,남,38세,경상
2015031800100143,2015년 3월 18일 08시,수요일,전라남도 광양시 금호동,중상사고,0,1,3,0,차대차 - 추돌 - 주정차중,안전운전불이행,습기,비,단일로 - 교량,특수,남,45세,상해없음,특수,남,45세,경상
2015031800100169,2015년 3월 18일 09시,수요일,전라남도 순천시 왕지동,경상사고,0,0,2,0,차대차 - 측면직각충돌,안전운전불이행,습기,비,교차로 - 교차로안,승용,여,32세,경상,승용,여,42세,경상
2015031800100170,2015년 3월 18일 09시,수요일,전라남도 순천시 해룡면,경상사고,0,0,1,0,차량단독 - 기타,안전운전불이행,습기,비,단일로 - 기타,승용,남,29세,경상,,,,
2015031800100171,2015년 3월 18일 09시,수요일,전라남도 순천시 남정동,경상사고,0,0,2,0,차대차 - 기타,교차로운행방법위반,습기,비,교차로 - 교차로안,승용,여,56세,상해없음,승용,남,38세,경상
2015031800100190,2015년 3월 18일 10시,수요일,전라남도 여수시 평여동,경상사고,0,0,1,0,차대차 - 측면직각충돌,중앙선침범,습기,비,단일로 - 기타,특수,남,61세,상해없음,승용,남,39세,경상
2015031800100214,2015년 3월 18일 11시,수요일,전라남도 영광군 백수읍,사망사고,1,0,0,0,차량단독 - 전도전복,안전운전불이행,습기,비,단일로 - 기타,원동기,남,67세,사망,,,,
2015031800100266,2015년 3월 18일 13시,수요일,전라남도 강진군 작천면,경상사고,0,0,5,0,차대차 - 측면직각충돌,직진우회전진행방해,습기,비,교차로 - 교차로안,승용,여,50세,상해없음,승용,남,41세,경상
2015031800100267,2015년 3월 18일 13시,수요일,전라남도 광양시 중동,경상사고,0,0,1,0,차대차 - 추돌 - 진행중,직진우회전진행방해,습기,비,교차로 - 교차로안,승합,남,26세,상해없음,화물,남,40세,경상
2015031800100299,2015년 3월 18일 14시,수요일,전라남도 목포시 산정동,경상사고,0,0,1,0,차대차 - 정면충돌,안전운전불이행,습기,비,단일로 - 기타,승용,남,71세,상해없음,이륜,남,62세,경상
2015031800100300,2015년 3월 18일 14시,수요일,전라남도 담양군 용면,경상사고,0,0,1,0,차량단독 - 공작물충돌,안전운전불이행,습기,비,단일로 - 기타,승용,여,29세,경상,,,,
2015031800100301,2015년 3월 18일 14시,수요일,전라남도 무안군 무안읍,중상사고,0,1,0,0,차량단독 - 공작물충돌,안전운전불이행,습기,비,단일로 - 기타,화물,남,52세,중상,,,,
2015031800100302,2015년 3월 18일 14시,수요일,전라남도 구례군 구례읍,부상신고사고,0,0,0,1,차대차 - 기타,직진우회전진행방해,건조,맑음,교차로 - 교차로안,승용,남,65세,부상신고,승용,여,59세,상해없음
2015031800100336,2015년 3월 18일 15시,수요일,전라남도 해남군 화산면,경상사고,0,0,2,0,차대차 - 측면직각충돌,안전거리미확보,건조,맑음,단일로 - 기타,승용,남,69세,상해없음,승용,남,37세,경상
2015031800100374,2015년 3월 18일 16시,수요일,전라남도 여수시 안산동,경상사고,0,0,1,0,차대차 - 추돌 - 주정차중,안전운전불이행,건조,맑음,교차로 - 교차로부근,승용,남,36세,상해없음,승용,여,37세,경상
2015031800100375,2015년 3월 18일 16시,수요일,전라남도 영광군 군서면,중상사고,0,1,1,0,차대차 - 정면충돌,교차로운행방법위반,건조,맑음,교차로 - 교차로안,화물,남,27세,상해없음,화물,남,67세,경상
2015031800100376,2015년 3월 18일 16시,수요일,전라남도 무안군 삼향읍,경상사고,0,0,2,0,차대차 - 추돌 - 진행중,안전운전불이행,습기,비,단일로 - 기타,승용,남,28세,경상,승용,남,28세,상해없음
2015031800100418,2015년 3월 18일 17시,수요일,전라남도 목포시 북교동,경상사고,0,0,2,0,차대차 - 추돌 - 주정차중,안전운전불이행,건조,기타,단일로 - 기타,승용,남,63세,상해없음,승용,남,33세,경상
2015031800100419,2015년 3월 18일 17시,수요일,전라남도 여수시 소라면,경상사고,0,0,1,0,차대사람 - 길가장자리구역통행중,안전운전불이행,습기,비,기타 - 기타,승용,남,59세,기타불명,보행자,남,35세,경상
2015031800100461,2015년 3월 18일 18시,수요일,전라남도 영암군 금정면,경상사고,0,0,1,0,차량단독 - 도로외이탈 - 기타,안전운전불이행,습기,비,단일로 - 기타,화물,남,53세,경상,,,,
2015031800100517,2015년 3월 18일 19시,수요일,전라남도 목포시 산정동,경상사고,0,0,3,0,차대차 - 측면직각충돌,안전운전불이행,습기,비,교차로 - 교차로안,승용,남,41세,경상,승용,남,43세,경상
2015031800100518,2015년 3월 18일 19시,수요일,전라남도 여수시 화장동,경상사고,0,0,6,0,차대차 - 측면직각충돌,신호위반,습기,비,교차로 - 교차로안,승용,남,51세,상해없음,승합,남,52세,경상
2015031800100519,2015년 3월 18일 19시,수요일,전라남도 순천시 가곡동,중상사고,0,2,0,0,차대사람 - 기타,안전운전불이행,습기,비,단일로 - 기타,원동기,남,16세,중상,보행자,남,64세,중상
2015031800100520,2015년 3월 18일 19시,수요일,전라남도 광양시 중동,경상사고,0,0,1,0,차대차 - 측면직각충돌,교차로운행방법위반,습기,비,교차로 - 교차로안,기타불명,기타불명,기타불명,기타불명,승용,남,49세,경상
2015031800100571,2015년 3월 18일 20시,수요일,전라남도 여수시 여서동,경상사고,0,0,1,0,차대차 - 측면직각충돌,안전운전불이행,습기,비,교차로 - 교차로부근,승용,남,51세,상해없음,승용,여,42세,경상
2015031800100611,2015년 3월 18일 21시,수요일,전라남도 여수시 신기동,경상사고,0,0,2,0,차대차 - 추돌 - 주정차중,안전운전불이행,습기,비,단일로 - 기타,승용,남,36세,상해없음,승용,여,39세,경상
2015031800100612,2015년 3월 18일 21시,수요일,전라남도 나주시 성북동,중상사고,0,1,0,0,차대사람 - 횡단중,신호위반,습기,비,교차로 - 교차로안,승용,남,63세,상해없음,보행자,여,71세,중상
2015031800100655,2015년 3월 18일 22시,수요일,전라남도 영광군 영광읍,경상사고,0,0,1,0,차대차 - 측면직각충돌,교차로운행방법위반,건조,맑음,교차로 - 교차로안,승용,여,44세,상해없음,승용,남,55세,경상
2015031800100683,2015년 3월 18일 23시,수요일,전라남도 목포시 상동,경상사고,0,0,1,0,차대차 - 측면직각충돌,안전운전불이행,습기,비,단일로 - 기타,승용,남,31세,상해없음,승용,남,44세,경상
2015031800100684,2015년 3월 18일 23시,수요일,전라남도 여수시 학동,경상사고,0,0,1,0,차대사람 - 길가장자리구역통행중,안전운전불이행,습기,비,단일로 - 기타,승용,남,37세,기타불명,보행자,여,18세,경상
2015031800100685,2015년 3월 18일 23시,수요일,전라남도 무안군 청계면,경상사고,0,0,2,0,차대차 - 추돌 - 주정차중,안전운전불이행,습기,비,교차로 - 교차로부근,화물,남,45세,경상,화물,남,59세,경상
2015031900100052,2015년 3월 19일 02시,목요일,전라남도 영암군 삼호읍,경상사고,0,0,2,0,차대차 - 추돌 - 주정차중,안전운전불이행,건조,맑음,교차로 - 교차로부근,승용,남,34세,상해없음,승용,여,54세,경상
2015031900100053,2015년 3월 19일 02시,목요일,전라남도 광양시 광영동,경상사고,0,0,2,0,차대차 - 추돌 - 주정차중,안전운전불이행,습기,비,교차로 - 교차로부근,승용,남,49세,상해없음,승용,여,41세,경상
2015031900100138,2015년 3월 19일 08시,목요일,전라남도 목포시 산정동,경상사고,0,0,2,0,차대차 - 기타,교차로운행방법위반,습기,흐림,교차로 - 교차로안,승용,남,42세,상해없음,승용,남,22세,경상
2015031900100139,2015년 3월 19일 08시,목요일,전라남도 나주시 남외동,경상사고,0,0,1,0,차대사람 - 횡단중,보행자보호의무위반,건조,맑음,단일로 - 기타,승용,기타불명,기타불명,기타불명,보행자,남,7세,경상
2015031900100180,2015년 3월 19일 09시,목요일,전라남도 나주시 청동,경상사고,0,0,1,0,차대차 - 측면직각충돌,중앙선침범,건조,맑음,교차로 - 교차로부근,승용,남,46세,상해없음,승용,남,65세,경상
2015031900100212,2015년 3월 19일 10시,목요일,전라남도 화순군 화순읍,부상신고사고,0,0,0,1,차대차 - 측면직각충돌,안전운전불이행,건조,맑음,교차로 - 교차로안,원동기,남,75세,부상신고,승용,여,37세,상해없음
2015031900100265,2015년 3월 19일 12시,목요일,전라남도 순천시 조례동,부상신고사고,0,0,0,1,차대차 - 기타,직진우회전진행방해,건조,맑음,교차로 - 교차로안,승용,여,45세,부상신고,화물,남,37세,상해없음
2015031900100266,2015년 3월 19일 12시,목요일,전라남도 나주시 영산동,경상사고,0,0,2,0,차대차 - 기타,신호위반,건조,맑음,교차로 - 교차로안,승용,여,52세,경상,승용,남,29세,경상
2015031900100303,2015년 3월 19일 13시,목요일,전라남도 고흥군 동강면,경상사고,0,0,1,0,차대사람 - 기타,안전운전불이행,건조,맑음,기타 - 기타,승용,여,54세,상해없음,보행자,여,54세,경상
2015031900100304,2015년 3월 19일 13시,목요일,전라남도 화순군 화순읍,경상사고,0,0,1,0,차대차 - 측면직각충돌,안전운전불이행,건조,맑음,교차로 - 교차로안,원동기,남,87세,경상,승용,남,45세,상해없음
2015031900100305,2015년 3월 19일 13시,목요일,전라남도 구례군 구례읍,경상사고,0,0,1,0,차대차 - 기타,안전운전불이행,건조,맑음,교차로 - 교차로안,승용,남,52세,상해없음,이륜,남,77세,경상
2015031900100345,2015년 3월 19일 14시,목요일,전라남도 고흥군 영남면,중상사고,0,1,0,0,차대차 - 측면직각충돌,직진우회전진행방해,건조,맑음,교차로 - 교차로부근,화물,남,63세,상해없음,이륜,남,73세,중상
2015031900100346,2015년 3월 19일 14시,목요일,전라남도 함평군 함평읍,경상사고,0,0,3,0,차대차 - 측면직각충돌,교차로운행방법위반,건조,맑음,교차로 - 교차로안,승용,남,68세,상해없음,승용,여,41세,경상
2015031900100347,2015년 3월 19일 14시,목요일,전라남도 장성군 황룡면,경상사고,0,0,7,0,차대차 - 측면직각충돌,교차로운행방법위반,건조,맑음,교차로 - 교차로안,승용,남,66세,경상,승합,남,54세,경상
2015031900100348,2015년 3월 19일 14시,목요일,전라남도 광양시 광양읍,경상사고,0,0,1,0,차량단독 - 공작물충돌,안전운전불이행,건조,맑음,단일로 - 기타,원동기,남,78세,경상,,,,
2015031900100375,2015년 3월 19일 15시,목요일,전라남도 목포시 용해동,경상사고,0,0,1,0,차대차 - 추돌 - 주정차중,안전운전불이행,건조,맑음,단일로 - 기타,승용,남,31세,상해없음,승용,남,42세,경상
2015031900100376,2015년 3월 19일 15시,목요일,전라남도 목포시 죽교동,경상사고,0,0,1,0,차대사람 - 기타,기타,건조,맑음,단일로 - 기타,기타불명,기타불명,기타불명,기타불명,보행자,여,64세,경상
2015031900100377,2015년 3월 19일 15시,목요일,전라남도 영광군 백수읍,경상사고,0,0,4,0,차대차 - 추돌 - 진행중,안전거리미확보,건조,맑음,단일로 - 기타,승용,여,52세,경상,승용,여,40세,경상
2015031900100378,2015년 3월 19일 15시,목요일,전라남도 곡성군 옥과면,중상사고,0,1,0,0,차대차 - 기타,안전운전불이행,건조,맑음,교차로 - 교차로부근,화물,남,63세,상해없음,승용,여,43세,중상
2015031900100410,2015년 3월 19일 16시,목요일,전라남도 목포시 옥암동,경상사고,0,0,2,0,차대차 - 정면충돌,중앙선침범,건조,맑음,단일로 - 기타,승합,남,22세,기타불명,화물,남,22세,경상