사고번호,사고일시,요일,시군구,사고내용,사망자수,중상자수,경상자수,부상신고자수,사고유형,법규위반,노면상태,기상상태,도로형태,가해운전자 차종,가해운전자 성별,가해운전자 연령,가해운전자 상해정도,피해운전자 차종,피해운전자 성별,피해운전자 연령,피해운전자 상해정도
2015031900100448,2015년 3월 19일 17시,목요일,전라남도 광양시 중동,경상사고,0,0,2,0,차대차 - 기타,중앙선침범,건조,맑음,교차로 - 교차로부근,승용,여,54세,경상,승용,여,30세,경상
2015031900100478,2015년 3월 19일 18시,목요일,전라남도 순천시 연향동,경상사고,0,0,1,0,차대차 - 기타,안전운전불이행,건조,맑음,교차로 - 교차로부근,승용,남,30세,상해없음,승용,남,38세,경상
2015031900100479,2015년 3월 19일 18시,목요일,전라남도 담양군 금성면,경상사고,0,0,1,0,차대차 - 측면직각충돌,안전운전불이행,건조,맑음,단일로 - 기타,승용,남,54세,상해없음,이륜,남,50세,경상
2015031900100522,2015년 3월 19일 19시,목요일,전라남도 장흥군 장흥읍,경상사고,0,0,1,0,차대차 - 측면직각충돌,기타,건조,맑음,단일로 - 기타,승용,남,34세,상해없음,자전거,남,44세,경상
2015031900100523,2015년 3월 19일 19시,목요일,전라남도 함평군 나산면,중상사고,0,1,0,0,차대사람 - 길가장자리구역통행중,안전운전불이행,건조,맑음,단일로 - 기타,승용,남,26세,상해없음,보행자,남,68세,중상
2015031900100557,2015년 3월 19일 20시,목요일,전라남도 영광군 영광읍,중상사고,0,1,0,0,차대차 - 측면직각충돌,안전운전불이행,건조,맑음,단일로 - 기타,자전거,남,60세,중상,승용,남,51세,상해없음
2015031900100592,2015년 3월 19일 21시,목요일,전라남도 목포시 옥암동,경상사고,0,0,1,0,차대사람 - 횡단중,신호위반,건조,맑음,교차로 - 교차로안,승용,여,49세,상해없음,보행자,남,23세,경상
2015031900100593,2015년 3월 19일 21시,목요일,전라남도 순천시 주암면,중상사고,0,1,0,0,차대사람 - 차도통행중,안전운전불이행,건조,맑음,단일로 - 기타,승용,남,71세,상해없음,보행자,여,77세,중상
2015031900100628,2015년 3월 19일 22시,목요일,전라남도 순천시 장천동,경상사고,0,0,1,0,차대차 - 측면직각충돌,안전운전불이행,건조,맑음,교차로 - 교차로안,승용,남,53세,상해없음,승용,남,57세,경상
2015032000100058,2015년 3월 20일 04시,금요일,전라남도 광양시 금호동,경상사고,0,0,1,0,차량단독 - 기타,안전운전불이행,건조,맑음,교차로 - 교차로부근,승용,남,55세,경상,,,,
2015032000100071,2015년 3월 20일 05시,금요일,전라남도 나주시 남평읍,경상사고,0,0,1,0,차량단독 - 기타,안전운전불이행,건조,맑음,단일로 - 기타,승용,남,44세,상해없음,,,,
2015032000100085,2015년 3월 20일 06시,금요일,전라남도 목포시 옥암동,중상사고,0,1,0,0,차대사람 - 횡단중,보행자보호의무위반,건조,맑음,교차로 - 교차로안,승용,여,44세,상해없음,보행자,여,72세,중상
2015032000100104,2015년 3월 20일 07시,금요일,전라남도 화순군 동면,중상사고,0,1,0,0,차대차 - 추돌 - 진행중,안전운전불이행,건조,맑음,단일로 - 터널,승용,남,42세,중상,건설기계,남,41세,상해없음
2015032000100105,2015년 3월 20일 07시,금요일,전라남도 영암군 삼호읍,중상사고,0,1,1,0,차대차 - 측면직각충돌,직진우회전진행방해,건조,맑음,교차로 - 교차로안,승용,남,37세,상해없음,원동기,남,44세,중상
2015032000100106,2015년 3월 20일 07시,금요일,전라남도 영암군 삼호읍,중상사고,0,1,1,0,차대차 - 측면직각충돌,직진우회전진행방해,건조,맑음,교차로 - 교차로안,승용,남,43세,중상,승용,남,37세,경상
2015032000100197,2015년 3월 20일 10시,금요일,전라남도 나주시 동수동,중상사고,0,1,0,0,차량단독 - 공작물충돌,안전운전불이행,건조,맑음,단일로 - 기타,화물,남,50세,중상,,,,
2015032000100198,2015년 3월 20일 10시,금요일,전라남도 광양시 광양읍,경상사고,0,0,2,0,차대차 - 기타,안전운전불이행,건조,맑음,기타 - 기타,승용,남,52세,기타불명,승용,남,37세,경상
2015032000100225,2015년 3월 20일 11시,금요일,전라남도 목포시 석현동,경상사고,0,0,1,0,차대차 - 측면직각충돌,신호위반,건조,맑음,교차로 - 교차로안,승용,여,51세,상해없음,승용,남,67세,경상
2015032000100226,2015년 3월 20일 11시,금요일,전라남도 순천시 석현동,중상사고,0,1,0,0,차대차 - 기타,중앙선침범,건조,맑음,단일로 - 기타,승용,남,42세,상해없음,이륜,남,20세,중상
2015032000100227,2015년 3월 20일 11시,금요일,전라남도 영암군 삼호읍,경상사고,0,0,1,0,차대차 - 기타,안전운전불이행,건조,맑음,교차로 - 교차로안,승용,여,32세,경상,승용,남,27세,상해없음
2015032000100257,2015년 3월 20일 12시,금요일,전라남도 장성군 서삼면,사망사고,1,0,0,0,차량단독 - 전도전복,안전운전불이행,건조,맑음,단일로 - 기타,건설기계,남,41세,사망,,,,
2015032000100290,2015년 3월 20일 13시,금요일,전라남도 완도군 완도읍,사망사고,1,0,0,0,차량단독 - 도로외이탈 - 추락,안전운전불이행,건조,맑음,단일로 - 기타,승용,남,60세,사망,,,,
2015032000100317,2015년 3월 20일 14시,금요일,전라남도 목포시 죽교동,경상사고,0,0,1,0,차대차 - 기타,안전운전불이행,건조,맑음,기타 - 기타,승용,남,32세,상해없음,승용,여,48세,경상
2015032000100318,2015년 3월 20일 14시,금요일,전라남도 여수시 덕충동,경상사고,0,0,1,0,차대사람 - 횡단중,안전운전불이행,건조,맑음,교차로 - 교차로부근,승용,남,63세,상해없음,보행자,여,12세,경상
2015032000100319,2015년 3월 20일 14시,금요일,전라남도 여수시 적량동,경상사고,0,0,1,0,차대차 - 추돌 - 주정차중,안전운전불이행,건조,맑음,교차로 - 교차로부근,화물,남,41세,상해없음,화물,남,42세,경상
2015032000100320,2015년 3월 20일 14시,금요일,전라남도 해남군 해남읍,중상사고,0,1,2,0,차대차 - 추돌 - 주정차중,안전운전불이행,건조,맑음,교차로 - 교차로부근,승용,남,57세,상해없음,승용,여,34세,중상
2015032000100389,2015년 3월 20일 16시,금요일,전라남도 목포시 산정동,경상사고,0,0,2,0,차대차 - 기타,안전운전불이행,건조,맑음,단일로 - 기타,승용,여,57세,경상,원동기,남,39세,경상
2015032000100390,2015년 3월 20일 16시,금요일,전라남도 장성군 북일면,부상신고사고,0,0,0,1,차대차 - 측면직각충돌,안전운전불이행,건조,맑음,교차로 - 교차로안,농기계,남,62세,부상신고,승합,남,44세,상해없음
2015032000100391,2015년 3월 20일 16시,금요일,전라남도 광양시 중동,중상사고,0,1,0,0,차대차 - 측면직각충돌,안전운전불이행,건조,맑음,교차로 - 교차로부근,화물,남,75세,상해없음,자전거,남,54세,중상
2015032000100392,2015년 3월 20일 16시,금요일,전라남도 광양시 마동,경상사고,0,0,1,0,차대사람 - 기타,보행자보호의무위반,건조,맑음,단일로 - 횡단보도상,승합,남,53세,상해없음,보행자,남,41세,경상
2015032000100438,2015년 3월 20일 17시,금요일,전라남도 여수시 안산동,경상사고,0,0,1,0,차대차 - 측면직각충돌,안전운전불이행,건조,맑음,단일로 - 기타,승용,여,44세,기타불명,자전거,남,12세,경상
2015032000100439,2015년 3월 20일 17시,금요일,전라남도 나주시 금천면,경상사고,0,0,2,0,차대차 - 추돌 - 주정차중,안전거리미확보,건조,맑음,교차로 - 교차로부근,화물,남,41세,상해없음,승용,남,38세,경상
2015032000100469,2015년 3월 20일 18시,금요일,전라남도 나주시 남평읍,경상사고,0,0,2,0,차대차 - 기타,안전운전불이행,건조,맑음,교차로 - 교차로부근,승용,여,45세,경상,승용,여,23세,경상
2015032000100510,2015년 3월 20일 19시,금요일,전라남도 화순군 화순읍,경상사고,0,0,1,0,차대사람 - 횡단중,안전운전불이행,건조,맑음,단일로 - 횡단보도상,기타불명,기타불명,기타불명,기타불명,보행자,남,74세,경상
2015032000100596,2015년 3월 20일 21시,금요일,전라남도 영암군 학산면,중상사고,0,1,1,0,차대차 - 정면충돌,중앙선침범,건조,맑음,단일로 - 기타,승용,남,45세,상해없음,승용,남,54세,중상
2015032000100664,2015년 3월 20일 23시,금요일,전라남도 화순군 화순읍,중상사고,0,1,1,0,차대사람 - 횡단중,보행자보호의무위반,건조,맑음,교차로 - 교차로안,이륜,남,53세,상해없음,보행자,남,67세,중상
2015032100100013,2015년 3월 21일 00시,토요일,전라남도 목포시 상동,경상사고,0,0,3,0,차대차 - 측면직각충돌,안전운전불이행,건조,흐림,교차로 - 교차로안,승용,남,22세,경상,승용,남,48세,경상
2015032100100032,2015년 3월 21일 01시,토요일,전라남도 목포시 용해동,중상사고,0,1,0,0,차량단독 - 기타,안전운전불이행,건조,맑음,단일로 - 기타,승용,남,18세,상해없음,,,,
2015032100100033,2015년 3월 21일 01시,토요일,전라남도 화순군 화순읍,경상사고,0,0,1,0,차대차 - 추돌 - 진행중,안전거리미확보,건조,맑음,단일로 - 기타,승용,남,30세,상해없음,승용,남,59세,경상
2015032100100049,2015년 3월 21일 02시,토요일,전라남도 광양시 광양읍,중상사고,0,1,0,0,차대차 - 측면직각충돌,불법유턴,건조,맑음,단일로 - 기타,승용,남,38세,상해없음,이륜,남,26세,중상
2015032100100086,2015년 3월 21일 05시,토요일,전라남도 목포시 상동,경상사고,0,0,1,0,차대차 - 추돌 - 주정차중,안전운전불이행,건조,흐림,단일로 - 기타,승용,남,33세,상해없음,승용,남,33세,경상
2015032100100100,2015년 3월 21일 06시,토요일,전라남도 목포시 상동,경상사고,0,0,1,0,차대차 - 측면직각충돌,안전운전불이행,건조,맑음,단일로 - 기타,기타불명,기타불명,기타불명,기타불명,승용,남,40세,경상
2015032100100108,2015년 3월 21일 07시,토요일,전라남도 여수시 웅천동,경상사고,0,0,4,0,차대차 - 측면직각충돌,신호위반,건조,맑음,교차로 - 교차로안,승용,남,58세,상해없음,화물,남,36세,경상
2015032100100131,2015년 3월 21일 08시,토요일,전라남도 광양시 다압면,경상사고,0,0,1,0,차대사람 - 기타,안전운전불이행,건조,맑음,단일로 - 기타,승용,여,61세,상해없음,보행자,여,67세,경상
2015032100100146,2015년 3월 21일 09시,토요일,전라남도 나주시 금천면,중상사고,0,2,0,0,차대차 - 추돌 - 주정차중,안전운전불이행,건조,맑음,기타 - 기타,승용,남,77세,중상,화물,남,55세,상해없음
2015032100100147,2015년 3월 21일 09시,토요일,전라남도 구례군 구례읍,경상사고,0,0,1,0,차대차 - 기타,안전운전불이행,건조,맑음,교차로 - 교차로안,승용,남,51세,상해없음,화물,남,68세,경상
2015032100100173,2015년 3월 21일 10시,토요일,전라남도 여수시 학동,중상사고,0,1,0,0,차대사람 - 횡단중,보행자보호의무위반,건조,맑음,기타 - 기타,승용,남,48세,상해없음,보행자,여,76세,중상
2015032100100229,2015년 3월 21일 12시,토요일,전라남도 해남군 해남읍,경상사고,0,0,1,0,차대차 - 기타,안전운전불이행,건조,맑음,단일로 - 기타,승용,남,50세,상해없음,승용,남,62세,경상
2015032100100230,2015년 3월 21일 12시,토요일,전라남도 광양시 중동,경상사고,0,0,1,0,차대사람 - 차도통행중,안전운전불이행,건조,맑음,단일로 - 기타,승용,남,54세,상해없음,보행자,남,49세,경상
2015032100100231,2015년 3월 21일 12시,토요일,전라남도 광양시 진상면,중상사고,0,1,3,0,차대차 - 추돌 - 주정차중,안전운전불이행,건조,맑음,단일로 - 기타,승용,남,54세,상해없음,승용,여,52세,중상
2015032100100253,2015년 3월 21일 13시,토요일,전라남도 광양시 중동,경상사고,0,0,1,0,차대사람 - 횡단중,보행자보호의무위반,건조,맑음,단일로 - 횡단보도상,승용,여,45세,상해없음,보행자,남,6세,경상
2015032100100297,2015년 3월 21일 14시,토요일,전라남도 강진군 대구면,경상사고,0,0,4,0,차대차 - 측면직각충돌,안전운전불이행,건조,맑음,단일로 - 기타,화물,남,77세,경상,화물,남,39세,경상
2015032100100298,2015년 3월 21일 14시,토요일,전라남도 담양군 담양읍,경상사고,0,0,4,0,차대차 - 기타,직진우회전진행방해,건조,맑음,교차로 - 교차로안,승용,남,63세,상해없음,승용,여,31세,경상
2015032100100299,2015년 3월 21일 14시,토요일,전라남도 광양시 진상면,경상사고,0,0,1,0,차대차 - 정면충돌,중앙선침범,건조,맑음,단일로 - 기타,승용,남,22세,상해없음,승용,남,72세,상해없음
2015032100100341,2015년 3월 21일 15시,토요일,전라남도 여수시 학동,경상사고,0,0,1,0,차대차 - 추돌 - 진행중,차로위반,건조,맑음,단일로 - 기타,자전거,남,16세,경상,승용,여,47세,상해없음
2015032100100369,2015년 3월 21일 16시,토요일,전라남도 순천시 조례동,경상사고,0,0,1,0,차량단독 - 기타,안전운전불이행,건조,맑음,단일로 - 기타,승용,남,63세,상해없음,,,,
2015032100100370,2015년 3월 21일 16시,토요일,전라남도 나주시 봉황면,경상사고,0,0,1,0,차대차 - 추돌 - 진행중,안전운전불이행,건조,맑음,단일로 - 기타,이륜,남,69세,경상,승합,남,55세,상해없음
2015032100100371,2015년 3월 21일 16시,토요일,전라남도 해남군 송지면,경상사고,0,0,2,0,차대차 - 기타,중앙선침범,습기,맑음,단일로 - 기타,승용,남,25세,상해없음,승용,남,62세,경상
2015032100100372,2015년 3월 21일 16시,토요일,전라남도 화순군 화순읍,경상사고,0,0,3,0,차대차 - 추돌 - 진행중,안전거리미확보,건조,맑음,단일로 - 기타,승용,남,59세,상해없음,승용,남,32세,경상
2015032100100412,2015년 3월 21일 17시,토요일,전라남도 장흥군 장흥읍,경상사고,0,0,1,0,차대차 - 측면직각충돌,교차로운행방법위반,건조,맑음,교차로 - 교차로안,승용,여,24세,상해없음,승용,남,48세,상해없음
2015032100100413,2015년 3월 21일 17시,토요일,전라남도 무안군 해제면,중상사고,0,1,1,0,차대차 - 측면직각충돌,안전운전불이행,건조,맑음,교차로 - 교차로안,승용,남,41세,상해없음,승용,남,52세,중상
2015032100100414,2015년 3월 21일 17시,토요일,전라남도 광양시 광양읍,경상사고,0,0,1,0,차대차 - 기타,중앙선침범,건조,맑음,단일로 - 기타,화물,남,63세,상해없음,자전거,남,71세,경상
2015032100100455,2015년 3월 21일 18시,토요일,전라남도 고흥군 고흥읍,중상사고,0,1,0,0,차대사람 - 기타,안전운전불이행,건조,맑음,단일로 - 기타,화물,남,63세,상해없음,보행자,여,79세,중상
2015032100100456,2015년 3월 21일 18시,토요일,전라남도 진도군 진도읍,경상사고,0,0,4,0,차대차 - 측면직각충돌,안전운전불이행,건조,맑음,단일로 - 기타,화물,남,54세,상해없음,승용,남,58세,상해없음
2015032100100499,2015년 3월 21일 19시,토요일,전라남도 목포시 산정동,경상사고,0,0,1,0,차대차 - 측면직각충돌,직진우회전진행방해,건조,맑음,교차로 - 교차로안,승용,남,57세,상해없음,승용,여,38세,경상
2015032100100500,2015년 3월 21일 19시,토요일,전라남도 해남군 북평면,경상사고,0,0,1,0,차대차 - 기타,신호위반,건조,맑음,교차로 - 교차로안,승용,여,34세,상해없음,승용,남,48세,경상
2015032100100501,2015년 3월 21일 19시,토요일,전라남도 함평군 월야면,사망사고,1,0,0,0,차량단독 - 도로외이탈 - 추락,안전운전불이행,건조,맑음,단일로 - 기타,원동기,남,70세,사망,,,,
2015032100100534,2015년 3월 21일 20시,토요일,전라남도 광양시 광양읍,경상사고,0,0,1,0,차대차 - 측면직각충돌,교차로운행방법위반,건조,맑음,교차로 - 교차로안,원동기,남,51세,경상,승용,남,50세,상해없음
2015032100100586,2015년 3월 21일 22시,토요일,전라남도 순천시 조례동,부상신고사고,0,0,0,1,차대차 - 측면직각충돌,안전운전불이행,건조,맑음,단일로 - 기타,승용,남,42세,상해없음,원동기,남,17세,부상신고
2015032200100015,2015년 3월 22일 00시,일요일,전라남도 광양시 광양읍,중상사고,0,1,0,0,차대차 - 추돌 - 주정차중,안전운전불이행,건조,맑음,교차로 - 교차로부근,화물,남,44세,중상,화물,남,43세,기타불명
2015032200100047,2015년 3월 22일 01시,일요일,전라남도 목포시 산정동,경상사고,0,0,2,0,차대차 - 추돌 - 진행중,차로위반,건조,맑음,교차로 - 교차로부근,승용,남,45세,상해없음,승용,남,43세,경상
2015032200100058,2015년 3월 22일 02시,일요일,전라남도 순천시 연향동,부상신고사고,0,0,0,1,차대사람 - 기타,안전운전불이행,건조,맑음,단일로 - 기타,승용,남,74세,상해없음,보행자,남,20세,부상신고
2015032200100084,2015년 3월 22일 04시,일요일,전라남도 여수시 학동,사망사고,1,0,0,0,차대사람 - 횡단중,신호위반,건조,맑음,교차로 - 교차로부근,승용,남,55세,상해없음,보행자,여,43세,사망
2015032200100094,2015년 3월 22일 05시,일요일,전라남도 무안군 해제면,중상사고,0,3,5,0,차대차 - 측면직각충돌,안전운전불이행,습기,안개,교차로 - 교차로안,승용,남,40세,상해없음,승합,남,57세,경상
2015032200100126,2015년 3월 22일 07시,일요일,전라남도 고흥군 도화면,중상사고,0,2,6,0,차량단독 - 공작물충돌,안전운전불이행,건조,맑음,단일로 - 기타,화물,남,22세,경상,,,,
2015032200100127,2015년 3월 22일 07시,일요일,전라남도 무안군 삼향읍,경상사고,0,0,1,0,차대차 - 기타,안전운전불이행,건조,흐림,교차로 - 교차로부근,승용,남,25세,경상,승용,남,44세,상해없음
2015032200100149,2015년 3월 22일 09시,일요일,전라남도 목포시 산정동,경상사고,0,0,2,0,차대차 - 기타,안전운전불이행,기타,맑음,교차로 - 교차로안,승용,여,52세,상해없음,승용,남,53세,경상
2015032200100150,2015년 3월 22일 09시,일요일,전라남도 곡성군 목사동면,경상사고,0,0,1,0,차대차 - 측면직각충돌,안전운전불이행,건조,맑음,단일로 - 기타,화물,남,64세,상해없음,자전거,남,12세,경상
2015032200100151,2015년 3월 22일 09시,일요일,전라남도 무안군 무안읍,경상사고,0,0,3,0,차대차 - 정면충돌,교차로운행방법위반,건조,맑음,교차로 - 교차로안,승합,남,60세,상해없음,승용,남,43세,상해없음
2015032200100176,2015년 3월 22일 10시,일요일,전라남도 목포시 옥암동,경상사고,0,0,2,0,차대차 - 기타,신호위반,건조,맑음,교차로 - 교차로안,승용,남,73세,경상,승용,여,30세,경상
2015032200100177,2015년 3월 22일 10시,일요일,전라남도 영암군 삼호읍,경상사고,0,0,1,0,차대차 - 추돌 - 진행중,안전운전불이행,건조,맑음,교차로 - 교차로안,승합,남,53세,상해없음,승용,남,38세,경상
2015032200100237,2015년 3월 22일 13시,일요일,전라남도 여수시 율촌면,중상사고,0,1,0,0,차대차 - 정면충돌,중앙선침범,건조,맑음,단일로 - 기타,승용,남,73세,상해없음,승합,남,56세,중상
2015032200100239,2015년 3월 22일 13시,일요일,전라남도 순천시 낙안면,중상사고,0,3,0,0,차량단독 - 공작물충돌,안전운전불이행,건조,맑음,단일로 - 기타,승용,남,32세,상해없음,,,,
2015032200100273,2015년 3월 22일 14시,일요일,전라남도 여수시 여서동,경상사고,0,0,2,0,차대사람 - 횡단중,보행자보호의무위반,건조,맑음,단일로 - 횡단보도상,승용,남,50세,상해없음,보행자,여,14세,경상
2015032200100316,2015년 3월 22일 15시,일요일,전라남도 나주시 중앙동,중상사고,0,1,0,0,차대차 - 측면직각충돌,직진우회전진행방해,건조,맑음,교차로 - 교차로안,화물,남,47세,상해없음,자전거,남,15세,중상
2015032200100317,2015년 3월 22일 15시,일요일,전라남도 고흥군 대서면,중상사고,0,1,1,0,차대차 - 측면직각충돌,안전운전불이행,건조,맑음,교차로 - 교차로안,이륜,남,76세,경상,화물,남,41세,상해없음
2015032200100318,2015년 3월 22일 15시,일요일,전라남도 무안군 삼향읍,경상사고,0,0,1,0,차대차 - 기타,안전운전불이행,건조,맑음,교차로 - 교차로안,승용,남,47세,상해없음,이륜,남,35세,경상
2015032200100363,2015년 3월 22일 16시,일요일,전라남도 목포시 명륜동,경상사고,0,0,2,0,차대차 - 기타,교차로운행방법위반,건조,맑음,교차로 - 교차로안,승용,남,55세,경상,원동기,남,53세,경상
2015032200100432,2015년 3월 22일 18시,일요일,전라남도 여수시 학동,중상사고,0,1,0,0,차대사람 - 횡단중,안전운전불이행,건조,맑음,단일로 - 기타,승용,남,69세,상해없음,보행자,여,5세,중상
2015032200100433,2015년 3월 22일 18시,일요일,전라남도 무안군 삼향읍,경상사고,0,0,1,0,차대차 - 기타,안전운전불이행,건조,맑음,교차로 - 교차로안,승용,남,46세,상해없음,자전거,남,43세,경상
2015032200100463,2015년 3월 22일 19시,일요일,전라남도 목포시 용해동,경상사고,0,0,2,0,차대차 - 기타,안전운전불이행,건조,맑음,단일로 - 기타,승용,남,55세,상해없음,승용,남,40세,경상
2015032200100464,2015년 3월 22일 19시,일요일,전라남도 순천시 풍덕동,경상사고,0,0,1,0,차대차 - 기타,안전운전불이행,건조,맑음,교차로 - 교차로안,기타불명,기타불명,기타불명,기타불명,승용,여,58세,경상
2015032200100500,2015년 3월 22일 20시,일요일,전라남도 여수시 문수동,경상사고,0,0,3,0,차대차 - 추돌 - 진행중,안전운전불이행,건조,맑음,단일로 - 기타,승합,남,51세,상해없음,승용,여,32세,경상
2015032200100538,2015년 3월 22일 22시,일요일,전라남도 나주시 빛가람동,경상사고,0,0,1,0,차대차 - 측면직각충돌,신호위반,건조,맑음,교차로 - 교차로안,승용,남,33세,상해없음,승용,남,36세,경상
2015032200100548,2015년 3월 22일 23시,일요일,전라남도 목포시 산정동,경상사고,0,0,1,0,차대차 - 추돌 - 주정차중,안전거리미확보,건조,맑음,교차로 - 교차로부근,승용,남,32세,상해없음,승용,남,34세,경상
2015032300100005,2015년 3월 23일 00시,월요일,전라남도 여수시 문수동,경상사고,0,0,1,0,차대차 - 측면직각충돌,안전운전불이행,건조,맑음,교차로 - 교차로안,원동기,남,18세,상해없음,승용,여,51세,경상
2015032300100027,2015년 3월 23일 04시,월요일,전라남도 순천시 해룡면,경상사고,0,0,1,0,차대차 - 기타,직진우회전진행방해,건조,맑음,교차로 - 교차로안,승용,여,39세,상해없음,승용,남,30세,경상
2015032300100050,2015년 3월 23일 06시,월요일,전라남도 영광군 대마면,사망사고,1,0,0,0,차량단독 - 도로외이탈 - 추락,안전운전불이행,건조,맑음,단일로 - 기타,원동기,남,75세,사망,,,,
2015032300100071,2015년 3월 23일 07시,월요일,전라남도 신안군 안좌면,중상사고,0,1,0,0,차대사람 - 기타,안전운전불이행,건조,맑음,교차로 - 교차로안,농기계,남,72세,상해없음,보행자,남,69세,중상
2015032300100072,2015년 3월 23일 07시,월요일,전라남도 여수시 덕충동,경상사고,0,0,1,0,차대사람 - 횡단중,신호위반,건조,맑음,교차로 - 교차로부근,승용,남,55세,상해없음,보행자,여,14세,경상
2015032300100122,2015년 3월 23일 08시,월요일,전라남도 신안군 도초면,중상사고,0,1,0,0,차대차 - 기타,직진우회전진행방해,건조,맑음,교차로 - 교차로안,화물,남,67세,상해없음,원동기,남,16세,중상
2015032300100123,2015년 3월 23일 08시,월요일,전라남도 목포시 용해동,경상사고,0,0,2,0,차대차 - 기타,안전운전불이행,건조,맑음,교차로 - 교차로안,승용,남,41세,경상,승용,남,45세,경상
2015032300100152,2015년 3월 23일 09시,월요일,전라남도 고흥군 도양읍,경상사고,0,0,1,0,차대차 - 기타,안전운전불이행,건조,맑음,기타 - 기타,승용,남,60세,경상,화물,남,29세,상해없음
2015032300100153,2015년 3월 23일 09시,월요일,전라남도 영암군 삼호읍,경상사고,0,0,3,0,차대차 - 추돌 - 진행중,안전거리미확보,건조,맑음,교차로 - 교차로부근,화물,남,51세,경상,승용,여,48세,경상
2015032300100178,2015년 3월 23일 10시,월요일,전라남도 순천시 낙안면,경상사고,0,0,1,0,차대차 - 측면직각충돌,안전운전불이행,건조,맑음,교차로 - 교차로안,화물,남,56세,경상,승합,남,53세,상해없음
2015032300100179,2015년 3월 23일 10시,월요일,전라남도 보성군 보성읍,중상사고,0,1,0,0,차대차 - 정면충돌,안전운전불이행,건조,맑음,단일로 - 기타,승합,여,35세,상해없음,농기계,남,50세,상해없음
2015032300100180,2015년 3월 23일 10시,월요일,전라남도 강진군 칠량면,경상사고,0,0,1,0,차량단독 - 전도전복,안전운전불이행,건조,맑음,단일로 - 기타,화물,남,35세,경상,,,,
2015032300100218,2015년 3월 23일 11시,월요일,전라남도 영암군 시종면,경상사고,0,0,3,1,차대차 - 측면직각충돌,안전운전불이행,건조,맑음,교차로 - 교차로안,승용,여,49세,경상,화물,남,40세,경상
2015032300100240,2015년 3월 23일 12시,월요일,전라남도 광양시 광양읍,경상사고,0,0,3,0,차대차 - 측면직각충돌,신호위반,건조,맑음,교차로 - 교차로안,승용,여,53세,경상,승용,남,60세,경상
2015032300100241,2015년 3월 23일 12시,월요일,전라남도 광양시 진월면,경상사고,0,0,2,0,차대차 - 측면직각충돌,직진우회전진행방해,건조,맑음,교차로 - 교차로안,화물,남,46세,경상,화물,남,56세,상해없음
2015032300100265,2015년 3월 23일 13시,월요일,전라남도 영광군 군서면,경상사고,0,0,1,0,차대차 - 추돌 - 진행중,교차로운행방법위반,건조,맑음,교차로 - 교차로안,승용,여,49세,상해없음,농기계,남,76세,경상
2015032300100266,2015년 3월 23일 13시,월요일,전라남도 장성군 삼서면,경상사고,0,0,1,0,차대차 - 측면직각충돌,안전운전불이행,건조,맑음,교차로 - 교차로안,화물,남,33세,상해없음,이륜,남,87세,경상
2015032300100299,2015년 3월 23일 14시,월요일,전라남도 순천시 석현동,경상사고,0,0,2,0,차대차 - 기타,안전운전불이행,건조,맑음,교차로 - 교차로안,승용,남,49세,상해없음,승용,남,37세,경상
2015032300100300,2015년 3월 23일 14시,월요일,전라남도 완도군 완도읍,중상사고,0,1,0,0,차대차 - 추돌 - 진행중,안전운전불이행,건조,맑음,단일로 - 기타,승용,남,53세,상해없음,이륜,남,66세,중상
2015032300100301,2015년 3월 23일 14시,월요일,전라남도 구례군 구례읍,경상사고,0,0,1,0,차대차 - 기타,직진우회전진행방해,건조,맑음,교차로 - 교차로안,승용,남,49세,상해없음,이륜,여,56세,경상
2015032300100366,2015년 3월 23일 16시,월요일,전라남도 여수시 학동,중상사고,0,1,1,0,차대차 - 측면직각충돌,중앙선침범,건조,맑음,교차로 - 교차로안,승용,남,68세,상해없음,승합,남,52세,경상
2015032300100367,2015년 3월 23일 16시,월요일,전라남도 해남군 화원면,중상사고,0,1,0,0,차대차 - 기타,안전운전불이행,건조,맑음,단일로 - 기타,승용,남,49세,상해없음,농기계,남,53세,중상
2015032300100413,2015년 3월 23일 17시,월요일,전라남도 광양시 광양읍,경상사고,0,0,1,0,차대차 - 측면직각충돌,안전운전불이행,건조,맑음,교차로 - 교차로안,건설기계,남,55세,상해없음,승합,남,52세,상해없음
2015032300100438,2015년 3월 23일 18시,월요일,전라남도 목포시 남교동,중상사고,0,1,0,0,차대사람 - 길가장자리구역통행중,안전운전불이행,건조,맑음,단일로 - 기타,승용,여,59세,상해없음,보행자,남,38세,중상
2015032300100439,2015년 3월 23일 18시,월요일,전라남도 여수시 중흥동,중상사고,0,1,0,0,차대사람 - 길가장자리구역통행중,안전운전불이행,건조,맑음,기타 - 기타,건설기계,남,28세,상해없음,보행자,남,37세,중상
2015032300100440,2015년 3월 23일 18시,월요일,전라남도 장흥군 장흥읍,경상사고,0,0,1,0,차대차 - 측면직각충돌,안전운전불이행,건조,맑음,교차로 - 교차로부근,화물,남,40세,상해없음,승용,남,52세,경상
2015032300100542,2015년 3월 23일 21시,월요일,전라남도 여수시 학동,경상사고,0,0,1,0,차대차 - 추돌 - 주정차중,안전운전불이행,건조,맑음,단일로 - 기타,승용,남,45세,상해없음,승용,여,30세,경상