사고번호,사고일시,요일,시군구,사고내용,사망자수,중상자수,경상자수,부상신고자수,사고유형,법규위반,노면상태,기상상태,도로형태,가해운전자 차종,가해운전자 성별,가해운전자 연령,가해운전자 상해정도,피해운전자 차종,피해운전자 성별,피해운전자 연령,피해운전자 상해정도
2015032300100574,2015년 3월 23일 22시,월요일,전라남도 나주시 다시면,중상사고,0,1,0,0,차대사람 - 횡단중,안전운전불이행,건조,맑음,단일로 - 기타,승용,여,53세,상해없음,보행자,여,46세,중상
2015032400100011,2015년 3월 24일 00시,화요일,전라남도 영암군 삼호읍,경상사고,0,0,2,0,차대차 - 추돌 - 진행중,안전운전불이행,건조,맑음,단일로 - 기타,승용,남,49세,경상,특수,남,42세,경상
2015032400100012,2015년 3월 24일 00시,화요일,전라남도 무안군 청계면,중상사고,0,1,0,0,차량단독 - 공작물충돌,안전운전불이행,건조,맑음,단일로 - 기타,승용,남,24세,중상,,,,
2015032400100098,2015년 3월 24일 07시,화요일,전라남도 여수시 군자동,경상사고,0,0,1,0,차대사람 - 차도통행중,안전운전불이행,건조,맑음,단일로 - 기타,승용,남,52세,상해없음,보행자,여,12세,경상
2015032400100099,2015년 3월 24일 07시,화요일,전라남도 여수시 여서동,경상사고,0,0,1,0,차대차 - 측면직각충돌,교차로운행방법위반,건조,맑음,교차로 - 교차로안,승용,여,44세,경상,승용,남,30세,상해없음
2015032400100100,2015년 3월 24일 07시,화요일,전라남도 순천시 장천동,경상사고,0,0,2,0,차대차 - 측면직각충돌,안전운전불이행,건조,맑음,교차로 - 교차로안,승용,여,53세,경상,승용,남,50세,경상
2015032400100131,2015년 3월 24일 08시,화요일,전라남도 목포시 상동,경상사고,0,0,1,0,차대차 - 기타,안전운전불이행,건조,맑음,단일로 - 기타,승용,남,56세,상해없음,자전거,남,16세,경상
2015032400100132,2015년 3월 24일 08시,화요일,전라남도 목포시 상동,경상사고,0,0,1,0,차대사람 - 횡단중,신호위반,건조,맑음,단일로 - 기타,승용,여,42세,상해없음,보행자,남,11세,경상
2015032400100133,2015년 3월 24일 08시,화요일,전라남도 장흥군 장흥읍,중상사고,0,1,0,0,차대사람 - 길가장자리구역통행중,안전운전불이행,건조,맑음,교차로 - 교차로안,승용,남,63세,상해없음,보행자,여,78세,중상
2015032400100134,2015년 3월 24일 08시,화요일,전라남도 해남군 송지면,경상사고,0,0,1,0,차대차 - 기타,직진우회전진행방해,건조,맑음,교차로 - 교차로안,승용,여,36세,경상,승용,남,43세,상해없음
2015032400100166,2015년 3월 24일 09시,화요일,전라남도 여수시 학동,경상사고,0,0,1,0,차대차 - 측면직각충돌,교차로운행방법위반,건조,맑음,교차로 - 교차로안,승용,남,29세,상해없음,승용,남,35세,상해없음
2015032400100167,2015년 3월 24일 09시,화요일,전라남도 순천시 덕월동,경상사고,0,0,1,0,차대사람 - 기타,안전운전불이행,건조,맑음,단일로 - 기타,승합,여,51세,상해없음,보행자,여,20세,경상
2015032400100187,2015년 3월 24일 10시,화요일,전라남도 순천시 연향동,경상사고,0,0,1,0,차량단독 - 기타,안전운전불이행,건조,맑음,단일로 - 기타,승합,남,52세,상해없음,,,,
2015032400100214,2015년 3월 24일 11시,화요일,전라남도 해남군 산이면,경상사고,0,0,1,0,차대차 - 기타,중앙선침범,기타,맑음,단일로 - 기타,화물,남,77세,상해없음,화물,남,23세,경상
2015032400100215,2015년 3월 24일 11시,화요일,전라남도 담양군 남면,중상사고,0,1,2,0,차대차 - 정면충돌,중앙선침범,건조,맑음,단일로 - 기타,화물,남,62세,중상,승용,여,31세,경상
2015032400100269,2015년 3월 24일 13시,화요일,전라남도 장성군 장성읍,경상사고,0,0,1,0,차대차 - 측면직각충돌,안전운전불이행,건조,맑음,단일로 - 기타,화물,남,25세,상해없음,승용,여,49세,경상
2015032400100352,2015년 3월 24일 16시,화요일,전라남도 목포시 상동,경상사고,0,0,1,0,차대차 - 측면직각충돌,직진우회전진행방해,건조,맑음,교차로 - 교차로안,화물,남,31세,상해없음,이륜,남,69세,경상
2015032400100388,2015년 3월 24일 17시,화요일,전라남도 여수시 교동,경상사고,0,0,2,0,차대사람 - 횡단중,안전운전불이행,건조,맑음,단일로 - 횡단보도상,이륜,남,51세,상해없음,보행자,남,72세,경상
2015032400100389,2015년 3월 24일 17시,화요일,전라남도 장흥군 장흥읍,경상사고,0,0,1,0,차대사람 - 기타,안전운전불이행,건조,맑음,기타 - 기타,승용,여,32세,상해없음,보행자,여,50세,경상
2015032400100390,2015년 3월 24일 17시,화요일,전라남도 영암군 삼호읍,경상사고,0,0,9,0,차대차 - 추돌 - 진행중,안전운전불이행,건조,맑음,단일로 - 기타,승용,남,68세,상해없음,화물,남,50세,경상
2015032400100426,2015년 3월 24일 18시,화요일,전라남도 목포시 산정동,경상사고,0,0,1,0,차대차 - 측면직각충돌,안전운전불이행,건조,맑음,교차로 - 교차로안,승용,남,35세,상해없음,승용,남,40세,경상
2015032400100478,2015년 3월 24일 19시,화요일,전라남도 목포시 죽교동,경상사고,0,0,1,0,차대차 - 추돌 - 진행중,안전운전불이행,건조,맑음,단일로 - 기타,승합,남,58세,상해없음,승합,여,42세,경상
2015032400100479,2015년 3월 24일 19시,화요일,전라남도 순천시 석현동,경상사고,0,0,2,0,차대차 - 기타,안전거리미확보,건조,맑음,단일로 - 기타,승용,남,59세,상해없음,승용,여,45세,경상
2015032400100480,2015년 3월 24일 19시,화요일,전라남도 고흥군 점암면,경상사고,0,0,1,0,차대차 - 기타,안전거리미확보,건조,맑음,단일로 - 기타,화물,남,34세,경상,농기계,남,34세,상해없음
2015032400100481,2015년 3월 24일 19시,화요일,전라남도 영암군 삼호읍,경상사고,0,0,1,0,차대차 - 추돌 - 주정차중,안전운전불이행,건조,맑음,기타 - 기타,승용,남,22세,상해없음,승용,남,35세,경상
2015032400100523,2015년 3월 24일 20시,화요일,전라남도 광양시 광양읍,경상사고,0,0,1,0,차대차 - 기타,안전운전불이행,건조,맑음,기타 - 기타,화물,남,63세,상해없음,화물,여,51세,경상
2015032400100552,2015년 3월 24일 21시,화요일,전라남도 목포시 옥암동,경상사고,0,0,1,0,차량단독 - 공작물충돌,안전운전불이행,건조,맑음,교차로 - 교차로부근,승용,남,50세,경상,,,,
2015032400100553,2015년 3월 24일 21시,화요일,전라남도 완도군 완도읍,경상사고,0,0,1,0,차대차 - 추돌 - 진행중,안전운전불이행,건조,맑음,교차로 - 교차로안,승용,남,48세,상해없음,이륜,남,56세,경상
2015032400100554,2015년 3월 24일 21시,화요일,전라남도 광양시 광양읍,경상사고,0,0,1,0,차대차 - 기타,직진우회전진행방해,건조,맑음,교차로 - 교차로안,승용,여,52세,상해없음,원동기,여,30세,경상
2015032400100623,2015년 3월 24일 23시,화요일,전라남도 목포시 산정동,경상사고,0,0,1,0,차대사람 - 차도통행중,안전운전불이행,건조,맑음,단일로 - 기타,승용,여,50세,상해없음,보행자,남,43세,경상
2015032500100036,2015년 3월 25일 02시,수요일,전라남도 광양시 광양읍,경상사고,0,0,1,0,차대사람 - 보도통행중,안전운전불이행,건조,맑음,단일로 - 기타,승용,남,48세,상해없음,보행자,남,22세,경상
2015032500100082,2015년 3월 25일 07시,수요일,전라남도 신안군 암태면,사망사고,1,0,0,0,차대차 - 추돌 - 진행중,안전운전불이행,건조,맑음,단일로 - 기타,화물,남,55세,상해없음,농기계,남,73세,사망
2015032500100121,2015년 3월 25일 08시,수요일,전라남도 신안군 압해읍,경상사고,0,0,1,0,차대차 - 기타,중앙선침범,건조,맑음,단일로 - 기타,화물,남,58세,상해없음,승합,남,45세,상해없음
2015032500100122,2015년 3월 25일 08시,수요일,전라남도 해남군 옥천면,중상사고,0,1,0,0,차량단독 - 공작물충돌,안전운전불이행,건조,맑음,단일로 - 기타,화물,남,66세,중상,,,,
2015032500100123,2015년 3월 25일 08시,수요일,전라남도 영암군 영암읍,경상사고,0,0,1,0,차대사람 - 기타,안전운전불이행,건조,맑음,교차로 - 교차로부근,기타불명,기타불명,기타불명,기타불명,보행자,여,17세,경상
2015032500100165,2015년 3월 25일 09시,수요일,전라남도 여수시 화양면,경상사고,0,0,1,0,차량단독 - 공작물충돌,안전운전불이행,건조,맑음,단일로 - 기타,승합,남,49세,상해없음,,,,
2015032500100166,2015년 3월 25일 09시,수요일,전라남도 나주시 영산동,중상사고,0,1,0,0,차대차 - 기타,신호위반,건조,맑음,교차로 - 교차로안,이륜,남,75세,중상,승용,남,32세,상해없음
2015032500100167,2015년 3월 25일 09시,수요일,전라남도 무안군 삼향읍,경상사고,0,0,1,0,차대차 - 측면직각충돌,직진우회전진행방해,건조,맑음,교차로 - 교차로안,승합,여,55세,상해없음,화물,남,34세,경상
2015032500100205,2015년 3월 25일 10시,수요일,전라남도 순천시 연향동,경상사고,0,0,1,0,차대사람 - 기타,안전운전불이행,건조,맑음,단일로 - 기타,승용,남,58세,상해없음,보행자,여,22세,경상
2015032500100206,2015년 3월 25일 10시,수요일,전라남도 무안군 삼향읍,경상사고,0,0,2,0,차대차 - 측면직각충돌,교차로운행방법위반,건조,맑음,교차로 - 교차로안,승합,남,57세,경상,건설기계,남,54세,경상
2015032500100233,2015년 3월 25일 11시,수요일,전라남도 나주시 세지면,경상사고,0,0,1,0,차대차 - 기타,교차로운행방법위반,건조,맑음,교차로 - 교차로안,원동기,여,67세,경상,화물,남,45세,상해없음
2015032500100268,2015년 3월 25일 12시,수요일,전라남도 여수시 문수동,경상사고,0,0,1,0,차대차 - 측면직각충돌,중앙선침범,건조,맑음,교차로 - 교차로부근,자전거,남,75세,경상,승용,남,52세,상해없음
2015032500100269,2015년 3월 25일 12시,수요일,전라남도 순천시 송광면,경상사고,0,0,1,1,차대차 - 기타,안전운전불이행,건조,맑음,단일로 - 기타,승용,남,75세,부상신고,화물,남,49세,경상
2015032500100371,2015년 3월 25일 15시,수요일,전라남도 여수시 남산동,경상사고,0,0,1,0,차대차 - 추돌 - 주정차중,안전운전불이행,건조,맑음,교차로 - 교차로부근,이륜,남,67세,경상,승용,남,34세,상해없음
2015032500100372,2015년 3월 25일 15시,수요일,전라남도 구례군 구례읍,경상사고,0,0,1,0,차대사람 - 기타,안전운전불이행,건조,맑음,단일로 - 기타,승용,남,71세,상해없음,보행자,여,15세,경상
2015032500100438,2015년 3월 25일 17시,수요일,전라남도 영광군 영광읍,경상사고,0,0,3,0,차대차 - 측면직각충돌,안전운전불이행,건조,맑음,교차로 - 교차로안,승용,남,60세,상해없음,화물,남,56세,경상
2015032500100439,2015년 3월 25일 17시,수요일,전라남도 무안군 삼향읍,중상사고,0,1,0,0,차대사람 - 횡단중,보행자보호의무위반,건조,맑음,단일로 - 횡단보도상,승합,여,42세,상해없음,보행자,남,5세,중상
2015032500100480,2015년 3월 25일 18시,수요일,전라남도 여수시 여서동,경상사고,0,0,1,0,차대차 - 추돌 - 주정차중,교차로운행방법위반,건조,맑음,교차로 - 교차로안,승용,여,32세,상해없음,승용,남,70세,상해없음
2015032500100481,2015년 3월 25일 18시,수요일,전라남도 순천시 조례동,경상사고,0,0,1,0,차대사람 - 횡단중,안전운전불이행,건조,맑음,단일로 - 기타,승용,남,56세,상해없음,보행자,여,7세,경상
2015032500100529,2015년 3월 25일 19시,수요일,전라남도 목포시 산정동,경상사고,0,0,3,0,차대차 - 기타,안전운전불이행,건조,맑음,기타 - 기타,이륜,남,18세,기타불명,승용,여,58세,상해없음
2015032500100530,2015년 3월 25일 19시,수요일,전라남도 여수시 돌산읍,경상사고,0,0,1,0,차량단독 - 전도전복,안전운전불이행,건조,맑음,단일로 - 기타,이륜,남,56세,경상,,,,
2015032500100531,2015년 3월 25일 19시,수요일,전라남도 화순군 화순읍,경상사고,0,0,1,0,차대사람 - 횡단중,보행자보호의무위반,건조,맑음,단일로 - 횡단보도상,승용,남,40세,상해없음,보행자,남,45세,경상
2015032500100594,2015년 3월 25일 21시,수요일,전라남도 목포시 산정동,경상사고,0,0,2,0,차대차 - 추돌 - 주정차중,안전운전불이행,건조,맑음,기타 - 기타,승합,남,21세,상해없음,승용,남,59세,경상
2015032600100009,2015년 3월 26일 00시,목요일,전라남도 광양시 진상면,부상신고사고,0,0,0,1,차량단독 - 공작물충돌,안전운전불이행,건조,맑음,단일로 - 기타,화물,남,60세,부상신고,,,,
2015032600100055,2015년 3월 26일 04시,목요일,전라남도 순천시 해룡면,경상사고,0,0,1,0,차대차 - 기타,안전운전불이행,건조,맑음,단일로 - 기타,승용,남,37세,경상,화물,남,61세,상해없음
2015032600100081,2015년 3월 26일 06시,목요일,전라남도 여수시 화양면,경상사고,0,0,2,0,차대차 - 정면충돌,중앙선침범,건조,맑음,단일로 - 기타,승용,남,49세,상해없음,승용,남,60세,경상
2015032600100107,2015년 3월 26일 07시,목요일,전라남도 목포시 동명동,경상사고,0,0,1,0,차대사람 - 길가장자리구역통행중,안전운전불이행,건조,맑음,교차로 - 교차로안,승용,여,50세,상해없음,보행자,여,71세,경상
2015032600100108,2015년 3월 26일 07시,목요일,전라남도 순천시 해룡면,중상사고,0,1,1,0,차대차 - 측면직각충돌,직진우회전진행방해,건조,맑음,교차로 - 교차로안,화물,남,56세,경상,승용,남,57세,중상
2015032600100109,2015년 3월 26일 07시,목요일,전라남도 영광군 법성면,경상사고,0,0,1,0,차대차 - 추돌 - 진행중,안전운전불이행,건조,맑음,교차로 - 교차로안,화물,남,51세,상해없음,이륜,여,65세,경상
2015032600100149,2015년 3월 26일 08시,목요일,전라남도 여수시 화장동,경상사고,0,0,1,0,차대차 - 추돌 - 주정차중,안전운전불이행,건조,맑음,교차로 - 교차로부근,승용,여,41세,상해없음,승용,여,56세,경상
2015032600100150,2015년 3월 26일 08시,목요일,전라남도 여수시 교동,중상사고,0,1,0,0,차대사람 - 횡단중,보행자보호의무위반,건조,맑음,단일로 - 횡단보도상,승합,남,57세,상해없음,보행자,여,72세,중상
2015032600100151,2015년 3월 26일 08시,목요일,전라남도 영암군 영암읍,경상사고,0,0,1,0,차대차 - 측면직각충돌,직진우회전진행방해,건조,맑음,교차로 - 교차로안,화물,남,21세,상해없음,승용,남,65세,경상
2015032600100190,2015년 3월 26일 09시,목요일,전라남도 목포시 산정동,경상사고,0,0,1,0,차대사람 - 길가장자리구역통행중,안전운전불이행,건조,맑음,단일로 - 기타,승용,여,54세,상해없음,보행자,여,71세,경상
2015032600100191,2015년 3월 26일 09시,목요일,전라남도 나주시 반남면,중상사고,0,1,0,0,차대사람 - 기타,기타,건조,맑음,단일로 - 기타,승합,남,49세,상해없음,보행자,여,77세,중상
2015032600100192,2015년 3월 26일 09시,목요일,전라남도 해남군 해남읍,경상사고,0,0,1,0,차대사람 - 기타,안전운전불이행,건조,맑음,단일로 - 기타,승용,남,64세,상해없음,보행자,남,76세,경상
2015032600100193,2015년 3월 26일 09시,목요일,전라남도 광양시 도이동,경상사고,0,0,3,0,차대차 - 측면직각충돌,신호위반,건조,맑음,교차로 - 교차로안,승용,여,43세,상해없음,화물,남,45세,경상
2015032600100254,2015년 3월 26일 11시,목요일,전라남도 여수시 서교동,중상사고,0,1,1,0,차대차 - 추돌 - 주정차중,안전거리미확보,건조,맑음,단일로 - 횡단보도상,화물,남,47세,상해없음,승용,여,53세,경상
2015032600100277,2015년 3월 26일 12시,목요일,전라남도 장흥군 회진면,중상사고,0,1,0,0,차대차 - 측면직각충돌,기타,건조,맑음,단일로 - 기타,승용,남,64세,상해없음,원동기,남,46세,중상
2015032600100316,2015년 3월 26일 13시,목요일,전라남도 목포시 상동,경상사고,0,0,1,0,차대차 - 기타,교차로운행방법위반,건조,맑음,교차로 - 교차로안,승용,여,22세,상해없음,승용,남,58세,경상
2015032600100317,2015년 3월 26일 13시,목요일,전라남도 보성군 벌교읍,경상사고,0,0,1,0,차대차 - 추돌 - 진행중,안전운전불이행,건조,맑음,단일로 - 기타,이륜,남,39세,상해없음,승용,남,40세,경상
2015032600100346,2015년 3월 26일 14시,목요일,전라남도 담양군 대전면,경상사고,0,0,2,0,차대차 - 기타,안전거리미확보,건조,맑음,교차로 - 교차로부근,승용,남,24세,상해없음,승용,여,43세,경상
2015032600100424,2015년 3월 26일 16시,목요일,전라남도 담양군 담양읍,경상사고,0,0,1,0,차대차 - 기타,안전거리미확보,건조,맑음,교차로 - 교차로부근,자전거,남,59세,경상,승용,여,69세,상해없음
2015032600100452,2015년 3월 26일 17시,목요일,전라남도 목포시 산정동,경상사고,0,0,3,0,차대차 - 추돌 - 주정차중,안전거리미확보,건조,맑음,단일로 - 기타,승용,남,54세,상해없음,화물,남,29세,경상
2015032600100490,2015년 3월 26일 18시,목요일,전라남도 장흥군 관산읍,중상사고,0,1,0,0,차대차 - 측면직각충돌,교차로운행방법위반,건조,맑음,교차로 - 교차로안,승합,남,54세,상해없음,원동기,남,56세,중상
2015032600100534,2015년 3월 26일 19시,목요일,전라남도 무안군 해제면,중상사고,0,1,0,0,차대사람 - 횡단중,안전운전불이행,건조,맑음,단일로 - 횡단보도부근,승용,남,50세,상해없음,보행자,남,64세,중상
2015032600100579,2015년 3월 26일 20시,목요일,전라남도 광양시 광양읍,중상사고,0,2,0,0,차대차 - 측면직각충돌,중앙선침범,건조,맑음,단일로 - 기타,승용,여,26세,상해없음,원동기,남,23세,중상
2015032600100612,2015년 3월 26일 21시,목요일,전라남도 순천시 조례동,경상사고,0,0,1,0,차대차 - 추돌 - 주정차중,안전운전불이행,건조,맑음,단일로 - 기타,승용,여,45세,상해없음,승용,남,43세,경상
2015032600100613,2015년 3월 26일 21시,목요일,전라남도 광양시 금호동,중상사고,0,1,9,0,차대차 - 추돌 - 진행중,안전운전불이행,건조,맑음,단일로 - 기타,승용,남,45세,중상,승합,여,56세,경상
2015032600100673,2015년 3월 26일 23시,목요일,전라남도 나주시 금성동,경상사고,0,0,1,0,차대차 - 측면직각충돌,교차로운행방법위반,건조,맑음,교차로 - 교차로안,승용,남,41세,상해없음,승용,남,30세,경상
2015032600100674,2015년 3월 26일 23시,목요일,전라남도 광양시 광양읍,경상사고,0,0,2,0,차대차 - 기타,중앙선침범,건조,맑음,단일로 - 기타,기타불명,기타불명,기타불명,기타불명,승용,남,51세,상해없음
2015032700100013,2015년 3월 27일 00시,금요일,전라남도 여수시 율촌면,경상사고,0,0,1,0,차대차 - 측면직각충돌,안전운전불이행,건조,맑음,단일로 - 기타,승용,여,43세,상해없음,승용,남,32세,경상
2015032700100014,2015년 3월 27일 00시,금요일,전라남도 구례군 구례읍,경상사고,0,0,2,0,차대차 - 기타,안전운전불이행,건조,맑음,교차로 - 교차로안,승용,남,30세,상해없음,승용,여,68세,경상
2015032700100096,2015년 3월 27일 07시,금요일,전라남도 보성군 보성읍,중상사고,0,1,0,0,차대차 - 정면충돌,안전운전불이행,건조,맑음,단일로 - 기타,승합,남,35세,상해없음,원동기,남,79세,중상
2015032700100097,2015년 3월 27일 07시,금요일,전라남도 완도군 고금면,중상사고,0,1,1,0,차량단독 - 전도전복,안전운전불이행,건조,맑음,단일로 - 기타,농기계,남,72세,중상,,,,
2015032700100160,2015년 3월 27일 09시,금요일,전라남도 화순군 화순읍,사망사고,1,0,0,0,차대차 - 기타,기타,건조,맑음,단일로 - 기타,화물,남,79세,상해없음,자전거,남,79세,사망
2015032700100185,2015년 3월 27일 10시,금요일,전라남도 순천시 오천동,경상사고,0,0,1,0,차대차 - 기타,신호위반,건조,맑음,교차로 - 교차로안,이륜,남,74세,기타불명,화물,남,40세,상해없음
2015032700100207,2015년 3월 27일 11시,금요일,전라남도 곡성군 곡성읍,경상사고,0,0,1,0,차대사람 - 기타,안전운전불이행,건조,맑음,단일로 - 기타,농기계,남,84세,상해없음,보행자,남,76세,경상
2015032700100231,2015년 3월 27일 12시,금요일,전라남도 목포시 산정동,경상사고,0,0,1,0,차대차 - 기타,안전거리미확보,건조,맑음,단일로 - 기타,승용,여,39세,상해없음,화물,여,40세,경상
2015032700100232,2015년 3월 27일 12시,금요일,전라남도 여수시 학동,경상사고,0,0,1,0,차량단독 - 전도전복,안전운전불이행,건조,맑음,단일로 - 기타,승합,남,62세,상해없음,,,,
2015032700100233,2015년 3월 27일 12시,금요일,전라남도 나주시 대호동,경상사고,0,0,1,1,차대차 - 측면직각충돌,신호위반,건조,맑음,교차로 - 교차로안,승용,남,39세,부상신고,승용,남,24세,경상
2015032700100295,2015년 3월 27일 14시,금요일,전라남도 순천시 서면,경상사고,0,0,1,0,차대차 - 추돌 - 주정차중,안전거리미확보,건조,맑음,교차로 - 교차로부근,승용,남,57세,상해없음,승용,여,34세,경상
2015032700100296,2015년 3월 27일 14시,금요일,전라남도 영암군 삼호읍,경상사고,0,0,2,0,차대차 - 측면직각충돌,안전운전불이행,건조,맑음,교차로 - 교차로안,승용,여,27세,경상,화물,남,44세,경상
2015032700100368,2015년 3월 27일 16시,금요일,전라남도 순천시 장천동,경상사고,0,0,1,0,차대사람 - 기타,안전운전불이행,건조,맑음,교차로 - 교차로부근,승용,남,53세,상해없음,보행자,남,65세,경상
2015032700100369,2015년 3월 27일 16시,금요일,전라남도 순천시 중앙동,사망사고,1,0,0,0,차대차 - 기타,신호위반,건조,맑음,교차로 - 교차로안,승용,남,60세,상해없음,이륜,남,32세,사망
2015032700100414,2015년 3월 27일 17시,금요일,전라남도 순천시 영동,경상사고,0,0,1,0,차대차 - 측면직각충돌,교차로운행방법위반,건조,맑음,교차로 - 교차로안,승용,남,48세,상해없음,자전거,남,7세,경상
2015032700100415,2015년 3월 27일 17시,금요일,전라남도 강진군 강진읍,중상사고,0,1,0,0,차대차 - 측면직각충돌,신호위반,건조,맑음,교차로 - 교차로안,승용,여,56세,상해없음,원동기,여,58세,중상
2015032700100454,2015년 3월 27일 18시,금요일,전라남도 여수시 문수동,경상사고,0,0,1,0,차대차 - 정면충돌,안전운전불이행,건조,맑음,단일로 - 기타,이륜,남,21세,상해없음,자전거,남,13세,경상
2015032700100455,2015년 3월 27일 18시,금요일,전라남도 광양시 황길동,중상사고,0,1,0,0,차대차 - 추돌 - 진행중,신호위반,건조,맑음,교차로 - 교차로안,화물,남,65세,상해없음,건설기계,남,33세,중상
2015032700100456,2015년 3월 27일 18시,금요일,전라남도 광양시 광영동,경상사고,0,0,1,0,차대차 - 추돌 - 진행중,안전운전불이행,건조,맑음,단일로 - 기타,화물,남,47세,상해없음,승용,여,40세,경상
2015032700100510,2015년 3월 27일 19시,금요일,전라남도 목포시 용당동,중상사고,0,1,0,0,차대사람 - 기타,안전운전불이행,건조,맑음,단일로 - 기타,이륜,남,16세,상해없음,보행자,여,53세,중상
2015032700100511,2015년 3월 27일 19시,금요일,전라남도 여수시 봉산동,중상사고,0,1,0,0,차대사람 - 횡단중,안전운전불이행,건조,맑음,교차로 - 교차로부근,승용,여,48세,상해없음,보행자,남,68세,중상
2015032700100512,2015년 3월 27일 19시,금요일,전라남도 장흥군 장흥읍,경상사고,0,0,1,0,차대차 - 정면충돌,안전운전불이행,건조,맑음,단일로 - 기타,승용,남,34세,상해없음,원동기,여,50세,경상
2015032700100513,2015년 3월 27일 19시,금요일,전라남도 해남군 옥천면,부상신고사고,0,0,0,1,차량단독 - 기타,안전운전불이행,건조,맑음,단일로 - 기타,승용,남,58세,부상신고,,,,
2015032700100589,2015년 3월 27일 21시,금요일,전라남도 목포시 죽교동,경상사고,0,0,1,0,차대사람 - 기타,보행자보호의무위반,건조,맑음,교차로 - 교차로부근,승용,남,53세,상해없음,보행자,남,21세,경상
2015032700100590,2015년 3월 27일 21시,금요일,전라남도 나주시 세지면,경상사고,0,0,4,0,차대차 - 추돌 - 주정차중,안전운전불이행,건조,맑음,교차로 - 교차로부근,승용,남,56세,상해없음,승합,남,32세,경상
2015032700100591,2015년 3월 27일 21시,금요일,전라남도 장성군 동화면,경상사고,0,0,1,0,차대차 - 측면직각충돌,중앙선침범,건조,맑음,단일로 - 기타,화물,남,51세,기타불명,승용,여,29세,경상
2015032700100670,2015년 3월 27일 23시,금요일,전라남도 해남군 황산면,경상사고,0,0,1,0,차량단독 - 공작물충돌,안전운전불이행,건조,맑음,단일로 - 기타,화물,남,42세,경상,,,,
2015032700100671,2015년 3월 27일 23시,금요일,전라남도 광양시 광양읍,경상사고,0,0,4,0,차대차 - 측면직각충돌,교차로운행방법위반,건조,맑음,교차로 - 교차로안,승용,남,28세,상해없음,승용,여,35세,경상
2015032800100016,2015년 3월 28일 00시,토요일,전라남도 목포시 상동,중상사고,0,1,0,0,차대사람 - 기타,안전운전불이행,건조,맑음,기타 - 기타,기타불명,기타불명,기타불명,기타불명,보행자,남,43세,중상
2015032800100017,2015년 3월 28일 00시,토요일,전라남도 여수시 웅천동,사망사고,1,0,0,0,차량단독 - 전도전복,안전운전불이행,건조,맑음,단일로 - 기타,원동기,남,53세,사망,,,,
2015032800100086,2015년 3월 28일 04시,토요일,전라남도 무안군 삼향읍,경상사고,0,0,2,0,차대차 - 추돌 - 진행중,안전운전불이행,건조,맑음,단일로 - 기타,화물,남,54세,경상,화물,남,40세,경상
2015032800100087,2015년 3월 28일 04시,토요일,전라남도 무안군 삼향읍,경상사고,0,0,3,0,차대차 - 추돌 - 주정차중,안전운전불이행,기타,맑음,단일로 - 기타,승용,남,55세,경상,화물,남,54세,경상
2015032800100120,2015년 3월 28일 06시,토요일,전라남도 담양군 금성면,경상사고,0,0,1,0,차대차 - 추돌 - 진행중,안전운전불이행,건조,맑음,단일로 - 기타,승용,남,25세,기타불명,건설기계,남,42세,경상
2015032800100158,2015년 3월 28일 08시,토요일,전라남도 신안군 안좌면,경상사고,0,0,1,0,차대차 - 기타,중앙선침범,건조,맑음,교차로 - 교차로부근,화물,여,40세,경상,화물,남,69세,상해없음
2015032800100159,2015년 3월 28일 08시,토요일,전라남도 무안군 청계면,경상사고,0,0,1,0,차대차 - 측면직각충돌,안전운전불이행,건조,맑음,교차로 - 교차로안,특수,남,59세,상해없음,화물,남,41세,경상
2015032800100160,2015년 3월 28일 08시,토요일,전라남도 무안군 현경면,경상사고,0,0,2,0,차대차 - 기타,중앙선침범,건조,맑음,단일로 - 기타,승용,여,61세,상해없음,승용,여,53세,경상
2015032800100172,2015년 3월 28일 09시,토요일,전라남도 무안군 현경면,중상사고,0,1,1,0,차대차 - 측면직각충돌,직진우회전진행방해,건조,맑음,교차로 - 교차로안,승용,남,65세,상해없음,승용,여,59세,경상
2015032800100173,2015년 3월 28일 09시,토요일,전라남도 광양시 광양읍,중상사고,0,1,0,0,차대차 - 측면직각충돌,직진우회전진행방해,건조,맑음,교차로 - 교차로안,승용,남,43세,상해없음,이륜,남,74세,중상
2015032800100294,2015년 3월 28일 12시,토요일,전라남도 목포시 상동,중상사고,0,1,0,0,차대차 - 기타,안전운전불이행,건조,맑음,단일로 - 기타,승용,남,46세,상해없음,이륜,남,36세,중상
2015032800100295,2015년 3월 28일 12시,토요일,전라남도 고흥군 과역면,중상사고,0,1,0,0,차대사람 - 기타,기타,건조,맑음,교차로 - 교차로부근,승용,남,56세,상해없음,보행자,남,81세,중상
2015032800100296,2015년 3월 28일 12시,토요일,전라남도 해남군 해남읍,경상사고,0,0,1,0,차대차 - 기타,안전거리미확보,건조,흐림,단일로 - 기타,화물,남,81세,상해없음,승합,남,42세,상해없음
2015032800100339,2015년 3월 28일 13시,토요일,전라남도 영광군 군서면,중상사고,0,1,0,0,차대차 - 측면직각충돌,안전운전불이행,건조,맑음,단일로 - 기타,승용,남,40세,상해없음,이륜,남,70세,중상