사고번호,사고일시,요일,시군구,사고내용,사망자수,중상자수,경상자수,부상신고자수,사고유형,법규위반,노면상태,기상상태,도로형태,가해운전자 차종,가해운전자 성별,가해운전자 연령,가해운전자 상해정도,피해운전자 차종,피해운전자 성별,피해운전자 연령,피해운전자 상해정도
2015032800100340,2015년 3월 28일 13시,토요일,전라남도 영암군 학산면,경상사고,0,0,1,0,차대차 - 측면직각충돌,신호위반,건조,맑음,단일로 - 횡단보도부근,승용,남,35세,상해없음,화물,남,26세,경상
2015032800100380,2015년 3월 28일 14시,토요일,전라남도 나주시 남평읍,중상사고,0,1,0,0,차대차 - 추돌 - 진행중,안전운전불이행,건조,맑음,단일로 - 기타,승용,여,31세,상해없음,원동기,남,70세,중상
2015032800100408,2015년 3월 28일 15시,토요일,전라남도 여수시 오림동,경상사고,0,0,1,0,차대차 - 측면직각충돌,차로위반,건조,맑음,교차로 - 교차로안,승합,남,67세,상해없음,승용,남,41세,경상
2015032800100409,2015년 3월 28일 15시,토요일,전라남도 여수시 화장동,중상사고,0,1,0,0,차량단독 - 전도전복,안전운전불이행,건조,맑음,단일로 - 기타,이륜,남,16세,중상,,,,
2015032800100410,2015년 3월 28일 15시,토요일,전라남도 순천시 해룡면,경상사고,0,0,1,0,차대차 - 측면직각충돌,중앙선침범,건조,맑음,교차로 - 교차로부근,승합,여,37세,상해없음,승용,여,41세,경상
2015032800100411,2015년 3월 28일 15시,토요일,전라남도 장성군 남면,사망사고,1,1,0,0,차량단독 - 전도전복,기타,건조,맑음,교차로 - 교차로안,원동기,남,70세,중상,,,,
2015032800100451,2015년 3월 28일 16시,토요일,전라남도 순천시 연향동,경상사고,0,0,2,0,차대차 - 측면직각충돌,신호위반,건조,맑음,교차로 - 교차로안,승용,남,47세,상해없음,승용,남,25세,경상
2015032800100452,2015년 3월 28일 16시,토요일,전라남도 순천시 저전동,경상사고,0,0,1,0,차대사람 - 기타,안전운전불이행,건조,맑음,교차로 - 교차로부근,승용,여,56세,상해없음,보행자,남,57세,경상
2015032800100453,2015년 3월 28일 16시,토요일,전라남도 강진군 성전면,경상사고,0,0,3,0,차대차 - 측면직각충돌,직진우회전진행방해,건조,맑음,교차로 - 교차로안,승용,여,38세,경상,승용,여,32세,경상
2015032800100491,2015년 3월 28일 17시,토요일,전라남도 해남군 산이면,중상사고,0,2,0,1,차대차 - 기타,신호위반,건조,맑음,교차로 - 교차로안,화물,남,65세,부상신고,승용,남,34세,중상
2015032800100492,2015년 3월 28일 17시,토요일,전라남도 영광군 법성면,중상사고,0,2,2,0,차량단독 - 공작물충돌,안전운전불이행,건조,맑음,단일로 - 기타,승용,남,48세,경상,,,,
2015032800100493,2015년 3월 28일 17시,토요일,전라남도 영암군 시종면,중상사고,0,1,1,0,차대차 - 측면직각충돌,안전운전불이행,건조,맑음,교차로 - 교차로안,화물,남,69세,중상,화물,남,69세,경상
2015032800100603,2015년 3월 28일 20시,토요일,전라남도 고흥군 과역면,부상신고사고,0,0,0,1,차량단독 - 도로외이탈 - 기타,안전운전불이행,건조,맑음,단일로 - 기타,승용,여,42세,부상신고,,,,
2015032800100625,2015년 3월 28일 21시,토요일,전라남도 여수시 봉산동,중상사고,0,1,0,0,차대사람 - 길가장자리구역통행중,안전운전불이행,건조,맑음,단일로 - 기타,승용,남,57세,상해없음,보행자,남,18세,중상
2015032800100626,2015년 3월 28일 21시,토요일,전라남도 보성군 벌교읍,부상신고사고,0,0,0,1,차량단독 - 공작물충돌,안전운전불이행,건조,맑음,단일로 - 기타,승용,남,53세,부상신고,,,,
2015032800100627,2015년 3월 28일 21시,토요일,전라남도 장성군 남면,경상사고,0,0,1,0,차량단독 - 공작물충돌,안전운전불이행,건조,맑음,교차로 - 교차로부근,승용,남,62세,경상,,,,
2015032800100663,2015년 3월 28일 22시,토요일,전라남도 목포시 상동,경상사고,0,0,1,0,차대차 - 측면직각충돌,신호위반,건조,맑음,교차로 - 교차로안,승용,남,24세,상해없음,승용,여,44세,경상
2015032800100664,2015년 3월 28일 22시,토요일,전라남도 여수시 신기동,경상사고,0,0,1,0,차대차 - 추돌 - 진행중,안전운전불이행,건조,맑음,교차로 - 교차로부근,승용,남,52세,상해없음,승용,여,49세,경상
2015032900100031,2015년 3월 29일 01시,일요일,전라남도 목포시 산정동,경상사고,0,0,2,0,차대차 - 기타,중앙선침범,건조,맑음,단일로 - 기타,승용,남,47세,상해없음,승용,남,39세,경상
2015032900100054,2015년 3월 29일 02시,일요일,전라남도 영광군 영광읍,경상사고,0,0,1,0,차대차 - 측면직각충돌,안전운전불이행,건조,맑음,교차로 - 교차로안,승용,남,20세,상해없음,승용,남,54세,경상
2015032900100091,2015년 3월 29일 06시,일요일,전라남도 목포시 상동,경상사고,0,0,1,0,차량단독 - 공작물충돌,안전운전불이행,건조,맑음,교차로 - 교차로부근,승용,남,60세,상해없음,,,,
2015032900100116,2015년 3월 29일 08시,일요일,전라남도 화순군 이양면,중상사고,0,1,0,0,차량단독 - 공작물충돌,안전운전불이행,건조,맑음,단일로 - 기타,승용,여,42세,상해없음,,,,
2015032900100134,2015년 3월 29일 09시,일요일,전라남도 목포시 산정동,경상사고,0,0,4,0,차대차 - 기타,안전운전불이행,건조,맑음,단일로 - 기타,승용,남,70세,상해없음,승용,남,59세,경상
2015032900100135,2015년 3월 29일 09시,일요일,전라남도 여수시 광무동,경상사고,0,0,1,0,차대차 - 측면직각충돌,차로위반,건조,맑음,단일로 - 기타,화물,남,58세,상해없음,승용,남,53세,경상
2015032900100136,2015년 3월 29일 09시,일요일,전라남도 순천시 장천동,중상사고,0,1,0,0,차대차 - 기타,직진우회전진행방해,건조,맑음,교차로 - 교차로안,승용,남,57세,상해없음,자전거,남,26세,중상
2015032900100145,2015년 3월 29일 10시,일요일,전라남도 여수시 학동,중상사고,0,1,0,0,차대사람 - 횡단중,안전운전불이행,건조,맑음,교차로 - 교차로안,승용,남,54세,상해없음,보행자,여,71세,중상
2015032900100146,2015년 3월 29일 10시,일요일,전라남도 담양군 무정면,경상사고,0,0,1,0,차대차 - 측면직각충돌,안전운전불이행,건조,맑음,단일로 - 기타,화물,남,46세,상해없음,이륜,남,68세,경상
2015032900100147,2015년 3월 29일 10시,일요일,전라남도 구례군 토지면,사망사고,1,0,0,0,차량단독 - 도로외이탈 - 추락,안전운전불이행,건조,맑음,단일로 - 기타,화물,남,63세,사망,,,,
2015032900100165,2015년 3월 29일 11시,일요일,전라남도 화순군 화순읍,경상사고,0,0,1,0,차대차 - 측면직각충돌,안전거리미확보,건조,맑음,단일로 - 기타,건설기계,남,64세,상해없음,승용,여,64세,상해없음
2015032900100205,2015년 3월 29일 13시,일요일,전라남도 여수시 남산동,중상사고,0,1,0,0,차대사람 - 횡단중,보행자보호의무위반,건조,맑음,단일로 - 횡단보도상,승용,남,21세,상해없음,보행자,여,70세,중상
2015032900100206,2015년 3월 29일 13시,일요일,전라남도 고흥군 도화면,중상사고,0,1,0,0,차대차 - 측면직각충돌,교차로운행방법위반,건조,맑음,교차로 - 교차로안,화물,남,60세,상해없음,원동기,남,69세,중상
2015032900100207,2015년 3월 29일 13시,일요일,전라남도 영암군 삼호읍,중상사고,0,1,4,0,차대차 - 추돌 - 진행중,안전운전불이행,건조,맑음,단일로 - 기타,이륜,남,52세,중상,승용,남,35세,경상
2015032900100209,2015년 3월 29일 13시,일요일,전라남도 무안군 일로읍,중상사고,0,1,0,0,차량단독 - 공작물충돌,안전운전불이행,건조,맑음,단일로 - 기타,이륜,남,25세,중상,,,,
2015032900100210,2015년 3월 29일 13시,일요일,전라남도 구례군 산동면,중상사고,0,3,1,0,차량단독 - 도로외이탈 - 추락,안전운전불이행,건조,맑음,단일로 - 기타,화물,남,70세,경상,,,,
2015032900100278,2015년 3월 29일 15시,일요일,전라남도 여수시 학동,경상사고,0,0,7,0,차대차 - 추돌 - 주정차중,안전운전불이행,건조,맑음,교차로 - 교차로부근,승용,여,42세,경상,승용,여,36세,경상
2015032900100279,2015년 3월 29일 15시,일요일,전라남도 구례군 산동면,경상사고,0,0,5,0,차대차 - 기타,중앙선침범,건조,맑음,단일로 - 기타,승용,남,51세,상해없음,승용,남,40세,경상
2015032900100311,2015년 3월 29일 16시,일요일,전라남도 여수시 서교동,경상사고,0,0,1,0,차대차 - 측면직각충돌,중앙선침범,건조,맑음,단일로 - 기타,자전거,남,61세,경상,승용,남,27세,상해없음
2015032900100312,2015년 3월 29일 16시,일요일,전라남도 영암군 삼호읍,중상사고,0,2,3,0,차대차 - 추돌 - 진행중,안전운전불이행,건조,맑음,단일로 - 기타,승용,남,68세,경상,화물,남,26세,경상
2015032900100313,2015년 3월 29일 16시,일요일,전라남도 광양시 중동,중상사고,0,1,0,0,차대차 - 추돌 - 진행중,안전운전불이행,건조,맑음,단일로 - 기타,승용,여,38세,상해없음,원동기,남,30세,중상
2015032900100347,2015년 3월 29일 17시,일요일,전라남도 목포시 상동,경상사고,0,0,1,0,차대차 - 기타,교차로운행방법위반,건조,맑음,교차로 - 교차로안,승용,여,24세,상해없음,승용,남,30세,경상
2015032900100348,2015년 3월 29일 17시,일요일,전라남도 여수시 선원동,중상사고,0,1,0,0,차대차 - 측면직각충돌,교차로운행방법위반,건조,맑음,교차로 - 교차로안,승용,여,46세,상해없음,이륜,여,61세,중상
2015032900100349,2015년 3월 29일 17시,일요일,전라남도 영광군 염산면,경상사고,0,0,1,0,차대차 - 측면직각충돌,중앙선침범,건조,맑음,단일로 - 기타,승용,여,22세,상해없음,승용,여,33세,경상
2015032900100350,2015년 3월 29일 17시,일요일,전라남도 담양군 담양읍,경상사고,0,0,3,0,차대차 - 측면직각충돌,직진우회전진행방해,건조,맑음,교차로 - 교차로안,이륜,남,45세,경상,승용,남,31세,경상
2015032900100351,2015년 3월 29일 17시,일요일,전라남도 담양군 대전면,경상사고,0,0,1,0,차대차 - 기타,직진우회전진행방해,건조,맑음,교차로 - 교차로안,화물,여,67세,상해없음,화물,여,37세,경상
2015032900100402,2015년 3월 29일 19시,일요일,전라남도 목포시 산정동,경상사고,0,0,3,0,차대차 - 추돌 - 진행중,안전운전불이행,건조,맑음,단일로 - 기타,승용,여,30세,상해없음,승용,여,34세,기타불명
2015032900100403,2015년 3월 29일 19시,일요일,전라남도 나주시 왕곡면,사망사고,1,0,1,0,차대차 - 기타,안전운전불이행,건조,기타,단일로 - 기타,승용,남,41세,상해없음,승용,여,21세,경상
2015033000100023,2015년 3월 30일 03시,월요일,전라남도 장흥군 유치면,중상사고,0,1,1,0,차량단독 - 전도전복,안전운전불이행,건조,맑음,단일로 - 기타,승용,남,19세,상해없음,,,,
2015033000100049,2015년 3월 30일 06시,월요일,전라남도 목포시 동명동,중상사고,0,1,0,0,차대차 - 기타,안전운전불이행,건조,맑음,교차로 - 교차로안,화물,남,62세,상해없음,이륜,남,67세,중상
2015033000100110,2015년 3월 30일 08시,월요일,전라남도 담양군 금성면,중상사고,0,1,1,0,차대차 - 측면직각충돌,안전운전불이행,건조,맑음,교차로 - 교차로안,승용,여,34세,상해없음,이륜,남,81세,경상
2015033000100111,2015년 3월 30일 08시,월요일,전라남도 담양군 담양읍,경상사고,0,0,1,0,차대차 - 추돌 - 진행중,교차로운행방법위반,건조,맑음,교차로 - 교차로부근,이륜,남,75세,경상,화물,남,67세,상해없음
2015033000100171,2015년 3월 30일 10시,월요일,전라남도 영광군 영광읍,경상사고,0,0,1,0,차대차 - 추돌 - 진행중,안전운전불이행,건조,맑음,단일로 - 기타,승용,남,77세,상해없음,자전거,남,75세,경상
2015033000100172,2015년 3월 30일 10시,월요일,전라남도 장성군 황룡면,중상사고,0,1,0,1,차대차 - 측면직각충돌,안전운전불이행,건조,맑음,교차로 - 교차로안,화물,남,62세,부상신고,화물,남,36세,중상
2015033000100206,2015년 3월 30일 11시,월요일,전라남도 나주시 세지면,경상사고,0,0,2,0,차대차 - 측면직각충돌,직진우회전진행방해,건조,맑음,교차로 - 교차로안,건설기계,남,40세,경상,화물,남,62세,경상
2015033000100237,2015년 3월 30일 12시,월요일,전라남도 장흥군 관산읍,중상사고,0,1,0,0,차량단독 - 전도전복,안전운전불이행,건조,맑음,교차로 - 교차로부근,농기계,남,73세,중상,,,,
2015033000100238,2015년 3월 30일 12시,월요일,전라남도 완도군 완도읍,중상사고,0,1,1,0,차대차 - 측면직각충돌,교차로운행방법위반,건조,맑음,교차로 - 교차로안,승용,여,49세,경상,화물,남,65세,상해없음
2015033000100270,2015년 3월 30일 13시,월요일,전라남도 화순군 도곡면,중상사고,0,1,0,0,차대차 - 측면직각충돌,신호위반,건조,맑음,교차로 - 교차로안,화물,남,55세,상해없음,원동기,남,73세,중상
2015033000100271,2015년 3월 30일 13시,월요일,전라남도 순천시 서면,사망사고,1,0,0,0,차량단독 - 전도전복,안전운전불이행,건조,맑음,단일로 - 기타,화물,남,39세,사망,,,,
2015033000100346,2015년 3월 30일 15시,월요일,전라남도 목포시 죽교동,중상사고,0,1,0,0,차대차 - 측면직각충돌,직진우회전진행방해,건조,맑음,교차로 - 교차로안,화물,여,61세,상해없음,이륜,남,66세,중상
2015033000100347,2015년 3월 30일 15시,월요일,전라남도 순천시 조례동,경상사고,0,0,1,0,차대차 - 추돌 - 주정차중,안전운전불이행,건조,맑음,단일로 - 기타,화물,남,49세,상해없음,승용,남,26세,경상
2015033000100348,2015년 3월 30일 15시,월요일,전라남도 화순군 화순읍,경상사고,0,0,2,0,차대차 - 측면직각충돌,직진우회전진행방해,건조,맑음,교차로 - 교차로안,화물,남,66세,경상,승용,여,32세,경상
2015033000100391,2015년 3월 30일 16시,월요일,전라남도 목포시 용당동,경상사고,0,0,2,0,차대차 - 측면직각충돌,안전운전불이행,건조,맑음,교차로 - 교차로부근,승용,여,42세,경상,승용,남,55세,경상
2015033000100392,2015년 3월 30일 16시,월요일,전라남도 목포시 옥암동,경상사고,0,0,1,0,차대차 - 측면직각충돌,안전운전불이행,건조,맑음,교차로 - 교차로안,승용,여,49세,상해없음,승용,여,48세,경상
2015033000100393,2015년 3월 30일 16시,월요일,전라남도 화순군 북면,경상사고,0,0,2,0,차대차 - 추돌 - 진행중,안전운전불이행,건조,맑음,단일로 - 기타,승용,남,74세,경상,승용,남,45세,경상
2015033000100436,2015년 3월 30일 17시,월요일,전라남도 진도군 진도읍,경상사고,0,0,2,0,차대차 - 기타,중앙선침범,건조,맑음,단일로 - 기타,승용,남,24세,상해없음,승용,여,41세,경상
2015033000100468,2015년 3월 30일 18시,월요일,전라남도 목포시 상동,중상사고,0,1,2,0,차대차 - 추돌 - 진행중,안전거리미확보,건조,맑음,교차로 - 교차로부근,화물,남,55세,경상,승용,여,63세,중상
2015033000100469,2015년 3월 30일 18시,월요일,전라남도 순천시 조례동,중상사고,0,1,0,0,차대사람 - 기타,안전운전불이행,건조,맑음,단일로 - 기타,승용,남,31세,상해없음,보행자,남,13세,중상
2015033000100549,2015년 3월 30일 20시,월요일,전라남도 완도군 완도읍,중상사고,0,1,4,0,차대차 - 추돌 - 진행중,안전거리미확보,건조,맑음,단일로 - 기타,승용,여,53세,경상,승용,남,54세,중상
2015033100100081,2015년 3월 31일 06시,화요일,전라남도 해남군 현산면,사망사고,1,0,0,0,차량단독 - 공작물충돌,안전운전불이행,습기,흐림,단일로 - 기타,승합,남,56세,사망,,,,
2015033100100090,2015년 3월 31일 07시,화요일,전라남도 순천시 상사면,경상사고,0,0,2,0,차대차 - 기타,중앙선침범,습기,비,단일로 - 기타,승용,남,49세,경상,승용,남,33세,경상
2015033100100117,2015년 3월 31일 08시,화요일,전라남도 고흥군 과역면,경상사고,0,0,1,0,차대차 - 기타,안전운전불이행,습기,비,단일로 - 기타,승용,여,37세,상해없음,원동기,남,55세,경상
2015033100100143,2015년 3월 31일 09시,화요일,전라남도 순천시 장천동,경상사고,0,0,1,0,차대차 - 측면직각충돌,안전운전불이행,습기,비,단일로 - 기타,승용,남,57세,상해없음,승용,여,30세,경상
2015033100100144,2015년 3월 31일 09시,화요일,전라남도 나주시 산포면,경상사고,0,0,1,0,차량단독 - 전도전복,안전운전불이행,건조,맑음,단일로 - 기타,이륜,남,77세,상해없음,,,,
2015033100100145,2015년 3월 31일 09시,화요일,전라남도 고흥군 도양읍,중상사고,0,1,0,0,차대차 - 기타,안전운전불이행,습기,비,교차로 - 교차로부근,화물,남,45세,상해없음,자전거,남,69세,중상
2015033100100164,2015년 3월 31일 10시,화요일,전라남도 여수시 시전동,경상사고,0,0,1,0,차대사람 - 길가장자리구역통행중,안전운전불이행,습기,비,단일로 - 기타,승합,남,53세,상해없음,보행자,남,77세,경상
2015033100100165,2015년 3월 31일 10시,화요일,전라남도 화순군 화순읍,경상사고,0,0,1,0,차대사람 - 기타,안전운전불이행,기타,맑음,기타 - 기타,승합,남,53세,상해없음,보행자,남,12세,경상
2015033100100166,2015년 3월 31일 10시,화요일,전라남도 광양시 중동,경상사고,0,0,2,0,차대차 - 측면직각충돌,직진우회전진행방해,습기,비,교차로 - 교차로안,승용,여,34세,경상,승용,남,37세,경상
2015033100100184,2015년 3월 31일 11시,화요일,전라남도 여수시 신월동,사망사고,1,0,1,0,차대차 - 측면직각충돌,중앙선침범,습기,비,단일로 - 기타,승용,남,22세,사망,화물,남,38세,경상
2015033100100185,2015년 3월 31일 11시,화요일,전라남도 영광군 영광읍,경상사고,0,0,1,0,차대차 - 추돌 - 주정차중,안전운전불이행,건조,맑음,단일로 - 기타,화물,남,25세,상해없음,승용,여,39세,경상
2015033100100186,2015년 3월 31일 11시,화요일,전라남도 진도군 임회면,중상사고,0,2,2,0,차대차 - 측면직각충돌,안전운전불이행,습기,비,교차로 - 교차로안,화물,남,54세,상해없음,승용,남,44세,중상
2015033100100245,2015년 3월 31일 13시,화요일,전라남도 여수시 화양면,경상사고,0,0,1,0,차대차 - 측면직각충돌,안전운전불이행,습기,비,교차로 - 교차로안,승용,남,28세,상해없음,승용,남,67세,상해없음
2015033100100246,2015년 3월 31일 13시,화요일,전라남도 고흥군 영남면,중상사고,0,1,1,0,차대차 - 기타,중앙선침범,습기,비,단일로 - 기타,화물,남,56세,상해없음,승용,남,62세,경상
2015033100100247,2015년 3월 31일 13시,화요일,전라남도 영광군 불갑면,경상사고,0,0,5,0,차대차 - 측면직각충돌,중앙선침범,건조,맑음,단일로 - 기타,화물,남,63세,경상,화물,남,72세,경상
2015033100100280,2015년 3월 31일 14시,화요일,전라남도 목포시 석현동,경상사고,0,0,1,0,차대사람 - 기타,안전운전불이행,건조,맑음,교차로 - 교차로부근,승용,남,52세,상해없음,보행자,여,7세,경상
2015033100100281,2015년 3월 31일 14시,화요일,전라남도 여수시 오림동,중상사고,0,1,0,0,차대사람 - 차도통행중,안전운전불이행,습기,비,단일로 - 기타,승합,남,59세,상해없음,보행자,여,55세,중상
2015033100100282,2015년 3월 31일 14시,화요일,전라남도 무안군 현경면,경상사고,0,0,4,0,차대차 - 기타,안전운전불이행,건조,맑음,단일로 - 기타,건설기계,남,54세,상해없음,승합,남,45세,상해없음
2015033100100321,2015년 3월 31일 15시,화요일,전라남도 목포시 옥암동,경상사고,0,0,1,0,차대차 - 기타,안전운전불이행,건조,맑음,단일로 - 기타,자전거,남,14세,경상,승용,남,42세,상해없음
2015033100100346,2015년 3월 31일 16시,화요일,전라남도 여수시 웅천동,경상사고,0,0,1,0,차대차 - 측면직각충돌,안전운전불이행,습기,비,교차로 - 교차로부근,승용,남,54세,상해없음,승용,남,59세,경상
2015033100100377,2015년 3월 31일 17시,화요일,전라남도 무안군 현경면,경상사고,0,0,1,0,차대차 - 추돌 - 진행중,안전운전불이행,건조,맑음,교차로 - 교차로부근,화물,남,56세,상해없음,승용,여,54세,경상
2015033100100412,2015년 3월 31일 18시,화요일,전라남도 여수시 안산동,경상사고,0,0,1,0,차대차 - 추돌 - 주정차중,안전운전불이행,습기,비,교차로 - 교차로부근,승용,남,33세,상해없음,화물,남,53세,경상
2015033100100413,2015년 3월 31일 18시,화요일,전라남도 순천시 조례동,경상사고,0,0,1,0,차대차 - 추돌 - 주정차중,안전운전불이행,습기,비,단일로 - 기타,승용,남,61세,상해없음,승용,여,45세,경상
2015033100100467,2015년 3월 31일 19시,화요일,전라남도 목포시 상동,경상사고,0,0,2,0,차대차 - 기타,안전운전불이행,건조,맑음,교차로 - 교차로부근,기타불명,기타불명,기타불명,기타불명,승용,여,47세,경상
2015033100100468,2015년 3월 31일 19시,화요일,전라남도 나주시 금천면,경상사고,0,0,2,0,차대차 - 추돌 - 진행중,안전운전불이행,건조,맑음,단일로 - 기타,승용,남,73세,경상,승용,남,50세,경상
2015033100100469,2015년 3월 31일 19시,화요일,전라남도 고흥군 고흥읍,중상사고,0,1,0,0,차대사람 - 횡단중,안전운전불이행,습기,비,교차로 - 교차로부근,승용,남,68세,상해없음,보행자,남,72세,중상
2015033100100519,2015년 3월 31일 20시,화요일,전라남도 영암군 신북면,중상사고,0,1,0,0,차량단독 - 공작물충돌,안전운전불이행,건조,맑음,단일로 - 기타,화물,남,53세,중상,,,,
2015033100100566,2015년 3월 31일 21시,화요일,전라남도 목포시 남교동,경상사고,0,0,4,0,차대차 - 기타,교차로운행방법위반,건조,맑음,교차로 - 교차로안,승용,여,56세,경상,승용,남,62세,경상
2015033100100567,2015년 3월 31일 21시,화요일,전라남도 여수시 안산동,중상사고,0,1,0,0,차대차 - 측면직각충돌,안전운전불이행,건조,맑음,단일로 - 기타,승용,여,45세,상해없음,이륜,남,51세,중상
2015033100100568,2015년 3월 31일 21시,화요일,전라남도 순천시 연향동,중상사고,0,1,2,0,차대차 - 측면직각충돌,교차로운행방법위반,습기,흐림,교차로 - 교차로안,승용,여,46세,경상,승용,남,55세,중상
2015033100100569,2015년 3월 31일 21시,화요일,전라남도 순천시 조례동,경상사고,0,0,3,0,차대차 - 추돌 - 주정차중,안전운전불이행,건조,맑음,교차로 - 교차로부근,승용,남,49세,상해없음,승용,남,47세,경상
2015033100100621,2015년 3월 31일 22시,화요일,전라남도 순천시 조례동,중상사고,0,1,1,0,차대차 - 측면직각충돌,안전운전불이행,습기,비,교차로 - 교차로부근,승용,여,41세,상해없음,승합,남,65세,경상
2015033100100622,2015년 3월 31일 22시,화요일,전라남도 완도군 완도읍,경상사고,0,0,1,0,차대사람 - 기타,안전운전불이행,습기,비,단일로 - 기타,승용,남,32세,상해없음,보행자,남,50세,경상
2015033100100659,2015년 3월 31일 23시,화요일,전라남도 여수시 봉산동,경상사고,0,0,1,0,차대사람 - 차도통행중,안전운전불이행,습기,비,단일로 - 기타,승용,남,22세,상해없음,보행자,여,35세,경상
2015033100100660,2015년 3월 31일 23시,화요일,전라남도 무안군 무안읍,경상사고,0,0,4,0,차대차 - 측면직각충돌,안전운전불이행,건조,맑음,교차로 - 교차로안,승용,여,22세,경상,승용,남,53세,경상
2015040100100038,2015년 4월 1일 01시,수요일,전라남도 광양시 중동,경상사고,0,0,1,0,차대차 - 측면직각충돌,안전운전불이행,습기,비,교차로 - 교차로안,승용,남,27세,상해없음,승용,남,46세,경상
2015040100100055,2015년 4월 1일 02시,수요일,전라남도 순천시 장천동,중상사고,0,1,1,1,차대차 - 기타,교차로운행방법위반,습기,비,교차로 - 교차로안,승용,남,66세,상해없음,승용,남,34세,상해없음
2015040100100096,2015년 4월 1일 06시,수요일,전라남도 순천시 조곡동,경상사고,0,0,4,0,차대차 - 추돌 - 주정차중,안전운전불이행,습기,흐림,단일로 - 기타,승용,남,36세,상해없음,승용,여,36세,경상
2015040100100177,2015년 4월 1일 09시,수요일,전라남도 영광군 홍농읍,중상사고,0,1,1,0,차대차 - 측면직각충돌,중앙선침범,건조,맑음,단일로 - 기타,승용,남,48세,상해없음,승용,여,68세,경상
2015040100100229,2015년 4월 1일 11시,수요일,전라남도 여수시 광무동,사망사고,1,0,0,0,차대사람 - 횡단중,안전운전불이행,습기,흐림,단일로 - 기타,승용,남,30세,상해없음,보행자,여,89세,사망
2015040100100230,2015년 4월 1일 11시,수요일,전라남도 순천시 조례동,경상사고,0,0,3,0,차대차 - 기타,안전거리미확보,건조,맑음,교차로 - 교차로부근,승용,여,40세,상해없음,승용,남,35세,경상
2015040100100231,2015년 4월 1일 11시,수요일,전라남도 순천시 낙안면,경상사고,0,0,1,0,차대차 - 기타,중앙선침범,건조,맑음,단일로 - 기타,승용,여,40세,상해없음,승용,남,28세,경상
2015040100100232,2015년 4월 1일 11시,수요일,전라남도 진도군 지산면,중상사고,0,1,1,0,차대차 - 정면충돌,중앙선침범,건조,맑음,단일로 - 기타,화물,남,35세,경상,이륜,여,72세,중상
2015040100100260,2015년 4월 1일 12시,수요일,전라남도 목포시 대성동,경상사고,0,0,1,0,차대차 - 측면직각충돌,중앙선침범,건조,맑음,단일로 - 기타,승용,남,61세,기타불명,승용,남,55세,경상
2015040100100261,2015년 4월 1일 12시,수요일,전라남도 여수시 웅천동,중상사고,0,1,0,0,차대차 - 측면직각충돌,차로위반,건조,흐림,단일로 - 기타,승용,여,26세,상해없음,승용,여,46세,중상
2015040100100262,2015년 4월 1일 12시,수요일,전라남도 영광군 염산면,중상사고,0,2,0,0,차대차 - 측면직각충돌,교차로운행방법위반,건조,맑음,교차로 - 교차로안,화물,남,60세,상해없음,승용,남,72세,중상
2015040100100263,2015년 4월 1일 12시,수요일,전라남도 함평군 대동면,경상사고,0,0,1,0,차량단독 - 기타,안전운전불이행,건조,맑음,단일로 - 기타,원동기,남,69세,경상,,,,
2015040100100264,2015년 4월 1일 12시,수요일,전라남도 구례군 문척면,중상사고,0,1,0,0,차대사람 - 기타,안전운전불이행,건조,맑음,단일로 - 기타,승용,남,75세,상해없음,보행자,여,63세,중상
2015040100100296,2015년 4월 1일 13시,수요일,전라남도 나주시 이창동,경상사고,0,0,1,0,차량단독 - 도로외이탈 - 기타,안전운전불이행,건조,맑음,단일로 - 기타,화물,남,61세,경상,,,,
2015040100100297,2015년 4월 1일 13시,수요일,전라남도 광양시 태인동,경상사고,0,0,1,0,차대차 - 추돌 - 주정차중,안전운전불이행,건조,맑음,교차로 - 교차로부근,이륜,남,54세,상해없음,승용,남,37세,경상
2015040100100324,2015년 4월 1일 14시,수요일,전라남도 영광군 영광읍,사망사고,1,0,0,0,차대사람 - 횡단중,안전운전불이행,건조,맑음,단일로 - 기타,승합,남,55세,상해없음,보행자,여,80세,사망
2015040100100325,2015년 4월 1일 14시,수요일,전라남도 강진군 강진읍,경상사고,0,0,2,0,차대차 - 측면직각충돌,직진우회전진행방해,건조,맑음,교차로 - 교차로안,화물,남,46세,경상,승용,여,64세,경상
2015040100100326,2015년 4월 1일 14시,수요일,전라남도 곡성군 고달면,경상사고,0,0,1,0,차대사람 - 횡단중,안전운전불이행,건조,맑음,기타 - 기타,승용,여,35세,상해없음,보행자,남,19세,경상
2015040100100363,2015년 4월 1일 15시,수요일,전라남도 여수시 국동,중상사고,0,1,0,0,차대사람 - 차도통행중,안전운전불이행,건조,맑음,단일로 - 기타,승용,남,31세,상해없음,보행자,남,15세,중상
2015040100100364,2015년 4월 1일 15시,수요일,전라남도 순천시 조곡동,중상사고,0,1,0,0,차대차 - 기타,안전운전불이행,건조,맑음,단일로 - 기타,기타불명,기타불명,기타불명,기타불명,자전거,남,60세,중상
2015040100100365,2015년 4월 1일 15시,수요일,전라남도 장흥군 장흥읍,경상사고,0,0,1,0,차대사람 - 차도통행중,안전운전불이행,건조,흐림,단일로 - 기타,원동기,남,72세,상해없음,보행자,여,68세,경상
2015040100100366,2015년 4월 1일 15시,수요일,전라남도 고흥군 고흥읍,중상사고,0,1,0,0,차대사람 - 횡단중,보행자보호의무위반,건조,맑음,교차로 - 교차로부근,화물,여,54세,상해없음,보행자,여,85세,중상