사고번호,사고일시,요일,시군구,사고내용,사망자수,중상자수,경상자수,부상신고자수,사고유형,법규위반,노면상태,기상상태,도로형태,가해운전자 차종,가해운전자 성별,가해운전자 연령,가해운전자 상해정도,피해운전자 차종,피해운전자 성별,피해운전자 연령,피해운전자 상해정도
2015040100100367,2015년 4월 1일 15시,수요일,전라남도 강진군 강진읍,경상사고,0,0,2,0,차대차 - 측면직각충돌,직진우회전진행방해,건조,맑음,교차로 - 교차로안,승용,남,68세,경상,승합,남,73세,경상
2015040100100398,2015년 4월 1일 16시,수요일,전라남도 나주시 노안면,경상사고,0,0,1,0,차대차 - 기타,안전운전불이행,건조,맑음,단일로 - 기타,승용,여,39세,상해없음,이륜,남,77세,경상
2015040100100399,2015년 4월 1일 16시,수요일,전라남도 나주시 공산면,경상사고,0,0,2,0,차대차 - 기타,기타,건조,흐림,교차로 - 교차로안,승용,남,29세,경상,농기계,남,53세,경상
2015040100100437,2015년 4월 1일 17시,수요일,전라남도 목포시 동명동,경상사고,0,0,1,0,차대차 - 측면직각충돌,직진우회전진행방해,건조,맑음,교차로 - 교차로안,승용,여,41세,상해없음,원동기,남,63세,경상
2015040100100438,2015년 4월 1일 17시,수요일,전라남도 여수시 돌산읍,경상사고,0,0,1,0,차대사람 - 길가장자리구역통행중,안전운전불이행,습기,흐림,기타 - 기타,승용,남,36세,상해없음,보행자,남,45세,경상
2015040100100439,2015년 4월 1일 17시,수요일,전라남도 순천시 남내동,경상사고,0,0,1,0,차대사람 - 기타,안전운전불이행,습기,비,단일로 - 기타,승용,남,48세,상해없음,보행자,여,13세,경상
2015040100100440,2015년 4월 1일 17시,수요일,전라남도 나주시 문평면,중상사고,0,1,0,0,차량단독 - 기타,안전운전불이행,건조,맑음,단일로 - 기타,승합,남,50세,상해없음,,,,
2015040100100441,2015년 4월 1일 17시,수요일,전라남도 무안군 삼향읍,경상사고,0,0,1,0,차대사람 - 보도통행중,보행자보호의무위반,건조,맑음,단일로 - 횡단보도상,승용,남,29세,상해없음,보행자,여,33세,경상
2015040100100502,2015년 4월 1일 19시,수요일,전라남도 목포시 산정동,사망사고,1,0,0,0,차대사람 - 횡단중,안전운전불이행,건조,맑음,단일로 - 기타,승용,남,46세,상해없음,보행자,여,80세,사망
2015040100100503,2015년 4월 1일 19시,수요일,전라남도 나주시 산포면,경상사고,0,0,9,0,차대차 - 추돌 - 진행중,안전운전불이행,건조,기타,교차로 - 교차로부근,화물,남,48세,상해없음,화물,여,43세,경상
2015040100100504,2015년 4월 1일 19시,수요일,전라남도 광양시 중동,경상사고,0,0,2,0,차대차 - 측면직각충돌,신호위반,건조,흐림,교차로 - 교차로안,승용,여,49세,경상,승용,남,41세,경상
2015040100100532,2015년 4월 1일 20시,수요일,전라남도 곡성군 곡성읍,경상사고,0,0,1,0,차대차 - 측면직각충돌,안전운전불이행,습기,비,교차로 - 교차로안,승용,남,23세,상해없음,승용,남,41세,경상
2015040100100562,2015년 4월 1일 21시,수요일,전라남도 여수시 학동,경상사고,0,0,2,0,차대차 - 추돌 - 진행중,안전운전불이행,건조,맑음,교차로 - 교차로부근,승용,남,56세,상해없음,승용,남,54세,경상
2015040100100591,2015년 4월 1일 22시,수요일,전라남도 순천시 조곡동,경상사고,0,0,1,0,차대차 - 기타,안전운전불이행,건조,맑음,단일로 - 기타,기타불명,기타불명,기타불명,기타불명,화물,남,48세,경상
2015040100100592,2015년 4월 1일 22시,수요일,전라남도 고흥군 고흥읍,경상사고,0,0,1,0,차량단독 - 전도전복,기타,건조,맑음,단일로 - 기타,승용,여,50세,경상,,,,
2015040200100030,2015년 4월 2일 01시,목요일,전라남도 순천시 해룡면,경상사고,0,0,1,0,차량단독 - 기타,안전운전불이행,건조,맑음,단일로 - 기타,화물,남,50세,경상,,,,
2015040200100031,2015년 4월 2일 01시,목요일,전라남도 담양군 담양읍,경상사고,0,0,2,0,차대차 - 측면직각충돌,직진우회전진행방해,건조,맑음,교차로 - 교차로안,승용,남,64세,경상,화물,남,63세,경상
2015040200100063,2015년 4월 2일 04시,목요일,전라남도 광양시 중동,부상신고사고,0,0,0,1,차대차 - 추돌 - 진행중,안전거리미확보,습기,비,단일로 - 기타,승용,남,41세,부상신고,건설기계,남,51세,상해없음
2015040200100156,2015년 4월 2일 09시,목요일,전라남도 영광군 영광읍,중상사고,0,1,0,0,차대차 - 측면직각충돌,직진우회전진행방해,건조,맑음,교차로 - 교차로안,승용,남,32세,상해없음,승용,여,33세,중상
2015040200100186,2015년 4월 2일 10시,목요일,전라남도 광양시 광양읍,중상사고,0,1,0,0,차대차 - 측면직각충돌,직진우회전진행방해,습기,비,교차로 - 교차로안,승용,남,39세,상해없음,이륜,남,75세,중상
2015040200100216,2015년 4월 2일 11시,목요일,전라남도 화순군 춘양면,중상사고,0,1,0,0,차량단독 - 기타,안전운전불이행,건조,맑음,단일로 - 기타,승용,여,43세,상해없음,,,,
2015040200100245,2015년 4월 2일 12시,목요일,전라남도 여수시 여서동,경상사고,0,0,2,0,차대차 - 측면직각충돌,안전운전불이행,건조,맑음,교차로 - 교차로안,승용,여,62세,경상,승용,남,38세,경상
2015040200100263,2015년 4월 2일 13시,목요일,전라남도 무안군 무안읍,중상사고,0,4,1,0,차대차 - 추돌 - 진행중,안전거리미확보,건조,맑음,단일로 - 기타,승용,남,30세,경상,승용,여,30세,중상
2015040200100264,2015년 4월 2일 13시,목요일,전라남도 목포시 상동,경상사고,0,0,1,0,차대차 - 기타,안전운전불이행,습기,흐림,교차로 - 교차로안,승용,남,57세,상해없음,승용,남,31세,경상
2015040200100265,2015년 4월 2일 13시,목요일,전라남도 영암군 영암읍,중상사고,0,1,1,0,차대차 - 측면직각충돌,안전운전불이행,건조,맑음,교차로 - 교차로안,승용,여,45세,경상,승용,남,86세,중상
2015040200100266,2015년 4월 2일 13시,목요일,전라남도 광양시 중동,중상사고,0,1,0,0,차대사람 - 횡단중,안전운전불이행,건조,맑음,교차로 - 교차로부근,화물,남,60세,상해없음,보행자,여,52세,중상
2015040200100290,2015년 4월 2일 14시,목요일,전라남도 해남군 북평면,중상사고,0,2,0,0,차량단독 - 도로외이탈 - 기타,안전운전불이행,건조,맑음,단일로 - 기타,승용,남,52세,중상,,,,
2015040200100291,2015년 4월 2일 14시,목요일,전라남도 무안군 삼향읍,사망사고,1,0,1,0,차대차 - 측면직각충돌,신호위반,건조,맑음,교차로 - 교차로안,승용,여,28세,경상,이륜,남,31세,사망
2015040200100347,2015년 4월 2일 16시,목요일,전라남도 순천시 풍덕동,경상사고,0,0,2,0,차대차 - 추돌 - 주정차중,안전운전불이행,습기,비,교차로 - 교차로부근,승용,여,38세,상해없음,승용,남,67세,경상
2015040200100348,2015년 4월 2일 16시,목요일,전라남도 영암군 삼호읍,경상사고,0,0,2,0,차대차 - 추돌 - 주정차중,안전운전불이행,건조,맑음,교차로 - 교차로부근,화물,남,54세,경상,화물,남,58세,경상
2015040200100349,2015년 4월 2일 16시,목요일,전라남도 강진군 성전면,경상사고,0,0,1,0,차대사람 - 기타,안전운전불이행,습기,비,단일로 - 기타,승용,여,50세,상해없음,보행자,남,75세,경상
2015040200100379,2015년 4월 2일 17시,목요일,전라남도 목포시 용해동,경상사고,0,0,1,0,차대차 - 기타,기타,습기,흐림,단일로 - 기타,승용,남,26세,상해없음,승용,남,36세,경상
2015040200100380,2015년 4월 2일 17시,목요일,전라남도 순천시 연향동,부상신고사고,0,0,0,1,차대차 - 기타,안전운전불이행,건조,맑음,단일로 - 기타,승용,여,49세,부상신고,승용,여,51세,상해없음
2015040200100381,2015년 4월 2일 17시,목요일,전라남도 해남군 문내면,중상사고,0,1,0,0,차대차 - 기타,직진우회전진행방해,건조,흐림,교차로 - 교차로안,승용,여,38세,상해없음,이륜,남,51세,중상
2015040200100382,2015년 4월 2일 17시,목요일,전라남도 해남군 해남읍,경상사고,0,0,1,0,차대사람 - 횡단중,보행자보호의무위반,건조,흐림,단일로 - 기타,승용,여,51세,상해없음,보행자,여,12세,경상
2015040200100441,2015년 4월 2일 18시,목요일,전라남도 순천시 해룡면,경상사고,0,0,3,0,차대차 - 추돌 - 진행중,안전운전불이행,습기,비,단일로 - 기타,승용,여,30세,상해없음,승용,남,57세,경상
2015040200100442,2015년 4월 2일 18시,목요일,전라남도 구례군 마산면,경상사고,0,0,1,0,차대차 - 추돌 - 진행중,안전운전불이행,건조,맑음,단일로 - 기타,화물,여,56세,상해없음,이륜,남,75세,경상
2015040200100479,2015년 4월 2일 19시,목요일,전라남도 순천시 조례동,중상사고,0,1,0,0,차대사람 - 횡단중,보행자보호의무위반,습기,비,교차로 - 교차로안,화물,남,54세,상해없음,보행자,남,57세,중상
2015040200100480,2015년 4월 2일 19시,목요일,전라남도 순천시 덕암동,중상사고,0,1,1,0,차량단독 - 공작물충돌,안전운전불이행,습기,비,교차로 - 교차로부근,승용,남,63세,경상,,,,
2015040200100481,2015년 4월 2일 19시,목요일,전라남도 장흥군 장흥읍,중상사고,0,1,5,0,차대차 - 측면직각충돌,안전운전불이행,건조,맑음,교차로 - 교차로부근,승용,남,72세,경상,승용,남,62세,중상
2015040200100482,2015년 4월 2일 19시,목요일,전라남도 광양시 중동,경상사고,0,0,2,0,차대차 - 추돌 - 주정차중,안전운전불이행,습기,비,교차로 - 교차로부근,승용,남,35세,상해없음,승용,남,42세,경상
2015040200100536,2015년 4월 2일 20시,목요일,전라남도 장흥군 장흥읍,경상사고,0,0,1,0,차대차 - 측면직각충돌,교차로운행방법위반,습기,비,교차로 - 교차로안,승용,남,22세,상해없음,승용,남,30세,경상
2015040200100537,2015년 4월 2일 20시,목요일,전라남도 광양시 중동,중상사고,0,1,0,0,차대사람 - 횡단중,안전운전불이행,습기,비,교차로 - 교차로안,승용,남,39세,상해없음,보행자,남,75세,중상
2015040200100591,2015년 4월 2일 21시,목요일,전라남도 장흥군 장흥읍,경상사고,0,0,1,0,차대차 - 추돌 - 진행중,안전운전불이행,습기,비,단일로 - 기타,승용,남,66세,상해없음,승용,여,52세,경상
2015040200100643,2015년 4월 2일 22시,목요일,전라남도 여수시 국동,경상사고,0,0,1,0,차대차 - 측면직각충돌,교차로운행방법위반,습기,비,교차로 - 교차로안,화물,남,31세,상해없음,이륜,남,58세,경상
2015040200100644,2015년 4월 2일 22시,목요일,전라남도 나주시 금천면,부상신고사고,0,0,0,1,차량단독 - 공작물충돌,안전운전불이행,습기,비,단일로 - 기타,승용,남,25세,부상신고,,,,
2015040200100692,2015년 4월 2일 23시,목요일,전라남도 여수시 학동,경상사고,0,0,1,0,차대사람 - 길가장자리구역통행중,안전운전불이행,건조,맑음,단일로 - 기타,승용,여,19세,상해없음,보행자,남,43세,경상
2015040200100693,2015년 4월 2일 23시,목요일,전라남도 무안군 삼향읍,경상사고,0,0,3,0,차대차 - 측면직각충돌,안전운전불이행,습기,비,교차로 - 교차로안,승용,남,41세,경상,승용,남,49세,경상
2015040200100694,2015년 4월 2일 23시,목요일,전라남도 광양시 광양읍,경상사고,0,0,2,0,차대차 - 측면직각충돌,신호위반,습기,비,교차로 - 교차로안,승용,여,52세,경상,승용,남,53세,경상
2015040300100032,2015년 4월 3일 00시,금요일,전라남도 영암군 삼호읍,사망사고,1,0,0,0,차대사람 - 차도통행중,안전운전불이행,습기,비,단일로 - 기타,승용,남,31세,상해없음,보행자,남,33세,사망
2015040300100033,2015년 4월 3일 00시,금요일,전라남도 무안군 삼향읍,경상사고,0,0,1,0,차대차 - 측면직각충돌,안전운전불이행,습기,비,교차로 - 교차로안,승용,남,35세,경상,특수,남,39세,상해없음
2015040300100059,2015년 4월 3일 01시,금요일,전라남도 광양시 광양읍,경상사고,0,0,2,0,차대차 - 측면직각충돌,신호위반,습기,비,교차로 - 교차로안,승용,여,39세,경상,승용,남,51세,경상
2015040300100097,2015년 4월 3일 04시,금요일,전라남도 영광군 영광읍,경상사고,0,0,1,0,차량단독 - 공작물충돌,안전운전불이행,습기,비,단일로 - 기타,승용,여,43세,경상,,,,
2015040300100111,2015년 4월 3일 05시,금요일,전라남도 목포시 옥암동,경상사고,0,0,3,0,차대차 - 추돌 - 주정차중,안전운전불이행,건조,맑음,단일로 - 기타,승용,남,49세,상해없음,승용,남,31세,경상
2015040300100145,2015년 4월 3일 07시,금요일,전라남도 순천시 덕암동,중상사고,0,1,0,0,차대차 - 측면직각충돌,신호위반,건조,맑음,교차로 - 교차로안,화물,남,65세,상해없음,승용,남,65세,중상
2015040300100146,2015년 4월 3일 07시,금요일,전라남도 나주시 금천면,부상신고사고,0,0,0,1,차대차 - 추돌 - 진행중,안전거리미확보,건조,맑음,단일로 - 기타,화물,남,36세,부상신고,화물,남,55세,상해없음
2015040300100147,2015년 4월 3일 07시,금요일,전라남도 강진군 마량면,부상신고사고,0,0,0,2,차대차 - 측면직각충돌,직진우회전진행방해,건조,맑음,교차로 - 교차로안,원동기,남,49세,부상신고,화물,남,63세,상해없음
2015040300100183,2015년 4월 3일 08시,금요일,전라남도 여수시 광무동,경상사고,0,0,2,0,차대차 - 측면직각충돌,교차로운행방법위반,건조,맑음,교차로 - 교차로안,승용,남,71세,상해없음,승용,여,43세,경상
2015040300100184,2015년 4월 3일 08시,금요일,전라남도 여수시 미평동,경상사고,0,0,1,0,차대차 - 추돌 - 주정차중,안전운전불이행,건조,맑음,단일로 - 기타,승용,남,60세,상해없음,승용,남,48세,경상
2015040300100208,2015년 4월 3일 09시,금요일,전라남도 목포시 옥암동,경상사고,0,0,2,0,차대차 - 측면직각충돌,신호위반,건조,맑음,교차로 - 교차로안,화물,남,43세,상해없음,승용,남,42세,경상
2015040300100209,2015년 4월 3일 09시,금요일,전라남도 순천시 낙안면,부상신고사고,0,0,0,3,차대차 - 측면직각충돌,교차로운행방법위반,건조,맑음,교차로 - 교차로안,승용,여,52세,상해없음,승용,여,55세,상해없음
2015040300100292,2015년 4월 3일 12시,금요일,전라남도 화순군 화순읍,경상사고,0,0,1,0,차대사람 - 기타,안전운전불이행,건조,맑음,기타 - 기타,화물,남,65세,상해없음,보행자,여,66세,경상
2015040300100318,2015년 4월 3일 13시,금요일,전라남도 신안군 압해읍,중상사고,0,1,0,0,차대차 - 측면직각충돌,안전운전불이행,건조,맑음,단일로 - 기타,건설기계,남,55세,상해없음,농기계,여,64세,중상
2015040300100319,2015년 4월 3일 13시,금요일,전라남도 영광군 백수읍,중상사고,0,1,0,0,차대사람 - 횡단중,안전운전불이행,건조,맑음,교차로 - 교차로안,승용,남,77세,상해없음,보행자,여,77세,중상
2015040300100320,2015년 4월 3일 13시,금요일,전라남도 강진군 성전면,경상사고,0,0,1,0,차대차 - 기타,안전운전불이행,건조,맑음,단일로 - 기타,승용,남,69세,경상,화물,남,26세,상해없음
2015040300100349,2015년 4월 3일 14시,금요일,전라남도 나주시 반남면,경상사고,0,0,2,1,차대차 - 추돌 - 진행중,안전운전불이행,건조,맑음,단일로 - 기타,화물,남,56세,부상신고,승용,남,55세,경상
2015040300100380,2015년 4월 3일 15시,금요일,전라남도 순천시 장천동,경상사고,0,0,1,0,차대차 - 기타,신호위반,건조,맑음,단일로 - 기타,승용,남,59세,상해없음,자전거,남,20세,경상
2015040300100381,2015년 4월 3일 15시,금요일,전라남도 곡성군 곡성읍,경상사고,0,0,1,0,차대사람 - 기타,안전운전불이행,건조,맑음,단일로 - 기타,승용,남,68세,상해없음,보행자,남,73세,경상
2015040300100421,2015년 4월 3일 16시,금요일,전라남도 여수시 신기동,경상사고,0,0,1,0,차대차 - 측면직각충돌,신호위반,건조,맑음,단일로 - 횡단보도상,승용,남,72세,상해없음,자전거,남,13세,경상
2015040300100461,2015년 4월 3일 17시,금요일,전라남도 여수시 학동,중상사고,0,1,0,0,차대사람 - 횡단중,보행자보호의무위반,건조,맑음,기타 - 기타,승합,남,36세,상해없음,보행자,여,9세,중상
2015040300100505,2015년 4월 3일 18시,금요일,전라남도 목포시 금화동,중상사고,0,1,1,0,차대차 - 측면직각충돌,기타,건조,맑음,교차로 - 교차로안,승용,남,53세,중상,승합,남,62세,경상
2015040300100506,2015년 4월 3일 18시,금요일,전라남도 영암군 도포면,경상사고,0,0,2,0,차대차 - 정면충돌,중앙선침범,건조,맑음,단일로 - 기타,화물,남,58세,경상,승용,여,40세,경상
2015040300100550,2015년 4월 3일 19시,금요일,전라남도 여수시 중앙동,경상사고,0,0,1,0,차대사람 - 횡단중,보행자보호의무위반,건조,맑음,단일로 - 횡단보도상,승용,여,61세,상해없음,보행자,남,79세,경상
2015040300100626,2015년 4월 3일 21시,금요일,전라남도 화순군 화순읍,중상사고,0,1,1,0,차대차 - 측면직각충돌,교차로운행방법위반,건조,기타,교차로 - 교차로안,이륜,남,44세,경상,승용,여,60세,중상
2015040300100662,2015년 4월 3일 22시,금요일,전라남도 나주시 대호동,중상사고,0,1,0,0,차대차 - 측면직각충돌,안전운전불이행,건조,맑음,단일로 - 기타,이륜,남,19세,중상,이륜,남,19세,상해없음
2015040300100663,2015년 4월 3일 22시,금요일,전라남도 나주시 문평면,중상사고,0,1,1,0,차대차 - 추돌 - 진행중,안전운전불이행,건조,맑음,단일로 - 터널,승용,남,23세,상해없음,승용,남,23세,중상
2015040400100097,2015년 4월 4일 04시,토요일,전라남도 순천시 동외동,경상사고,0,0,1,0,차대차 - 기타,신호위반,건조,흐림,교차로 - 교차로안,승용,남,41세,상해없음,화물,남,33세,상해없음
2015040400100118,2015년 4월 4일 06시,토요일,전라남도 여수시 봉계동,중상사고,0,1,0,0,차대사람 - 길가장자리구역통행중,중앙선침범,건조,맑음,교차로 - 교차로부근,승용,남,42세,상해없음,보행자,남,44세,중상
2015040400100119,2015년 4월 4일 06시,토요일,전라남도 광양시 금호동,중상사고,0,1,0,0,차대차 - 기타,신호위반,건조,맑음,교차로 - 교차로안,승용,남,44세,상해없음,자전거,남,31세,중상
2015040400100132,2015년 4월 4일 07시,토요일,전라남도 강진군 강진읍,중상사고,0,2,1,0,차대사람 - 길가장자리구역통행중,안전운전불이행,건조,맑음,단일로 - 기타,승용,남,34세,상해없음,보행자,여,55세,중상
2015040400100172,2015년 4월 4일 09시,토요일,전라남도 목포시 호남동,경상사고,0,0,1,0,차대사람 - 횡단중,안전운전불이행,건조,맑음,교차로 - 교차로부근,승용,여,41세,상해없음,보행자,여,18세,경상
2015040400100173,2015년 4월 4일 09시,토요일,전라남도 여수시 학동,중상사고,0,1,0,0,차대사람 - 횡단중,보행자보호의무위반,건조,맑음,교차로 - 교차로부근,승용,여,41세,상해없음,보행자,여,33세,중상
2015040400100174,2015년 4월 4일 09시,토요일,전라남도 화순군 청풍면,중상사고,0,1,0,0,차대차 - 추돌 - 진행중,안전운전불이행,건조,맑음,교차로 - 교차로안,승용,남,43세,상해없음,이륜,남,76세,중상
2015040400100208,2015년 4월 4일 10시,토요일,전라남도 여수시 문수동,경상사고,0,0,1,0,차대차 - 추돌 - 주정차중,안전운전불이행,건조,맑음,교차로 - 교차로부근,승용,남,41세,상해없음,승용,여,50세,경상
2015040400100209,2015년 4월 4일 10시,토요일,전라남도 순천시 덕암동,경상사고,0,0,9,0,차대차 - 추돌 - 진행중,안전운전불이행,건조,맑음,단일로 - 기타,승용,남,52세,경상,승용,남,38세,상해없음
2015040400100210,2015년 4월 4일 10시,토요일,전라남도 고흥군 포두면,중상사고,0,1,0,0,차대차 - 기타,중앙선침범,건조,맑음,기타 - 기타,이륜,남,82세,중상,특수,남,47세,상해없음
2015040400100211,2015년 4월 4일 10시,토요일,전라남도 화순군 이양면,경상사고,0,0,4,0,차대차 - 정면충돌,안전운전불이행,건조,맑음,단일로 - 기타,화물,남,49세,상해없음,승용,여,65세,경상
2015040400100212,2015년 4월 4일 10시,토요일,전라남도 영암군 삼호읍,경상사고,0,0,4,0,차대차 - 추돌 - 주정차중,안전운전불이행,건조,맑음,단일로 - 기타,승용,여,35세,경상,승용,남,53세,경상
2015040400100284,2015년 4월 4일 12시,토요일,전라남도 목포시 죽교동,경상사고,0,0,1,0,차대차 - 기타,안전운전불이행,건조,맑음,단일로 - 기타,승용,여,27세,상해없음,승합,남,66세,상해없음
2015040400100285,2015년 4월 4일 12시,토요일,전라남도 순천시 생목동,중상사고,0,1,0,0,차대차 - 기타,직진우회전진행방해,건조,맑음,교차로 - 교차로안,승용,남,58세,상해없음,이륜,남,32세,중상
2015040400100317,2015년 4월 4일 13시,토요일,전라남도 영암군 삼호읍,경상사고,0,0,2,0,차대차 - 측면직각충돌,신호위반,건조,맑음,교차로 - 교차로안,승용,여,54세,경상,승합,남,35세,경상
2015040400100343,2015년 4월 4일 14시,토요일,전라남도 영암군 삼호읍,중상사고,0,1,0,0,차량단독 - 공작물충돌,안전운전불이행,습기,비,단일로 - 기타,화물,남,49세,중상,,,,
2015040400100344,2015년 4월 4일 14시,토요일,전라남도 영암군 군서면,경상사고,0,0,1,0,차대차 - 측면직각충돌,직진우회전진행방해,습기,비,교차로 - 교차로안,승용,여,40세,경상,승합,남,66세,상해없음
2015040400100383,2015년 4월 4일 15시,토요일,전라남도 나주시 남내동,경상사고,0,0,3,0,차대차 - 추돌 - 주정차중,안전운전불이행,습기,비,교차로 - 교차로안,승용,남,56세,상해없음,승용,남,39세,경상
2015040400100384,2015년 4월 4일 15시,토요일,전라남도 고흥군 도화면,중상사고,0,1,0,0,차량단독 - 전도전복,안전운전불이행,습기,비,기타 - 기타,농기계,남,75세,중상,,,,
2015040400100385,2015년 4월 4일 15시,토요일,전라남도 해남군 해남읍,경상사고,0,0,2,0,차대차 - 기타,안전운전불이행,습기,비,단일로 - 기타,승용,남,76세,상해없음,승용,여,60세,경상
2015040400100386,2015년 4월 4일 15시,토요일,전라남도 강진군 도암면,경상사고,0,0,2,0,차대사람 - 기타,안전운전불이행,습기,비,교차로 - 교차로안,화물,남,41세,상해없음,보행자,여,53세,경상
2015040400100420,2015년 4월 4일 16시,토요일,전라남도 여수시 공화동,경상사고,0,0,1,0,차대차 - 측면직각충돌,기타,습기,비,교차로 - 교차로안,이륜,남,36세,상해없음,승용,남,29세,경상
2015040400100421,2015년 4월 4일 16시,토요일,전라남도 영암군 삼호읍,사망사고,1,0,0,0,차량단독 - 공작물충돌,안전운전불이행,습기,비,단일로 - 기타,승용,남,52세,상해없음,,,,
2015040400100459,2015년 4월 4일 17시,토요일,전라남도 순천시 인제동,중상사고,0,1,0,0,차대차 - 기타,안전운전불이행,습기,비,단일로 - 기타,승용,남,63세,상해없음,이륜,남,50세,중상
2015040400100460,2015년 4월 4일 17시,토요일,전라남도 해남군 계곡면,중상사고,0,1,0,0,차량단독 - 공작물충돌,안전운전불이행,습기,비,단일로 - 기타,승용,남,37세,상해없음,,,,
2015040400100461,2015년 4월 4일 17시,토요일,전라남도 구례군 구례읍,중상사고,0,1,0,0,차대사람 - 기타,안전운전불이행,습기,비,단일로 - 기타,승용,남,53세,상해없음,보행자,남,38세,중상
2015040400100500,2015년 4월 4일 18시,토요일,전라남도 순천시 별량면,경상사고,0,0,3,0,차대차 - 기타,중앙선침범,습기,비,단일로 - 기타,승용,남,68세,상해없음,승용,남,54세,경상
2015040400100501,2015년 4월 4일 18시,토요일,전라남도 광양시 광양읍,경상사고,0,0,3,0,차대차 - 측면직각충돌,직진우회전진행방해,습기,비,교차로 - 교차로안,승용,남,52세,경상,승용,여,37세,경상
2015040400100544,2015년 4월 4일 19시,토요일,전라남도 순천시 연향동,중상사고,0,1,1,0,차대차 - 추돌 - 주정차중,안전운전불이행,습기,비,단일로 - 기타,화물,남,34세,상해없음,승용,남,61세,중상
2015040400100600,2015년 4월 4일 20시,토요일,전라남도 목포시 산정동,중상사고,0,1,0,0,차대사람 - 횡단중,신호위반,습기,흐림,기타 - 기타,승용,남,26세,상해없음,보행자,여,36세,중상
2015040400100601,2015년 4월 4일 20시,토요일,전라남도 고흥군 풍양면,중상사고,0,1,0,0,차량단독 - 공작물충돌,안전운전불이행,습기,비,단일로 - 기타,승용,남,50세,중상,,,,
2015040400100602,2015년 4월 4일 20시,토요일,전라남도 담양군 담양읍,경상사고,0,0,1,0,차대차 - 추돌 - 주정차중,안전운전불이행,습기,비,교차로 - 교차로부근,승용,남,46세,상해없음,승용,남,60세,경상
2015040400100603,2015년 4월 4일 20시,토요일,전라남도 광양시 광양읍,중상사고,0,1,0,0,차대차 - 추돌 - 주정차중,안전운전불이행,습기,비,교차로 - 교차로부근,승합,남,54세,상해없음,승용,남,54세,중상
2015040400100643,2015년 4월 4일 21시,토요일,전라남도 여수시 웅천동,중상사고,0,1,0,0,차대차 - 추돌 - 주정차중,안전운전불이행,습기,비,단일로 - 기타,승용,남,49세,상해없음,승용,남,63세,중상
2015040400100644,2015년 4월 4일 21시,토요일,전라남도 여수시 신기동,중상사고,0,1,0,0,차대사람 - 횡단중,신호위반,습기,비,단일로 - 횡단보도상,기타불명,기타불명,기타불명,기타불명,보행자,여,62세,중상
2015040400100645,2015년 4월 4일 21시,토요일,전라남도 순천시 조례동,중상사고,0,1,0,0,차대사람 - 횡단중,보행자보호의무위반,습기,비,단일로 - 횡단보도상,화물,남,48세,상해없음,보행자,여,50세,중상
2015040400100646,2015년 4월 4일 21시,토요일,전라남도 해남군 해남읍,중상사고,0,2,2,0,차대차 - 기타,신호위반,습기,비,교차로 - 교차로안,승용,남,50세,경상,승용,남,41세,경상
2015040400100647,2015년 4월 4일 21시,토요일,전라남도 광양시 광양읍,경상사고,0,0,1,0,차대차 - 추돌 - 주정차중,안전운전불이행,습기,비,단일로 - 기타,승용,남,63세,상해없음,승용,여,43세,경상
2015040500100019,2015년 4월 5일 00시,일요일,전라남도 보성군 조성면,경상사고,0,0,1,0,차대차 - 측면직각충돌,안전운전불이행,습기,비,교차로 - 교차로안,승용,여,50세,상해없음,승용,남,45세,경상
2015040500100040,2015년 4월 5일 01시,일요일,전라남도 여수시 웅천동,경상사고,0,0,1,0,차대차 - 측면직각충돌,신호위반,습기,비,교차로 - 교차로안,승용,남,35세,상해없음,승용,남,29세,경상
2015040500100041,2015년 4월 5일 01시,일요일,전라남도 순천시 조례동,경상사고,0,0,1,0,차대사람 - 기타,안전운전불이행,습기,흐림,단일로 - 기타,승용,여,54세,상해없음,보행자,남,23세,경상
2015040500100063,2015년 4월 5일 02시,일요일,전라남도 영암군 삼호읍,중상사고,0,1,0,0,차량단독 - 공작물충돌,안전운전불이행,습기,비,단일로 - 기타,승용,남,49세,중상,,,,
2015040500100079,2015년 4월 5일 03시,일요일,전라남도 무안군 삼향읍,경상사고,0,0,1,0,차대사람 - 기타,안전운전불이행,습기,비,기타 - 기타,승용,남,43세,상해없음,보행자,남,47세,경상
2015040500100093,2015년 4월 5일 04시,일요일,전라남도 목포시 상동,경상사고,0,0,3,0,차대차 - 추돌 - 진행중,안전거리미확보,습기,비,단일로 - 기타,승용,남,23세,상해없음,승용,남,52세,경상
2015040500100108,2015년 4월 5일 05시,일요일,전라남도 나주시 부덕동,경상사고,0,0,1,0,차량단독 - 공작물충돌,안전운전불이행,습기,비,교차로 - 교차로안,승용,남,32세,경상,,,,
2015040500100125,2015년 4월 5일 06시,일요일,전라남도 장흥군 장흥읍,경상사고,0,0,2,0,차대차 - 측면직각충돌,교차로운행방법위반,습기,비,교차로 - 교차로안,화물,남,34세,경상,승용,남,57세,상해없음
2015040500100151,2015년 4월 5일 08시,일요일,전라남도 나주시 금천면,경상사고,0,0,1,0,차대차 - 측면직각충돌,신호위반,습기,비,교차로 - 교차로안,화물,남,79세,상해없음,승용,남,68세,경상