사고번호,사고일시,요일,시군구,사고내용,사망자수,중상자수,경상자수,부상신고자수,사고유형,법규위반,노면상태,기상상태,도로형태,가해운전자 차종,가해운전자 성별,가해운전자 연령,가해운전자 상해정도,피해운전자 차종,피해운전자 성별,피해운전자 연령,피해운전자 상해정도
2015040500100163,2015년 4월 5일 09시,일요일,전라남도 광양시 광양읍,경상사고,0,0,1,0,차대차 - 측면직각충돌,안전운전불이행,건조,맑음,교차로 - 교차로안,승용,남,23세,상해없음,화물,남,60세,경상
2015040500100231,2015년 4월 5일 13시,일요일,전라남도 여수시 학동,경상사고,0,0,2,0,차대차 - 추돌 - 진행중,안전운전불이행,건조,맑음,단일로 - 기타,승용,남,52세,상해없음,승용,남,47세,경상
2015040500100262,2015년 4월 5일 14시,일요일,전라남도 무안군 무안읍,중상사고,0,1,0,0,차량단독 - 공작물충돌,안전운전불이행,건조,맑음,단일로 - 기타,화물,남,58세,중상,,,,
2015040500100294,2015년 4월 5일 15시,일요일,전라남도 영광군 영광읍,경상사고,0,0,2,0,차대차 - 측면직각충돌,직진우회전진행방해,건조,맑음,교차로 - 교차로안,승합,남,52세,상해없음,이륜,남,37세,경상
2015040500100295,2015년 4월 5일 15시,일요일,전라남도 함평군 학교면,부상신고사고,0,0,0,1,차량단독 - 기타,안전운전불이행,습기,흐림,단일로 - 기타,승용,여,22세,부상신고,,,,
2015040500100330,2015년 4월 5일 16시,일요일,전라남도 광양시 중동,경상사고,0,0,2,0,차대차 - 측면직각충돌,교차로운행방법위반,건조,맑음,교차로 - 교차로안,승용,남,48세,상해없음,승용,남,45세,경상
2015040500100353,2015년 4월 5일 17시,일요일,전라남도 나주시 남내동,부상신고사고,0,0,0,1,차대차 - 측면직각충돌,안전운전불이행,건조,맑음,교차로 - 교차로부근,기타불명,기타불명,기타불명,기타불명,자전거,남,10세,부상신고
2015040500100385,2015년 4월 5일 18시,일요일,전라남도 함평군 함평읍,경상사고,0,0,1,0,차대사람 - 길가장자리구역통행중,안전운전불이행,건조,흐림,단일로 - 기타,승합,남,41세,상해없음,보행자,여,67세,경상
2015040500100419,2015년 4월 5일 19시,일요일,전라남도 나주시 남평읍,경상사고,0,0,4,0,차대차 - 추돌 - 진행중,안전운전불이행,습기,비,교차로 - 교차로부근,승용,남,57세,상해없음,승용,남,39세,경상
2015040500100420,2015년 4월 5일 19시,일요일,전라남도 고흥군 고흥읍,경상사고,0,0,1,0,차대차 - 기타,중앙선침범,습기,비,단일로 - 기타,화물,남,37세,상해없음,승용,남,40세,경상
2015040500100421,2015년 4월 5일 19시,일요일,전라남도 화순군 화순읍,경상사고,0,0,1,0,차대차 - 측면직각충돌,중앙선침범,건조,맑음,단일로 - 기타,승용,남,28세,상해없음,승용,남,64세,경상
2015040500100422,2015년 4월 5일 19시,일요일,전라남도 완도군 신지면,경상사고,0,0,1,0,차대차 - 기타,안전운전불이행,습기,비,단일로 - 기타,특수,남,50세,상해없음,승용,남,36세,경상
2015040500100458,2015년 4월 5일 20시,일요일,전라남도 목포시 상동,경상사고,0,0,2,0,차대차 - 측면직각충돌,신호위반,습기,비,교차로 - 교차로안,승용,남,60세,경상,승용,남,30세,상해없음
2015040500100459,2015년 4월 5일 20시,일요일,전라남도 여수시 국동,경상사고,0,0,1,0,차대사람 - 보도통행중,안전운전불이행,습기,비,단일로 - 기타,승용,남,36세,상해없음,보행자,여,45세,경상
2015040500100460,2015년 4월 5일 20시,일요일,전라남도 순천시 용당동,중상사고,0,1,1,0,차대차 - 기타,교차로운행방법위반,건조,맑음,교차로 - 교차로안,승용,남,49세,상해없음,승용,남,58세,중상
2015040500100461,2015년 4월 5일 20시,일요일,전라남도 보성군 보성읍,경상사고,0,0,1,0,차대차 - 추돌 - 진행중,안전운전불이행,습기,비,단일로 - 기타,화물,남,56세,상해없음,승용,여,39세,경상
2015040500100495,2015년 4월 5일 21시,일요일,전라남도 목포시 상동,중상사고,0,1,0,0,차대사람 - 횡단중,보행자보호의무위반,건조,맑음,교차로 - 교차로안,이륜,남,19세,상해없음,보행자,여,67세,중상
2015040500100496,2015년 4월 5일 21시,일요일,전라남도 순천시 연향동,경상사고,0,0,1,0,차대차 - 측면직각충돌,안전운전불이행,습기,비,교차로 - 교차로안,승용,여,35세,상해없음,이륜,남,45세,경상
2015040500100524,2015년 4월 5일 22시,일요일,전라남도 목포시 광동1가,경상사고,0,0,1,0,차대사람 - 횡단중,안전운전불이행,습기,비,단일로 - 기타,승용,남,20세,상해없음,보행자,남,53세,경상
2015040500100543,2015년 4월 5일 23시,일요일,전라남도 목포시 상동,경상사고,0,0,1,0,차대차 - 측면직각충돌,차로위반,습기,비,교차로 - 교차로부근,승용,남,30세,상해없음,승용,남,55세,경상
2015040600100009,2015년 4월 6일 00시,월요일,전라남도 영암군 삼호읍,중상사고,0,1,0,0,차량단독 - 공작물충돌,안전운전불이행,습기,비,단일로 - 기타,화물,남,41세,중상,,,,
2015040600100060,2015년 4월 6일 05시,월요일,전라남도 순천시 조례동,사망사고,1,0,0,0,차대사람 - 기타,안전운전불이행,습기,비,단일로 - 기타,승용,남,61세,상해없음,보행자,남,48세,사망
2015040600100075,2015년 4월 6일 06시,월요일,전라남도 광양시 금호동,경상사고,0,0,2,0,차대차 - 측면직각충돌,신호위반,습기,비,교차로 - 교차로안,화물,남,36세,경상,승용,남,24세,경상
2015040600100076,2015년 4월 6일 06시,월요일,전라남도 광양시 중동,경상사고,0,0,1,0,차대차 - 측면직각충돌,중앙선침범,습기,비,단일로 - 기타,승용,남,47세,경상,승합,남,58세,상해없음
2015040600100093,2015년 4월 6일 07시,월요일,전라남도 순천시 조례동,경상사고,0,0,1,0,차대차 - 기타,차로위반,건조,맑음,단일로 - 기타,화물,남,65세,상해없음,승용,남,50세,경상
2015040600100132,2015년 4월 6일 08시,월요일,전라남도 순천시 매곡동,중상사고,0,1,0,0,차대차 - 기타,중앙선침범,습기,비,단일로 - 기타,승용,여,51세,상해없음,승용,여,35세,중상
2015040600100171,2015년 4월 6일 09시,월요일,전라남도 순천시 조례동,경상사고,0,0,1,0,차대차 - 기타,안전거리미확보,습기,비,단일로 - 기타,승용,여,53세,상해없음,승용,여,49세,경상
2015040600100172,2015년 4월 6일 09시,월요일,전라남도 순천시 덕암동,경상사고,0,0,1,0,차대차 - 기타,안전운전불이행,습기,비,교차로 - 교차로부근,승용,여,34세,상해없음,화물,남,63세,경상
2015040600100173,2015년 4월 6일 09시,월요일,전라남도 나주시 송월동,중상사고,0,1,1,0,차대차 - 측면직각충돌,교차로운행방법위반,습기,비,교차로 - 교차로안,승합,남,63세,경상,승용,여,39세,중상
2015040600100174,2015년 4월 6일 09시,월요일,전라남도 고흥군 동강면,중상사고,0,1,1,0,차대차 - 측면직각충돌,기타,습기,비,교차로 - 교차로안,화물,남,68세,상해없음,원동기,남,83세,경상
2015040600100175,2015년 4월 6일 09시,월요일,전라남도 영암군 삼호읍,중상사고,0,1,0,0,차대사람 - 횡단중,안전운전불이행,습기,비,단일로 - 기타,화물,남,41세,상해없음,보행자,여,27세,중상
2015040600100240,2015년 4월 6일 11시,월요일,전라남도 장성군 남면,경상사고,0,0,1,0,차대차 - 측면직각충돌,신호위반,습기,흐림,교차로 - 교차로안,승용,여,48세,상해없음,화물,남,44세,경상
2015040600100337,2015년 4월 6일 14시,월요일,전라남도 장흥군 용산면,중상사고,0,2,0,0,차량단독 - 공작물충돌,안전운전불이행,습기,비,단일로 - 기타,화물,남,62세,중상,,,,
2015040600100338,2015년 4월 6일 14시,월요일,전라남도 화순군 이서면,경상사고,0,0,2,1,차대차 - 측면직각충돌,중앙선침범,건조,맑음,기타 - 기타,승용,남,70세,부상신고,승용,남,46세,경상
2015040600100384,2015년 4월 6일 15시,월요일,전라남도 여수시 문수동,경상사고,0,0,3,0,차대차 - 측면직각충돌,안전운전불이행,습기,비,교차로 - 교차로안,승용,남,31세,경상,승용,남,42세,경상
2015040600100385,2015년 4월 6일 15시,월요일,전라남도 순천시 조례동,경상사고,0,0,1,0,차대사람 - 기타,안전운전불이행,습기,비,교차로 - 교차로부근,승용,남,58세,상해없음,보행자,여,63세,경상
2015040600100386,2015년 4월 6일 15시,월요일,전라남도 해남군 화산면,경상사고,0,0,3,0,차대차 - 기타,중앙선침범,습기,비,교차로 - 교차로부근,승용,남,60세,경상,승용,남,59세,경상
2015040600100387,2015년 4월 6일 15시,월요일,전라남도 강진군 군동면,경상사고,0,0,2,0,차량단독 - 공작물충돌,안전운전불이행,습기,비,단일로 - 기타,승용,남,51세,상해없음,,,,
2015040600100417,2015년 4월 6일 16시,월요일,전라남도 목포시 옥암동,경상사고,0,0,1,0,차대차 - 추돌 - 주정차중,안전운전불이행,건조,맑음,교차로 - 교차로부근,승용,여,51세,상해없음,승용,남,35세,경상
2015040600100418,2015년 4월 6일 16시,월요일,전라남도 여수시 학동,경상사고,0,0,2,0,차대차 - 추돌 - 주정차중,안전운전불이행,건조,맑음,단일로 - 기타,승용,여,36세,상해없음,승용,남,32세,경상
2015040600100419,2015년 4월 6일 16시,월요일,전라남도 보성군 득량면,경상사고,0,0,1,0,차대차 - 추돌 - 진행중,안전운전불이행,습기,비,교차로 - 교차로부근,승용,남,62세,상해없음,승용,여,34세,경상
2015040600100458,2015년 4월 6일 17시,월요일,전라남도 무안군 운남면,경상사고,0,0,2,0,차대차 - 기타,안전운전불이행,건조,맑음,단일로 - 기타,승용,남,38세,경상,화물,남,45세,경상
2015040600100459,2015년 4월 6일 17시,월요일,전라남도 광양시 광양읍,부상신고사고,0,0,0,1,차대사람 - 기타,보행자보호의무위반,습기,비,단일로 - 기타,화물,남,50세,상해없음,보행자,여,26세,부상신고
2015040600100520,2015년 4월 6일 19시,월요일,전라남도 함평군 나산면,경상사고,0,0,1,0,차대차 - 추돌 - 주정차중,안전운전불이행,건조,맑음,단일로 - 기타,승용,여,31세,경상,농기계,남,53세,상해없음
2015040600100559,2015년 4월 6일 20시,월요일,전라남도 목포시 옥암동,경상사고,0,0,3,0,차대차 - 기타,안전운전불이행,건조,맑음,교차로 - 교차로안,승합,남,47세,상해없음,승용,남,37세,경상
2015040600100560,2015년 4월 6일 20시,월요일,전라남도 여수시 신기동,경상사고,0,0,4,0,차대차 - 추돌 - 주정차중,안전운전불이행,습기,비,교차로 - 교차로부근,승용,남,45세,상해없음,승용,여,48세,경상
2015040600100561,2015년 4월 6일 20시,월요일,전라남도 광양시 광양읍,중상사고,0,2,3,0,차대차 - 추돌 - 진행중,신호위반,습기,비,교차로 - 교차로안,승용,남,50세,경상,승용,여,54세,중상
2015040600100596,2015년 4월 6일 21시,월요일,전라남도 목포시 상동,경상사고,0,0,1,0,차대사람 - 횡단중,안전운전불이행,건조,맑음,단일로 - 기타,승용,남,39세,상해없음,보행자,남,24세,경상
2015040600100635,2015년 4월 6일 22시,월요일,전라남도 목포시 죽교동,경상사고,0,0,1,0,차대사람 - 횡단중,안전운전불이행,건조,맑음,교차로 - 교차로안,원동기,남,18세,상해없음,보행자,남,15세,경상
2015040600100636,2015년 4월 6일 22시,월요일,전라남도 여수시 둔덕동,중상사고,0,1,0,0,차대차 - 측면직각충돌,안전운전불이행,습기,비,교차로 - 교차로안,승용,남,47세,상해없음,이륜,남,42세,중상
2015040600100654,2015년 4월 6일 23시,월요일,전라남도 광양시 광양읍,경상사고,0,0,1,0,차대차 - 측면직각충돌,중앙선침범,습기,비,단일로 - 기타,기타불명,기타불명,기타불명,기타불명,승용,남,26세,경상
2015040700100047,2015년 4월 7일 03시,화요일,전라남도 목포시 죽교동,경상사고,0,0,1,0,차대차 - 기타,안전운전불이행,건조,맑음,단일로 - 기타,승용,남,29세,상해없음,화물,남,31세,경상
2015040700100089,2015년 4월 7일 07시,화요일,전라남도 목포시 산정동,경상사고,0,0,2,0,차대차 - 기타,직진우회전진행방해,건조,맑음,교차로 - 교차로안,화물,남,63세,경상,화물,남,40세,상해없음
2015040700100090,2015년 4월 7일 07시,화요일,전라남도 여수시 소라면,중상사고,0,2,2,0,차대차 - 측면직각충돌,안전운전불이행,건조,맑음,단일로 - 기타,화물,남,62세,상해없음,승용,남,50세,중상
2015040700100091,2015년 4월 7일 07시,화요일,전라남도 순천시 연향동,경상사고,0,0,1,0,차대사람 - 횡단중,안전운전불이행,건조,맑음,교차로 - 교차로부근,승용,남,52세,상해없음,보행자,여,20세,경상
2015040700100092,2015년 4월 7일 07시,화요일,전라남도 영암군 삼호읍,중상사고,0,1,0,0,차대차 - 측면직각충돌,안전운전불이행,건조,맑음,교차로 - 교차로안,승용,남,25세,상해없음,이륜,남,32세,중상
2015040700100093,2015년 4월 7일 07시,화요일,전라남도 강진군 신전면,중상사고,0,4,1,0,차대차 - 기타,기타,건조,맑음,단일로 - 기타,화물,남,53세,상해없음,승용,남,63세,중상
2015040700100132,2015년 4월 7일 08시,화요일,전라남도 목포시 용해동,경상사고,0,0,2,0,차대차 - 기타,안전운전불이행,기타,맑음,교차로 - 교차로부근,승용,여,44세,상해없음,승용,남,30세,경상
2015040700100133,2015년 4월 7일 08시,화요일,전라남도 나주시 금천면,중상사고,0,1,1,0,차대차 - 측면직각충돌,안전운전불이행,건조,맑음,단일로 - 기타,승용,남,75세,중상,승용,남,32세,경상
2015040700100134,2015년 4월 7일 08시,화요일,전라남도 보성군 미력면,중상사고,0,1,0,0,차량단독 - 공작물충돌,안전운전불이행,건조,맑음,단일로 - 기타,승용,여,55세,중상,,,,
2015040700100135,2015년 4월 7일 08시,화요일,전라남도 영암군 영암읍,중상사고,0,1,1,0,차대차 - 측면직각충돌,직진우회전진행방해,건조,맑음,교차로 - 교차로안,이륜,남,78세,중상,특수,남,32세,경상
2015040700100169,2015년 4월 7일 09시,화요일,전라남도 목포시 산정동,경상사고,0,0,1,0,차대차 - 측면직각충돌,안전운전불이행,건조,맑음,단일로 - 기타,승용,남,52세,상해없음,승용,여,39세,경상
2015040700100170,2015년 4월 7일 09시,화요일,전라남도 여수시 문수동,경상사고,0,0,3,0,차대차 - 측면직각충돌,신호위반,습기,비,교차로 - 교차로안,승용,여,36세,상해없음,승용,남,64세,경상
2015040700100171,2015년 4월 7일 09시,화요일,전라남도 여수시 선원동,중상사고,0,2,4,0,차대차 - 측면직각충돌,교차로운행방법위반,건조,맑음,교차로 - 교차로안,승용,여,48세,경상,승용,여,54세,경상
2015040700100204,2015년 4월 7일 10시,화요일,전라남도 나주시 삼도동,중상사고,0,1,4,0,차대차 - 정면충돌,중앙선침범,건조,맑음,단일로 - 기타,승용,남,70세,상해없음,화물,남,31세,중상
2015040700100283,2015년 4월 7일 13시,화요일,전라남도 목포시 석현동,중상사고,0,1,2,0,차대차 - 측면직각충돌,신호위반,건조,맑음,단일로 - 기타,승용,여,39세,경상,승용,남,48세,중상
2015040700100284,2015년 4월 7일 13시,화요일,전라남도 구례군 구례읍,중상사고,0,1,0,0,차대차 - 기타,안전운전불이행,건조,맑음,단일로 - 기타,승용,여,23세,상해없음,이륜,남,71세,중상
2015040700100314,2015년 4월 7일 14시,화요일,전라남도 여수시 웅천동,경상사고,0,0,3,0,차대차 - 측면직각충돌,교차로운행방법위반,건조,맑음,교차로 - 교차로안,이륜,남,35세,경상,승용,남,40세,경상
2015040700100315,2015년 4월 7일 14시,화요일,전라남도 진도군 고군면,중상사고,0,1,0,0,차대차 - 추돌 - 주정차중,안전거리미확보,건조,맑음,교차로 - 교차로부근,특수,남,50세,상해없음,승용,여,51세,중상
2015040700100374,2015년 4월 7일 16시,화요일,전라남도 여수시 봉계동,중상사고,0,1,0,0,차대차 - 측면직각충돌,신호위반,건조,맑음,교차로 - 교차로안,승용,남,54세,상해없음,승용,남,36세,중상
2015040700100434,2015년 4월 7일 18시,화요일,전라남도 여수시 중흥동,경상사고,0,0,2,0,차대차 - 측면직각충돌,교차로운행방법위반,건조,맑음,교차로 - 교차로안,화물,남,60세,경상,승용,남,35세,경상
2015040700100435,2015년 4월 7일 18시,화요일,전라남도 화순군 화순읍,경상사고,0,0,1,0,차대사람 - 기타,안전운전불이행,건조,기타,단일로 - 기타,승용,남,46세,상해없음,보행자,남,7세,경상
2015040700100436,2015년 4월 7일 18시,화요일,전라남도 광양시 광양읍,경상사고,0,0,1,0,차대사람 - 보도통행중,안전운전불이행,건조,맑음,단일로 - 기타,승용,남,57세,상해없음,보행자,남,16세,경상
2015040700100465,2015년 4월 7일 19시,화요일,전라남도 순천시 연향동,중상사고,0,1,0,0,차대차 - 기타,신호위반,습기,흐림,교차로 - 교차로안,원동기,남,38세,중상,승용,남,45세,상해없음
2015040700100466,2015년 4월 7일 19시,화요일,전라남도 담양군 고서면,사망사고,1,0,0,0,차대차 - 추돌 - 진행중,차로위반,건조,맑음,단일로 - 기타,승용,남,58세,상해없음,이륜,남,67세,사망
2015040700100530,2015년 4월 7일 21시,화요일,전라남도 목포시 옥암동,중상사고,0,1,0,0,차대사람 - 횡단중,안전운전불이행,건조,맑음,단일로 - 기타,승합,여,42세,상해없음,보행자,남,42세,중상
2015040700100531,2015년 4월 7일 21시,화요일,전라남도 순천시 연향동,경상사고,0,0,1,0,차대차 - 기타,안전운전불이행,건조,맑음,교차로 - 교차로안,승용,남,34세,상해없음,이륜,남,16세,경상
2015040700100532,2015년 4월 7일 21시,화요일,전라남도 광양시 중동,경상사고,0,0,1,0,차대차 - 추돌 - 주정차중,안전운전불이행,습기,비,교차로 - 교차로부근,승용,남,49세,상해없음,승용,여,29세,경상
2015040800100014,2015년 4월 8일 00시,수요일,전라남도 목포시 동명동,경상사고,0,0,5,0,차대차 - 측면직각충돌,안전운전불이행,건조,맑음,단일로 - 기타,승용,남,67세,상해없음,승용,여,25세,경상
2015040800100048,2015년 4월 8일 03시,수요일,전라남도 목포시 상동,중상사고,0,1,0,0,차대차 - 측면직각충돌,신호위반,건조,맑음,단일로 - 기타,승용,남,57세,상해없음,승용,남,37세,중상
2015040800100084,2015년 4월 8일 07시,수요일,전라남도 화순군 춘양면,경상사고,0,0,3,0,차량단독 - 전도전복,안전운전불이행,건조,맑음,단일로 - 기타,승합,남,46세,상해없음,,,,
2015040800100122,2015년 4월 8일 08시,수요일,전라남도 여수시 학동,사망사고,1,0,1,0,차대차 - 정면충돌,중앙선침범,건조,맑음,교차로 - 교차로부근,화물,남,45세,사망,승용,남,57세,경상
2015040800100123,2015년 4월 8일 08시,수요일,전라남도 여수시 율촌면,경상사고,0,0,1,0,차대차 - 추돌 - 진행중,안전운전불이행,건조,맑음,단일로 - 기타,승합,남,45세,상해없음,승용,여,59세,경상
2015040800100153,2015년 4월 8일 09시,수요일,전라남도 순천시 조례동,중상사고,0,1,0,0,차대차 - 측면직각충돌,차로위반,건조,맑음,단일로 - 기타,화물,남,35세,상해없음,승합,남,40세,상해없음
2015040800100154,2015년 4월 8일 09시,수요일,전라남도 장성군 황룡면,사망사고,1,1,0,0,차대차 - 정면충돌,중앙선침범,건조,맑음,단일로 - 기타,자전거,남,46세,중상,이륜,남,43세,사망
2015040800100175,2015년 4월 8일 10시,수요일,전라남도 순천시 석현동,중상사고,0,1,0,0,차대차 - 측면직각충돌,신호위반,건조,맑음,교차로 - 교차로안,화물,남,70세,상해없음,자전거,여,23세,중상
2015040800100176,2015년 4월 8일 10시,수요일,전라남도 해남군 삼산면,경상사고,0,0,1,1,차대차 - 기타,안전운전불이행,건조,맑음,교차로 - 교차로안,화물,남,51세,부상신고,승용,여,56세,경상
2015040800100177,2015년 4월 8일 10시,수요일,전라남도 광양시 광양읍,부상신고사고,0,0,0,1,차대차 - 추돌 - 진행중,교차로운행방법위반,건조,맑음,교차로 - 교차로안,승용,남,60세,부상신고,화물,남,53세,상해없음
2015040800100207,2015년 4월 8일 11시,수요일,전라남도 장흥군 관산읍,중상사고,0,1,0,0,차량단독 - 전도전복,안전운전불이행,건조,맑음,교차로 - 교차로안,농기계,남,67세,중상,,,,
2015040800100239,2015년 4월 8일 12시,수요일,전라남도 목포시 호남동,경상사고,0,0,2,0,차대차 - 추돌 - 주정차중,안전운전불이행,건조,맑음,교차로 - 교차로부근,이륜,남,18세,상해없음,승용,남,40세,경상
2015040800100240,2015년 4월 8일 12시,수요일,전라남도 여수시 신기동,중상사고,0,1,0,0,차대차 - 측면직각충돌,중앙선침범,건조,맑음,단일로 - 기타,화물,남,54세,상해없음,이륜,남,52세,중상
2015040800100241,2015년 4월 8일 12시,수요일,전라남도 영광군 영광읍,중상사고,0,1,0,0,차대사람 - 횡단중,보행자보호의무위반,건조,맑음,교차로 - 교차로부근,화물,남,65세,상해없음,보행자,여,52세,중상
2015040800100262,2015년 4월 8일 13시,수요일,전라남도 순천시 가곡동,중상사고,0,1,0,0,차대차 - 측면직각충돌,신호위반,건조,맑음,교차로 - 교차로안,화물,남,52세,상해없음,이륜,남,59세,중상
2015040800100301,2015년 4월 8일 14시,수요일,전라남도 목포시 호남동,중상사고,0,1,0,0,차대사람 - 기타,안전운전불이행,건조,맑음,단일로 - 기타,승용,남,71세,상해없음,보행자,남,69세,중상
2015040800100302,2015년 4월 8일 14시,수요일,전라남도 영암군 영암읍,경상사고,0,0,1,0,차대차 - 측면직각충돌,안전운전불이행,건조,맑음,교차로 - 교차로안,승용,남,75세,기타불명,화물,남,30세,경상
2015040800100330,2015년 4월 8일 15시,수요일,전라남도 여수시 광무동,경상사고,0,0,1,0,차대차 - 추돌 - 주정차중,안전운전불이행,건조,맑음,교차로 - 교차로부근,승용,남,68세,상해없음,승용,여,44세,경상
2015040800100363,2015년 4월 8일 16시,수요일,전라남도 순천시 연향동,경상사고,0,0,1,0,차대사람 - 기타,안전운전불이행,건조,맑음,교차로 - 교차로안,승용,여,43세,상해없음,보행자,남,38세,경상
2015040800100390,2015년 4월 8일 17시,수요일,전라남도 목포시 상동,경상사고,0,0,2,0,차대차 - 추돌 - 진행중,교차로운행방법위반,건조,맑음,교차로 - 교차로안,승용,여,69세,경상,승용,여,22세,경상
2015040800100391,2015년 4월 8일 17시,수요일,전라남도 광양시 중동,중상사고,0,1,0,0,차대차 - 측면직각충돌,안전운전불이행,건조,맑음,교차로 - 교차로부근,승용,남,49세,상해없음,원동기,남,54세,중상
2015040800100417,2015년 4월 8일 18시,수요일,전라남도 여수시 교동,중상사고,0,1,0,0,차대사람 - 차도통행중,안전운전불이행,건조,맑음,교차로 - 교차로안,이륜,남,67세,상해없음,보행자,여,24세,중상
2015040800100449,2015년 4월 8일 19시,수요일,전라남도 목포시 산정동,경상사고,0,0,2,0,차대차 - 추돌 - 진행중,안전거리미확보,건조,맑음,단일로 - 기타,이륜,남,16세,상해없음,승용,남,33세,경상
2015040800100485,2015년 4월 8일 20시,수요일,전라남도 순천시 덕암동,경상사고,0,0,1,0,차대차 - 정면충돌,중앙선침범,건조,맑음,단일로 - 기타,승용,여,38세,상해없음,이륜,남,39세,경상
2015040800100486,2015년 4월 8일 20시,수요일,전라남도 담양군 담양읍,경상사고,0,0,1,0,차대차 - 기타,안전운전불이행,건조,맑음,단일로 - 기타,승용,여,32세,상해없음,승용,남,46세,경상
2015040800100529,2015년 4월 8일 21시,수요일,전라남도 목포시 옥암동,경상사고,0,0,1,0,차대차 - 기타,안전운전불이행,건조,흐림,단일로 - 기타,승합,남,62세,상해없음,승용,여,55세,경상
2015040800100554,2015년 4월 8일 22시,수요일,전라남도 무안군 삼향읍,경상사고,0,0,1,0,차대차 - 측면직각충돌,안전운전불이행,건조,맑음,교차로 - 교차로안,승용,여,34세,경상,승용,남,23세,상해없음
2015040800100594,2015년 4월 8일 23시,수요일,전라남도 목포시 상동,경상사고,0,0,1,0,차대사람 - 기타,보행자보호의무위반,건조,맑음,단일로 - 횡단보도상,승용,남,53세,상해없음,보행자,남,31세,경상
2015040800100595,2015년 4월 8일 23시,수요일,전라남도 순천시 연향동,경상사고,0,0,1,0,차대차 - 기타,안전운전불이행,건조,맑음,단일로 - 기타,승용,남,24세,상해없음,원동기,남,40세,경상
2015040900100042,2015년 4월 9일 03시,목요일,전라남도 여수시 신기동,경상사고,0,0,2,0,차대사람 - 보도통행중,보행자보호의무위반,건조,맑음,교차로 - 교차로부근,승용,남,41세,상해없음,보행자,남,21세,경상
2015040900100049,2015년 4월 9일 04시,목요일,전라남도 목포시 산정동,경상사고,0,0,4,0,차대차 - 측면직각충돌,신호위반,건조,맑음,교차로 - 교차로안,승용,남,60세,상해없음,승용,남,46세,경상
2015040900100101,2015년 4월 9일 07시,목요일,전라남도 여수시 화장동,중상사고,0,1,1,0,차량단독 - 공작물충돌,안전운전불이행,건조,맑음,단일로 - 기타,승용,남,66세,상해없음,,,,
2015040900100102,2015년 4월 9일 07시,목요일,전라남도 고흥군 고흥읍,중상사고,0,1,0,0,차대차 - 기타,중앙선침범,건조,맑음,기타 - 기타,화물,남,51세,상해없음,이륜,여,67세,중상
2015040900100147,2015년 4월 9일 08시,목요일,전라남도 장흥군 용산면,경상사고,0,0,1,0,차대차 - 추돌 - 주정차중,안전운전불이행,건조,맑음,단일로 - 기타,화물,남,69세,상해없음,승용,여,40세,경상
2015040900100148,2015년 4월 9일 08시,목요일,전라남도 광양시 성황동,경상사고,0,0,2,0,차대차 - 측면직각충돌,교차로운행방법위반,건조,맑음,교차로 - 교차로안,승용,남,45세,상해없음,승용,남,62세,경상
2015040900100192,2015년 4월 9일 10시,목요일,전라남도 신안군 암태면,사망사고,1,0,0,0,차량단독 - 기타,안전운전불이행,건조,맑음,기타 - 기타,농기계,남,71세,사망,,,,
2015040900100193,2015년 4월 9일 10시,목요일,전라남도 나주시 성북동,부상신고사고,0,0,0,1,차대사람 - 차도통행중,불법유턴,건조,맑음,교차로 - 교차로부근,승용,남,59세,상해없음,보행자,남,35세,부상신고
2015040900100223,2015년 4월 9일 11시,목요일,전라남도 함평군 함평읍,중상사고,0,1,0,0,차량단독 - 기타,안전운전불이행,건조,맑음,단일로 - 기타,승합,남,46세,상해없음,,,,
2015040900100278,2015년 4월 9일 13시,목요일,전라남도 진도군 진도읍,경상사고,0,0,3,0,차대차 - 정면충돌,중앙선침범,건조,맑음,교차로 - 교차로부근,승용,여,58세,상해없음,승용,남,48세,경상
2015040900100394,2015년 4월 9일 17시,목요일,전라남도 목포시 상동,경상사고,0,0,1,0,차대차 - 기타,안전운전불이행,건조,맑음,교차로 - 교차로안,승용,남,41세,상해없음,승용,여,57세,경상
2015040900100423,2015년 4월 9일 18시,목요일,전라남도 여수시 선원동,경상사고,0,0,1,0,차대사람 - 횡단중,보행자보호의무위반,건조,맑음,단일로 - 기타,승용,남,29세,상해없음,보행자,남,10세,경상
2015040900100424,2015년 4월 9일 18시,목요일,전라남도 고흥군 동강면,경상사고,0,0,3,0,차대차 - 측면직각충돌,안전운전불이행,건조,맑음,교차로 - 교차로안,승용,남,72세,경상,화물,남,33세,경상
2015040900100460,2015년 4월 9일 19시,목요일,전라남도 구례군 구례읍,경상사고,0,0,1,0,차대차 - 기타,직진우회전진행방해,건조,맑음,교차로 - 교차로안,승용,남,64세,상해없음,승용,여,58세,상해없음
2015040900100493,2015년 4월 9일 20시,목요일,전라남도 해남군 해남읍,사망사고,1,0,0,0,차량단독 - 공작물충돌,안전운전불이행,건조,맑음,단일로 - 기타,승용,남,48세,사망,,,,
2015040900100494,2015년 4월 9일 20시,목요일,전라남도 광양시 광양읍,중상사고,0,1,0,0,차대차 - 측면직각충돌,중앙선침범,건조,맑음,단일로 - 기타,승용,남,68세,상해없음,이륜,남,32세,중상
2015040900100519,2015년 4월 9일 21시,목요일,전라남도 광양시 광양읍,경상사고,0,0,3,0,차대차 - 측면직각충돌,안전운전불이행,건조,맑음,교차로 - 교차로안,승용,남,42세,상해없음,승용,남,42세,경상
2015040900100547,2015년 4월 9일 22시,목요일,전라남도 목포시 용해동,경상사고,0,0,2,0,차대차 - 기타,안전운전불이행,건조,기타,교차로 - 교차로안,승용,여,42세,상해없음,승용,여,45세,경상