사고번호,사고일시,요일,시군구,사고내용,사망자수,중상자수,경상자수,부상신고자수,사고유형,법규위반,노면상태,기상상태,도로형태,가해운전자 차종,가해운전자 성별,가해운전자 연령,가해운전자 상해정도,피해운전자 차종,피해운전자 성별,피해운전자 연령,피해운전자 상해정도
2015042200100202,2015년 4월 22일 11시,수요일,전라남도 보성군 회천면,경상사고,0,0,3,0,차대차 - 정면충돌,중앙선침범,건조,맑음,단일로 - 기타,승합,남,60세,상해없음,화물,남,47세,상해없음
2015042200100203,2015년 4월 22일 11시,수요일,전라남도 영광군 영광읍,중상사고,0,3,4,0,차대차 - 추돌 - 주정차중,안전운전불이행,건조,맑음,단일로 - 기타,승용,여,64세,상해없음,승용,여,47세,경상
2015042200100204,2015년 4월 22일 11시,수요일,전라남도 장성군 북이면,중상사고,0,1,0,0,차량단독 - 도로외이탈 - 추락,안전운전불이행,건조,맑음,단일로 - 기타,화물,남,43세,중상,,,,
2015042200100236,2015년 4월 22일 12시,수요일,전라남도 광양시 마동,중상사고,0,1,0,0,차대사람 - 기타,보행자보호의무위반,건조,맑음,교차로 - 교차로부근,승합,남,53세,상해없음,보행자,여,41세,중상
2015042200100263,2015년 4월 22일 13시,수요일,전라남도 나주시 공산면,부상신고사고,0,0,0,1,차대차 - 추돌 - 주정차중,안전운전불이행,건조,맑음,단일로 - 기타,승합,남,60세,부상신고,화물,남,39세,기타불명
2015042200100280,2015년 4월 22일 14시,수요일,전라남도 여수시 학동,경상사고,0,0,1,0,차대사람 - 길가장자리구역통행중,안전운전불이행,건조,맑음,단일로 - 기타,승용,여,22세,상해없음,보행자,여,69세,경상
2015042200100281,2015년 4월 22일 14시,수요일,전라남도 고흥군 도화면,경상사고,0,0,1,0,차량단독 - 도로외이탈 - 추락,안전운전불이행,건조,맑음,단일로 - 기타,건설기계,남,35세,경상,,,,
2015042200100282,2015년 4월 22일 14시,수요일,전라남도 진도군 고군면,경상사고,0,0,1,0,차대차 - 추돌 - 주정차중,안전거리미확보,건조,맑음,교차로 - 교차로부근,승용,남,27세,상해없음,승용,여,51세,경상
2015042200100321,2015년 4월 22일 15시,수요일,전라남도 여수시 신기동,중상사고,0,1,0,0,차대차 - 측면직각충돌,기타,건조,맑음,단일로 - 기타,승용,여,41세,상해없음,원동기,남,58세,중상
2015042200100322,2015년 4월 22일 15시,수요일,전라남도 광양시 중동,경상사고,0,0,1,1,차대차 - 기타,안전거리미확보,건조,맑음,교차로 - 교차로부근,승용,남,54세,부상신고,승용,남,45세,경상
2015042200100392,2015년 4월 22일 17시,수요일,전라남도 순천시 조례동,부상신고사고,0,0,0,1,차대차 - 기타,중앙선침범,건조,맑음,교차로 - 교차로안,자전거,남,48세,부상신고,승용,여,33세,상해없음
2015042200100393,2015년 4월 22일 17시,수요일,전라남도 화순군 화순읍,경상사고,0,0,2,0,차대차 - 추돌 - 진행중,안전거리미확보,건조,맑음,단일로 - 기타,승용,남,33세,상해없음,승용,남,64세,경상
2015042200100394,2015년 4월 22일 17시,수요일,전라남도 장성군 삼서면,경상사고,0,0,1,0,차대차 - 측면직각충돌,안전운전불이행,건조,맑음,교차로 - 교차로안,이륜,남,81세,경상,승용,여,51세,상해없음
2015042200100395,2015년 4월 22일 17시,수요일,전라남도 완도군 신지면,경상사고,0,0,2,0,차대차 - 추돌 - 진행중,안전운전불이행,건조,맑음,교차로 - 교차로안,승용,남,53세,상해없음,화물,남,41세,경상
2015042200100396,2015년 4월 22일 17시,수요일,전라남도 광양시 중동,경상사고,0,0,1,0,차대차 - 측면직각충돌,안전운전불이행,건조,맑음,단일로 - 기타,승용,여,44세,상해없음,승용,남,28세,상해없음
2015042200100440,2015년 4월 22일 18시,수요일,전라남도 고흥군 도덕면,중상사고,0,1,0,0,차대차 - 측면직각충돌,안전운전불이행,건조,맑음,교차로 - 교차로부근,승용,남,80세,상해없음,화물,남,50세,상해없음
2015042200100478,2015년 4월 22일 19시,수요일,전라남도 무안군 삼향읍,경상사고,0,0,2,0,차대차 - 추돌 - 진행중,안전거리미확보,건조,맑음,교차로 - 교차로안,이륜,남,19세,경상,승용,남,35세,경상
2015042200100534,2015년 4월 22일 21시,수요일,전라남도 목포시 산정동,경상사고,0,0,1,0,차대차 - 측면직각충돌,안전운전불이행,건조,맑음,단일로 - 기타,승용,남,50세,상해없음,승용,남,45세,경상
2015042200100535,2015년 4월 22일 21시,수요일,전라남도 목포시 상동,중상사고,0,1,4,0,차대차 - 측면직각충돌,신호위반,건조,맑음,단일로 - 기타,승용,남,31세,상해없음,승용,남,41세,경상
2015042200100536,2015년 4월 22일 21시,수요일,전라남도 여수시 여서동,중상사고,0,1,0,0,차대차 - 측면직각충돌,신호위반,건조,맑음,교차로 - 교차로안,승용,여,35세,상해없음,원동기,남,26세,중상
2015042200100537,2015년 4월 22일 21시,수요일,전라남도 순천시 해룡면,중상사고,0,1,0,0,차대차 - 측면직각충돌,신호위반,건조,맑음,교차로 - 교차로안,원동기,남,16세,중상,승용,남,44세,상해없음
2015042200100538,2015년 4월 22일 21시,수요일,전라남도 나주시 성북동,경상사고,0,0,1,0,차대사람 - 기타,안전운전불이행,건조,맑음,단일로 - 기타,승용,남,47세,상해없음,보행자,남,52세,경상
2015042300100035,2015년 4월 23일 01시,목요일,전라남도 영광군 영광읍,중상사고,0,3,0,0,차량단독 - 공작물충돌,안전운전불이행,건조,맑음,단일로 - 기타,승용,남,28세,상해없음,,,,
2015042300100058,2015년 4월 23일 04시,목요일,전라남도 목포시 상동,경상사고,0,0,1,0,차대차 - 측면직각충돌,안전운전불이행,건조,맑음,단일로 - 기타,승용,남,47세,상해없음,이륜,남,23세,경상
2015042300100076,2015년 4월 23일 06시,목요일,전라남도 순천시 풍덕동,경상사고,0,0,5,1,차대차 - 추돌 - 진행중,안전운전불이행,건조,맑음,교차로 - 교차로부근,화물,남,63세,부상신고,승용,남,55세,경상
2015042300100077,2015년 4월 23일 06시,목요일,전라남도 구례군 마산면,중상사고,0,1,2,0,차대차 - 추돌 - 주정차중,안전운전불이행,건조,맑음,교차로 - 교차로안,화물,남,67세,상해없음,화물,여,53세,경상
2015042300100156,2015년 4월 23일 08시,목요일,전라남도 화순군 남면,경상사고,0,0,2,0,차대차 - 측면직각충돌,중앙선침범,건조,맑음,단일로 - 기타,승용,남,62세,상해없음,승용,남,73세,경상
2015042300100193,2015년 4월 23일 09시,목요일,전라남도 화순군 능주면,경상사고,0,0,1,0,차대차 - 측면직각충돌,안전운전불이행,건조,맑음,단일로 - 기타,화물,남,54세,상해없음,승용,남,77세,경상
2015042300100194,2015년 4월 23일 09시,목요일,전라남도 장성군 북이면,중상사고,0,1,0,0,차대차 - 추돌 - 진행중,안전운전불이행,건조,맑음,단일로 - 기타,이륜,남,76세,상해없음,화물,남,68세,상해없음
2015042300100255,2015년 4월 23일 11시,목요일,전라남도 나주시 산포면,경상사고,0,0,2,0,차대차 - 측면직각충돌,직진우회전진행방해,건조,맑음,교차로 - 교차로안,승용,여,38세,경상,화물,남,61세,경상
2015042300100256,2015년 4월 23일 11시,목요일,전라남도 고흥군 고흥읍,중상사고,0,1,2,0,차대차 - 측면직각충돌,안전운전불이행,건조,맑음,단일로 - 기타,승용,남,27세,상해없음,이륜,남,71세,중상
2015042300100282,2015년 4월 23일 12시,목요일,전라남도 목포시 상동,중상사고,0,1,0,0,차대사람 - 횡단중,안전운전불이행,건조,맑음,교차로 - 교차로부근,승용,여,39세,상해없음,보행자,여,51세,중상
2015042300100283,2015년 4월 23일 12시,목요일,전라남도 화순군 화순읍,경상사고,0,0,1,4,차대차 - 측면직각충돌,교차로운행방법위반,건조,맑음,교차로 - 교차로안,승용,남,41세,상해없음,승용,남,35세,경상
2015042300100284,2015년 4월 23일 12시,목요일,전라남도 영암군 신북면,중상사고,0,1,0,0,차대차 - 측면직각충돌,안전거리미확보,건조,맑음,단일로 - 기타,원동기,남,77세,중상,승용,여,21세,상해없음
2015042300100311,2015년 4월 23일 13시,목요일,전라남도 목포시 옥암동,중상사고,0,1,1,0,차대차 - 추돌 - 주정차중,안전운전불이행,건조,맑음,교차로 - 교차로안,승용,여,50세,상해없음,승용,여,32세,기타불명
2015042300100312,2015년 4월 23일 13시,목요일,전라남도 함평군 월야면,경상사고,0,0,1,0,차대차 - 정면충돌,직진우회전진행방해,건조,맑음,교차로 - 교차로안,건설기계,남,39세,상해없음,화물,남,72세,경상
2015042300100335,2015년 4월 23일 14시,목요일,전라남도 화순군 화순읍,경상사고,0,0,2,0,차대차 - 측면직각충돌,안전운전불이행,건조,맑음,단일로 - 기타,승용,여,32세,상해없음,승용,남,61세,경상
2015042300100336,2015년 4월 23일 14시,목요일,전라남도 광양시 광양읍,중상사고,0,1,0,0,차대사람 - 횡단중,보행자보호의무위반,건조,맑음,교차로 - 교차로부근,승용,남,80세,상해없음,보행자,여,69세,중상
2015042300100408,2015년 4월 23일 16시,목요일,전라남도 목포시 항동,경상사고,0,0,1,0,차대사람 - 보도통행중,보행자보호의무위반,건조,맑음,교차로 - 교차로부근,이륜,남,68세,상해없음,보행자,여,14세,경상
2015042300100452,2015년 4월 23일 17시,목요일,전라남도 순천시 연향동,중상사고,0,1,0,0,차대사람 - 횡단중,신호위반,건조,맑음,단일로 - 횡단보도상,화물,남,43세,상해없음,보행자,여,71세,중상
2015042300100495,2015년 4월 23일 18시,목요일,전라남도 영암군 삼호읍,경상사고,0,0,1,0,차대차 - 측면직각충돌,안전운전불이행,건조,맑음,교차로 - 교차로안,화물,남,47세,경상,승용,남,52세,상해없음
2015042300100572,2015년 4월 23일 20시,목요일,전라남도 목포시 연산동,중상사고,0,1,0,0,차대사람 - 횡단중,안전운전불이행,건조,맑음,단일로 - 기타,승용,남,42세,상해없음,보행자,남,79세,중상
2015042300100671,2015년 4월 23일 23시,목요일,전라남도 여수시 만흥동,경상사고,0,0,1,0,차대차 - 추돌 - 주정차중,안전운전불이행,건조,맑음,교차로 - 교차로부근,화물,남,52세,상해없음,승용,남,37세,경상
2015042300100672,2015년 4월 23일 23시,목요일,전라남도 해남군 해남읍,경상사고,0,0,1,0,차대사람 - 길가장자리구역통행중,보행자보호의무위반,건조,맑음,단일로 - 기타,화물,여,41세,상해없음,보행자,남,37세,경상
2015042300100673,2015년 4월 23일 23시,목요일,전라남도 영광군 영광읍,중상사고,0,1,0,0,차대차 - 추돌 - 진행중,안전운전불이행,건조,맑음,단일로 - 기타,승용,남,40세,상해없음,농기계,남,43세,중상
2015042400100006,2015년 4월 24일 00시,금요일,전라남도 목포시 죽교동,경상사고,0,0,1,0,차대차 - 기타,안전운전불이행,기타,맑음,교차로 - 교차로부근,이륜,남,16세,경상,화물,남,45세,기타불명
2015042400100007,2015년 4월 24일 00시,금요일,전라남도 순천시 해룡면,중상사고,0,2,1,0,차대차 - 기타,교차로운행방법위반,건조,맑음,교차로 - 교차로안,승용,남,30세,중상,승합,남,40세,경상
2015042400100008,2015년 4월 24일 00시,금요일,전라남도 광양시 광양읍,중상사고,0,1,1,0,차량단독 - 공작물충돌,안전운전불이행,건조,맑음,단일로 - 기타,승용,남,24세,경상,,,,
2015042400100039,2015년 4월 24일 03시,금요일,전라남도 함평군 해보면,경상사고,0,0,3,0,차량단독 - 공작물충돌,안전운전불이행,건조,맑음,단일로 - 기타,승용,남,22세,상해없음,,,,
2015042400100076,2015년 4월 24일 06시,금요일,전라남도 목포시 동명동,경상사고,0,0,1,0,차대차 - 추돌 - 진행중,안전운전불이행,건조,맑음,교차로 - 교차로부근,승합,남,20세,상해없음,승용,남,56세,경상
2015042400100077,2015년 4월 24일 06시,금요일,전라남도 무안군 삼향읍,경상사고,0,0,2,0,차대차 - 측면직각충돌,안전운전불이행,건조,맑음,교차로 - 교차로안,승합,남,38세,경상,승용,남,45세,경상
2015042400100096,2015년 4월 24일 07시,금요일,전라남도 목포시 연산동,경상사고,0,0,1,0,차대사람 - 길가장자리구역통행중,안전운전불이행,건조,맑음,기타 - 기타,화물,남,30세,기타불명,보행자,여,52세,경상
2015042400100097,2015년 4월 24일 07시,금요일,전라남도 여수시 교동,중상사고,0,1,0,0,차대사람 - 횡단중,안전운전불이행,건조,맑음,단일로 - 기타,이륜,남,44세,상해없음,보행자,여,75세,중상
2015042400100098,2015년 4월 24일 07시,금요일,전라남도 영광군 영광읍,경상사고,0,0,2,0,차대차 - 측면직각충돌,직진우회전진행방해,건조,맑음,교차로 - 교차로안,승용,남,71세,상해없음,승용,여,37세,경상
2015042400100099,2015년 4월 24일 07시,금요일,전라남도 영암군 군서면,중상사고,0,1,0,0,차대차 - 추돌 - 진행중,안전운전불이행,건조,맑음,단일로 - 기타,화물,남,47세,상해없음,승용,여,55세,중상
2015042400100123,2015년 4월 24일 08시,금요일,전라남도 목포시 상동,경상사고,0,0,1,0,차대차 - 측면직각충돌,직진우회전진행방해,건조,맑음,교차로 - 교차로안,승용,남,22세,상해없음,승용,남,34세,경상
2015042400100124,2015년 4월 24일 08시,금요일,전라남도 목포시 용해동,경상사고,0,0,2,0,차대차 - 추돌 - 진행중,안전거리미확보,건조,맑음,교차로 - 교차로안,승용,남,59세,상해없음,승용,여,34세,경상
2015042400100159,2015년 4월 24일 09시,금요일,전라남도 나주시 부덕동,중상사고,0,1,0,0,차대차 - 기타,직진우회전진행방해,건조,맑음,교차로 - 교차로안,승용,남,69세,상해없음,자전거,남,80세,중상
2015042400100160,2015년 4월 24일 09시,금요일,전라남도 나주시 삼영동,중상사고,0,1,0,0,차량단독 - 공작물충돌,안전운전불이행,건조,맑음,단일로 - 교량,승용,남,73세,상해없음,,,,
2015042400100195,2015년 4월 24일 10시,금요일,전라남도 진도군 진도읍,경상사고,0,0,1,0,차대차 - 추돌 - 진행중,안전운전불이행,건조,맑음,단일로 - 기타,승용,남,31세,상해없음,화물,남,62세,경상
2015042400100239,2015년 4월 24일 11시,금요일,전라남도 목포시 산정동,경상사고,0,0,3,0,차대차 - 기타,안전운전불이행,건조,맑음,기타 - 기타,승용,여,40세,상해없음,승용,남,62세,경상
2015042400100240,2015년 4월 24일 11시,금요일,전라남도 나주시 운곡동,경상사고,0,0,1,0,차량단독 - 기타,안전운전불이행,건조,맑음,단일로 - 기타,원동기,남,55세,경상,,,,
2015042400100274,2015년 4월 24일 12시,금요일,전라남도 광양시 광양읍,중상사고,0,2,0,0,차대차 - 측면직각충돌,교차로운행방법위반,건조,맑음,교차로 - 교차로안,승용,남,33세,상해없음,승용,남,48세,중상
2015042400100298,2015년 4월 24일 13시,금요일,전라남도 나주시 공산면,중상사고,0,1,0,0,차대차 - 기타,직진우회전진행방해,건조,맑음,교차로 - 교차로안,화물,남,71세,상해없음,이륜,여,72세,중상
2015042400100299,2015년 4월 24일 13시,금요일,전라남도 구례군 구례읍,사망사고,1,0,0,0,차대사람 - 기타,안전운전불이행,건조,맑음,단일로 - 기타,화물,남,28세,상해없음,보행자,여,87세,사망
2015042400100333,2015년 4월 24일 14시,금요일,전라남도 여수시 웅천동,경상사고,0,0,3,0,차대차 - 추돌 - 진행중,안전거리미확보,건조,맑음,단일로 - 터널,승용,남,45세,상해없음,승용,남,56세,경상
2015042400100334,2015년 4월 24일 14시,금요일,전라남도 여수시 웅천동,경상사고,0,0,2,0,차대차 - 추돌 - 진행중,안전운전불이행,건조,맑음,단일로 - 터널,승용,남,56세,상해없음,승용,남,52세,경상
2015042400100335,2015년 4월 24일 14시,금요일,전라남도 해남군 황산면,부상신고사고,0,0,0,1,차량단독 - 공작물충돌,안전운전불이행,건조,맑음,단일로 - 기타,이륜,남,78세,부상신고,,,,
2015042400100375,2015년 4월 24일 15시,금요일,전라남도 목포시 산정동,경상사고,0,0,1,0,차대차 - 추돌 - 진행중,안전운전불이행,건조,맑음,교차로 - 교차로안,승용,남,46세,상해없음,이륜,남,59세,경상
2015042400100376,2015년 4월 24일 15시,금요일,전라남도 무안군 삼향읍,경상사고,0,0,2,0,차대차 - 추돌 - 진행중,안전거리미확보,건조,맑음,단일로 - 기타,승합,남,66세,상해없음,승합,남,21세,경상
2015042400100452,2015년 4월 24일 17시,금요일,전라남도 목포시 상동,중상사고,0,1,1,0,차대차 - 기타,안전운전불이행,건조,맑음,기타 - 기타,승합,남,67세,상해없음,승용,남,39세,중상
2015042400100453,2015년 4월 24일 17시,금요일,전라남도 나주시 봉황면,경상사고,0,0,1,0,차량단독 - 기타,안전운전불이행,건조,맑음,단일로 - 기타,원동기,남,72세,경상,,,,
2015042400100454,2015년 4월 24일 17시,금요일,전라남도 장흥군 장흥읍,중상사고,0,1,0,0,차대차 - 추돌 - 주정차중,안전운전불이행,건조,맑음,교차로 - 교차로부근,화물,남,73세,상해없음,승용,여,45세,중상
2015042400100507,2015년 4월 24일 18시,금요일,전라남도 여수시 둔덕동,중상사고,0,1,0,0,차량단독 - 전도전복,안전운전불이행,건조,맑음,교차로 - 교차로부근,이륜,남,20세,중상,,,,
2015042400100508,2015년 4월 24일 18시,금요일,전라남도 무안군 삼향읍,경상사고,0,0,2,0,차대차 - 추돌 - 진행중,안전거리미확보,건조,맑음,단일로 - 기타,승용,남,62세,상해없음,승용,남,57세,경상
2015042400100509,2015년 4월 24일 18시,금요일,전라남도 광양시 옥곡면,경상사고,0,0,1,0,차대차 - 추돌 - 진행중,교차로운행방법위반,건조,맑음,교차로 - 교차로안,승용,여,55세,상해없음,승용,남,28세,상해없음
2015042400100608,2015년 4월 24일 20시,금요일,전라남도 목포시 산정동,경상사고,0,0,3,0,차대차 - 측면직각충돌,신호위반,건조,맑음,교차로 - 교차로안,승용,여,33세,상해없음,승용,남,32세,경상
2015042400100609,2015년 4월 24일 20시,금요일,전라남도 여수시 둔덕동,경상사고,0,0,1,0,차대차 - 측면직각충돌,안전운전불이행,건조,맑음,교차로 - 교차로안,승용,남,22세,상해없음,이륜,남,23세,경상
2015042400100610,2015년 4월 24일 20시,금요일,전라남도 해남군 현산면,부상신고사고,0,0,0,1,차량단독 - 공작물충돌,안전운전불이행,건조,맑음,단일로 - 기타,화물,남,62세,부상신고,,,,
2015042400100689,2015년 4월 24일 22시,금요일,전라남도 여수시 돌산읍,중상사고,0,1,0,0,차대사람 - 횡단중,안전운전불이행,건조,맑음,단일로 - 기타,승합,남,45세,상해없음,보행자,남,66세,중상
2015042400100727,2015년 4월 24일 23시,금요일,전라남도 순천시 연향동,경상사고,0,0,1,0,차대차 - 기타,안전운전불이행,건조,맑음,단일로 - 기타,승용,남,60세,상해없음,승용,남,31세,경상
2015042500100075,2015년 4월 25일 03시,토요일,전라남도 목포시 옥암동,경상사고,0,0,1,0,차대사람 - 기타,안전운전불이행,건조,맑음,단일로 - 기타,승용,여,23세,상해없음,보행자,여,18세,경상
2015042500100087,2015년 4월 25일 04시,토요일,전라남도 순천시 대룡동,중상사고,0,2,0,0,차량단독 - 기타,안전운전불이행,건조,맑음,교차로 - 교차로부근,승용,여,41세,중상,,,,
2015042500100153,2015년 4월 25일 08시,토요일,전라남도 완도군 완도읍,부상신고사고,0,0,0,1,차대차 - 기타,교차로운행방법위반,건조,맑음,교차로 - 교차로안,승용,남,37세,상해없음,자전거,남,10세,부상신고
2015042500100188,2015년 4월 25일 09시,토요일,전라남도 목포시 대성동,경상사고,0,0,1,0,차대사람 - 횡단중,안전운전불이행,건조,맑음,교차로 - 교차로안,승용,여,45세,상해없음,보행자,남,51세,경상
2015042500100189,2015년 4월 25일 09시,토요일,전라남도 장흥군 장흥읍,중상사고,0,1,0,0,차대차 - 기타,안전운전불이행,건조,맑음,교차로 - 교차로안,승용,여,43세,상해없음,기타불명,여,78세,중상
2015042500100232,2015년 4월 25일 10시,토요일,전라남도 광양시 광양읍,중상사고,0,1,0,0,차대차 - 측면직각충돌,직진우회전진행방해,건조,맑음,교차로 - 교차로안,원동기,여,64세,중상,승용,남,35세,상해없음
2015042500100273,2015년 4월 25일 11시,토요일,전라남도 여수시 신월동,경상사고,0,0,1,0,차대사람 - 길가장자리구역통행중,안전운전불이행,건조,맑음,교차로 - 교차로부근,승합,남,52세,상해없음,보행자,여,28세,경상
2015042500100274,2015년 4월 25일 11시,토요일,전라남도 여수시 선원동,경상사고,0,0,2,0,차대사람 - 횡단중,안전운전불이행,건조,맑음,단일로 - 횡단보도부근,승용,남,55세,상해없음,보행자,여,10세,경상
2015042500100275,2015년 4월 25일 11시,토요일,전라남도 순천시 연향동,경상사고,0,0,1,0,차대차 - 추돌 - 주정차중,안전거리미확보,건조,맑음,단일로 - 기타,승용,남,55세,상해없음,승용,여,26세,상해없음
2015042500100391,2015년 4월 25일 14시,토요일,전라남도 여수시 남면,경상사고,0,0,1,0,차대사람 - 길가장자리구역통행중,안전운전불이행,건조,맑음,단일로 - 기타,승합,남,35세,상해없음,보행자,남,66세,경상
2015042500100392,2015년 4월 25일 14시,토요일,전라남도 영암군 삼호읍,중상사고,0,3,1,0,차대차 - 정면충돌,중앙선침범,건조,맑음,단일로 - 기타,승용,남,64세,경상,화물,남,40세,중상
2015042500100393,2015년 4월 25일 14시,토요일,전라남도 완도군 군외면,경상사고,0,0,1,0,차대차 - 기타,안전운전불이행,건조,맑음,단일로 - 기타,승용,여,60세,상해없음,자전거,남,14세,경상
2015042500100394,2015년 4월 25일 14시,토요일,전라남도 광양시 광양읍,경상사고,0,0,2,0,차대차 - 측면직각충돌,교차로운행방법위반,건조,맑음,교차로 - 교차로안,승용,여,35세,경상,승용,남,67세,상해없음
2015042500100440,2015년 4월 25일 15시,토요일,전라남도 화순군 화순읍,경상사고,0,0,1,0,차대사람 - 횡단중,안전운전불이행,건조,맑음,단일로 - 기타,승합,남,48세,상해없음,보행자,여,15세,경상
2015042500100468,2015년 4월 25일 16시,토요일,전라남도 화순군 화순읍,경상사고,0,0,3,0,차대차 - 측면직각충돌,교차로운행방법위반,건조,맑음,교차로 - 교차로부근,승용,남,69세,상해없음,승용,여,40세,경상
2015042500100469,2015년 4월 25일 16시,토요일,전라남도 화순군 화순읍,중상사고,0,1,1,0,차대차 - 추돌 - 주정차중,안전운전불이행,건조,맑음,단일로 - 기타,승용,남,83세,경상,특수,여,55세,기타불명
2015042500100470,2015년 4월 25일 16시,토요일,전라남도 담양군 봉산면,경상사고,0,0,1,0,차대차 - 기타,불법유턴,건조,맑음,단일로 - 기타,승용,남,27세,상해없음,자전거,남,50세,경상
2015042500100471,2015년 4월 25일 16시,토요일,전라남도 완도군 완도읍,경상사고,0,0,5,0,차대차 - 측면직각충돌,신호위반,건조,맑음,교차로 - 교차로안,승용,여,18세,경상,승용,여,35세,경상
2015042500100472,2015년 4월 25일 16시,토요일,전라남도 광양시 진월면,중상사고,0,2,1,0,차대차 - 측면직각충돌,안전운전불이행,건조,맑음,기타 - 기타,승합,남,23세,경상,승용,여,34세,중상
2015042500100523,2015년 4월 25일 17시,토요일,전라남도 화순군 화순읍,중상사고,0,1,3,0,차대차 - 측면직각충돌,중앙선침범,건조,맑음,단일로 - 기타,승용,여,40세,상해없음,승용,남,34세,중상
2015042500100524,2015년 4월 25일 17시,토요일,전라남도 무안군 일로읍,경상사고,0,0,2,0,차대차 - 측면직각충돌,신호위반,건조,맑음,교차로 - 교차로안,승용,남,38세,상해없음,승용,여,40세,경상
2015042500100574,2015년 4월 25일 18시,토요일,전라남도 목포시 산정동,중상사고,0,1,0,0,차대사람 - 횡단중,안전운전불이행,건조,맑음,단일로 - 기타,승용,남,38세,상해없음,보행자,남,23세,중상
2015042500100622,2015년 4월 25일 19시,토요일,전라남도 목포시 상동,경상사고,0,0,1,0,차대차 - 측면직각충돌,안전운전불이행,건조,맑음,교차로 - 교차로안,승용,여,60세,상해없음,이륜,남,19세,경상
2015042500100623,2015년 4월 25일 19시,토요일,전라남도 순천시 주암면,중상사고,0,1,0,0,차대차 - 기타,교차로운행방법위반,건조,맑음,교차로 - 교차로안,승용,여,61세,중상,화물,남,64세,상해없음
2015042500100624,2015년 4월 25일 19시,토요일,전라남도 영암군 미암면,중상사고,0,1,1,0,차대차 - 측면직각충돌,교차로운행방법위반,건조,맑음,교차로 - 교차로안,농기계,남,78세,경상,화물,남,53세,상해없음
2015042500100666,2015년 4월 25일 20시,토요일,전라남도 무안군 일로읍,중상사고,0,2,0,0,차대차 - 추돌 - 진행중,안전운전불이행,건조,맑음,단일로 - 기타,승용,남,32세,상해없음,승용,남,73세,중상
2015042500100702,2015년 4월 25일 21시,토요일,전라남도 목포시 옥암동,경상사고,0,0,1,0,차대사람 - 보도통행중,기타,건조,맑음,기타 - 기타,자전거,여,33세,상해없음,보행자,남,65세,경상
2015042500100703,2015년 4월 25일 21시,토요일,전라남도 영광군 영광읍,경상사고,0,0,2,0,차대차 - 측면직각충돌,안전운전불이행,건조,맑음,단일로 - 기타,승용,남,53세,상해없음,승용,여,49세,경상
2015042500100744,2015년 4월 25일 22시,토요일,전라남도 순천시 풍덕동,경상사고,0,0,1,0,차대차 - 기타,신호위반,건조,맑음,교차로 - 교차로안,승용,남,53세,상해없음,승용,남,50세,경상
2015042600100037,2015년 4월 26일 01시,일요일,전라남도 순천시 조례동,경상사고,0,0,1,0,차대차 - 기타,직진우회전진행방해,건조,맑음,교차로 - 교차로안,승합,남,32세,상해없음,승용,남,49세,상해없음
2015042600100102,2015년 4월 26일 06시,일요일,전라남도 순천시 덕암동,중상사고,0,1,0,0,차대차 - 기타,교차로운행방법위반,건조,맑음,교차로 - 교차로안,승용,남,60세,상해없음,승용,여,37세,중상
2015042600100103,2015년 4월 26일 06시,일요일,전라남도 화순군 화순읍,경상사고,0,0,1,1,차대차 - 추돌 - 진행중,안전운전불이행,건조,맑음,교차로 - 교차로부근,승용,여,49세,부상신고,승용,여,44세,경상
2015042600100113,2015년 4월 26일 07시,일요일,전라남도 장흥군 장흥읍,경상사고,0,0,3,0,차대차 - 측면직각충돌,안전운전불이행,건조,맑음,교차로 - 교차로부근,승용,남,61세,상해없음,승용,남,41세,경상
2015042600100125,2015년 4월 26일 08시,일요일,전라남도 화순군 화순읍,중상사고,0,1,1,0,차대차 - 기타,안전거리미확보,건조,맑음,단일로 - 기타,승용,여,57세,상해없음,승합,남,36세,경상
2015042600100126,2015년 4월 26일 08시,일요일,전라남도 장성군 황룡면,중상사고,0,1,0,0,차대차 - 측면직각충돌,안전운전불이행,건조,맑음,교차로 - 교차로안,승용,남,56세,상해없음,승용,여,54세,상해없음
2015042600100182,2015년 4월 26일 11시,일요일,전라남도 나주시 노안면,경상사고,0,0,1,0,차대차 - 측면직각충돌,교차로운행방법위반,건조,맑음,교차로 - 교차로안,승용,남,49세,경상,화물,남,53세,상해없음
2015042600100183,2015년 4월 26일 11시,일요일,전라남도 고흥군 금산면,중상사고,0,2,0,0,차대차 - 추돌 - 주정차중,안전운전불이행,건조,맑음,단일로 - 기타,승용,남,51세,상해없음,승용,남,61세,중상
2015042600100184,2015년 4월 26일 11시,일요일,전라남도 무안군 현경면,경상사고,0,0,1,0,차대차 - 측면직각충돌,안전운전불이행,건조,맑음,단일로 - 기타,화물,남,39세,상해없음,승용,여,51세,경상
2015042600100213,2015년 4월 26일 12시,일요일,전라남도 화순군 화순읍,경상사고,0,0,1,0,차대사람 - 차도통행중,안전운전불이행,건조,맑음,단일로 - 기타,승용,남,26세,상해없음,보행자,남,29세,경상
2015042600100214,2015년 4월 26일 12시,일요일,전라남도 영암군 신북면,중상사고,0,1,0,0,차량단독 - 전도전복,안전운전불이행,건조,맑음,단일로 - 기타,이륜,여,65세,중상,,,,
2015042600100309,2015년 4월 26일 15시,일요일,전라남도 여수시 신월동,중상사고,0,1,0,0,차대사람 - 횡단중,안전운전불이행,건조,맑음,단일로 - 기타,승용,남,25세,상해없음,보행자,여,34세,중상