사고번호,사고일시,요일,시군구,사고내용,사망자수,중상자수,경상자수,부상신고자수,사고유형,법규위반,노면상태,기상상태,도로형태,가해운전자 차종,가해운전자 성별,가해운전자 연령,가해운전자 상해정도,피해운전자 차종,피해운전자 성별,피해운전자 연령,피해운전자 상해정도
2015050400100046,2015년 5월 4일 06시,월요일,전라남도 담양군 담양읍,경상사고,0,0,1,0,차대차 - 측면직각충돌,직진우회전진행방해,건조,맑음,교차로 - 교차로안,화물,남,57세,상해없음,자전거,남,72세,경상
2015050400100070,2015년 5월 4일 07시,월요일,전라남도 순천시 장천동,중상사고,0,1,0,0,차대사람 - 횡단중,안전운전불이행,건조,맑음,단일로 - 기타,승용,남,39세,상해없음,보행자,남,63세,중상
2015050400100071,2015년 5월 4일 07시,월요일,전라남도 순천시 덕암동,부상신고사고,0,0,0,1,차대사람 - 기타,안전운전불이행,건조,맑음,단일로 - 기타,화물,남,41세,상해없음,보행자,남,54세,부상신고
2015050400100102,2015년 5월 4일 08시,월요일,전라남도 무안군 무안읍,중상사고,0,1,1,0,차대차 - 측면직각충돌,안전운전불이행,건조,맑음,교차로 - 교차로안,승용,남,22세,상해없음,승용,남,55세,경상
2015050400100133,2015년 5월 4일 09시,월요일,전라남도 강진군 성전면,중상사고,0,1,0,0,차대차 - 측면직각충돌,안전운전불이행,건조,맑음,단일로 - 기타,화물,남,40세,상해없음,원동기,남,77세,중상
2015050400100162,2015년 5월 4일 10시,월요일,전라남도 여수시 공화동,경상사고,0,0,1,0,차대차 - 추돌 - 주정차중,안전운전불이행,건조,맑음,교차로 - 교차로부근,승합,남,25세,상해없음,승용,남,46세,경상
2015050400100209,2015년 5월 4일 11시,월요일,전라남도 목포시 산정동,경상사고,0,0,1,0,차대차 - 기타,안전운전불이행,건조,맑음,교차로 - 교차로부근,화물,남,61세,상해없음,승합,남,38세,경상
2015050400100210,2015년 5월 4일 11시,월요일,전라남도 여수시 미평동,경상사고,0,0,1,0,차대차 - 추돌 - 진행중,안전운전불이행,건조,맑음,교차로 - 교차로부근,승용,남,26세,상해없음,승용,여,44세,경상
2015050400100211,2015년 5월 4일 11시,월요일,전라남도 담양군 담양읍,중상사고,0,1,1,0,차대차 - 측면직각충돌,신호위반,건조,맑음,교차로 - 교차로안,승용,남,37세,상해없음,화물,남,70세,중상
2015050400100259,2015년 5월 4일 12시,월요일,전라남도 영암군 삼호읍,중상사고,0,1,0,0,차대차 - 측면직각충돌,신호위반,건조,맑음,교차로 - 교차로안,승용,여,35세,상해없음,원동기,남,44세,중상
2015050400100260,2015년 5월 4일 12시,월요일,전라남도 곡성군 목사동면,중상사고,0,2,0,0,차대차 - 측면직각충돌,안전운전불이행,건조,맑음,단일로 - 기타,원동기,남,77세,중상,원동기,남,50세,중상
2015050400100304,2015년 5월 4일 13시,월요일,전라남도 순천시 해룡면,경상사고,0,0,4,0,차대차 - 기타,교차로운행방법위반,건조,맑음,교차로 - 교차로안,승용,여,31세,경상,화물,남,60세,경상
2015050400100350,2015년 5월 4일 14시,월요일,전라남도 순천시 매곡동,경상사고,0,0,2,0,차대차 - 기타,안전운전불이행,건조,맑음,교차로 - 교차로부근,승용,남,61세,상해없음,승용,남,40세,경상
2015050400100351,2015년 5월 4일 14시,월요일,전라남도 담양군 무정면,사망사고,1,0,1,0,차대차 - 정면충돌,중앙선침범,건조,맑음,단일로 - 기타,승용,남,27세,사망,승용,남,45세,경상
2015050400100397,2015년 5월 4일 15시,월요일,전라남도 여수시 수정동,경상사고,0,0,1,0,차대사람 - 차도통행중,안전운전불이행,건조,맑음,기타 - 기타,승용,남,46세,상해없음,보행자,남,19세,경상
2015050400100398,2015년 5월 4일 15시,월요일,전라남도 순천시 남정동,중상사고,0,1,0,0,차대차 - 기타,안전운전불이행,건조,맑음,단일로 - 기타,기타불명,기타불명,기타불명,기타불명,자전거,남,64세,중상
2015050400100399,2015년 5월 4일 15시,월요일,전라남도 장성군 황룡면,중상사고,0,2,3,0,차대차 - 측면직각충돌,신호위반,건조,맑음,교차로 - 교차로안,화물,남,35세,상해없음,승용,남,41세,중상
2015050400100400,2015년 5월 4일 15시,월요일,전라남도 장성군 북하면,경상사고,0,0,3,0,차대차 - 정면충돌,중앙선침범,건조,맑음,단일로 - 기타,승용,여,39세,상해없음,승용,여,32세,경상
2015050400100441,2015년 5월 4일 16시,월요일,전라남도 여수시 소라면,경상사고,0,0,1,0,차량단독 - 전도전복,안전운전불이행,건조,맑음,단일로 - 기타,화물,남,61세,경상,,,,
2015050400100470,2015년 5월 4일 17시,월요일,전라남도 광양시 중동,중상사고,0,1,0,0,차대사람 - 기타,중앙선침범,건조,맑음,기타 - 기타,승용,남,58세,상해없음,보행자,남,65세,중상
2015050400100520,2015년 5월 4일 18시,월요일,전라남도 영암군 삼호읍,경상사고,0,0,2,0,차대차 - 추돌 - 진행중,안전운전불이행,건조,맑음,단일로 - 기타,이륜,남,31세,경상,자전거,남,19세,경상
2015050400100521,2015년 5월 4일 18시,월요일,전라남도 진도군 의신면,중상사고,0,1,1,0,차대차 - 추돌 - 진행중,안전운전불이행,건조,맑음,교차로 - 교차로부근,승용,남,36세,상해없음,화물,남,52세,중상
2015050400100522,2015년 5월 4일 18시,월요일,전라남도 진도군 진도읍,경상사고,0,0,1,0,차대차 - 측면직각충돌,교차로운행방법위반,건조,맑음,교차로 - 교차로안,화물,여,40세,상해없음,승용,여,42세,경상
2015050400100523,2015년 5월 4일 18시,월요일,전라남도 광양시 중동,경상사고,0,0,1,0,차대차 - 기타,안전운전불이행,건조,맑음,기타 - 기타,승용,남,48세,상해없음,자전거,여,12세,경상
2015050400100576,2015년 5월 4일 19시,월요일,전라남도 순천시 조례동,경상사고,0,0,1,0,차대차 - 기타,안전운전불이행,건조,맑음,교차로 - 교차로부근,화물,남,56세,상해없음,승용,여,29세,경상
2015050400100577,2015년 5월 4일 19시,월요일,전라남도 곡성군 오산면,경상사고,0,0,1,0,차대차 - 기타,중앙선침범,건조,맑음,단일로 - 기타,승용,남,48세,상해없음,승용,남,36세,경상
2015050400100614,2015년 5월 4일 20시,월요일,전라남도 목포시 상동,경상사고,0,0,1,0,차대차 - 측면직각충돌,안전운전불이행,건조,맑음,교차로 - 교차로안,승용,여,26세,상해없음,원동기,남,34세,경상
2015050400100639,2015년 5월 4일 21시,월요일,전라남도 목포시 옥암동,경상사고,0,0,2,0,차대차 - 추돌 - 진행중,안전운전불이행,건조,맑음,단일로 - 기타,승용,남,42세,상해없음,승용,남,35세,경상
2015050400100670,2015년 5월 4일 22시,월요일,전라남도 여수시 국동,사망사고,1,0,0,0,차대사람 - 횡단중,보행자보호의무위반,건조,맑음,단일로 - 횡단보도상,승용,남,34세,상해없음,보행자,남,54세,사망
2015050400100695,2015년 5월 4일 23시,월요일,전라남도 순천시 조례동,경상사고,0,0,1,0,차대차 - 기타,안전운전불이행,건조,맑음,단일로 - 기타,승용,남,23세,상해없음,승용,남,46세,경상
2015050500100029,2015년 5월 5일 01시,화요일,전라남도 완도군 완도읍,경상사고,0,0,1,0,차대사람 - 횡단중,안전운전불이행,건조,맑음,교차로 - 교차로부근,승용,남,40세,상해없음,보행자,남,32세,경상
2015050500100084,2015년 5월 5일 05시,화요일,전라남도 목포시 상동,중상사고,0,1,1,0,차대차 - 측면직각충돌,신호위반,건조,맑음,교차로 - 교차로안,승용,남,19세,상해없음,승용,여,59세,경상
2015050500100127,2015년 5월 5일 08시,화요일,전라남도 곡성군 겸면,중상사고,0,1,1,0,차량단독 - 전도전복,안전운전불이행,건조,맑음,단일로 - 기타,농기계,남,78세,경상,,,,
2015050500100158,2015년 5월 5일 10시,화요일,전라남도 나주시 이창동,중상사고,0,1,0,0,차대사람 - 기타,안전운전불이행,건조,맑음,교차로 - 교차로안,화물,남,49세,상해없음,보행자,여,75세,중상
2015050500100159,2015년 5월 5일 10시,화요일,전라남도 함평군 함평읍,중상사고,0,1,1,0,차대차 - 추돌 - 진행중,안전거리미확보,건조,맑음,단일로 - 기타,승용,남,27세,상해없음,원동기,남,72세,경상
2015050500100160,2015년 5월 5일 10시,화요일,전라남도 담양군 담양읍,중상사고,0,1,0,0,차대사람 - 횡단중,보행자보호의무위반,건조,맑음,단일로 - 횡단보도상,승용,남,49세,상해없음,보행자,여,74세,중상
2015050500100191,2015년 5월 5일 11시,화요일,전라남도 여수시 봉산동,경상사고,0,0,2,0,차대차 - 측면직각충돌,안전운전불이행,건조,맑음,단일로 - 기타,승용,남,33세,상해없음,화물,남,42세,경상
2015050500100192,2015년 5월 5일 11시,화요일,전라남도 고흥군 풍양면,경상사고,0,0,4,0,차대차 - 측면직각충돌,안전운전불이행,건조,맑음,단일로 - 기타,승용,남,55세,상해없음,승용,남,36세,경상
2015050500100193,2015년 5월 5일 11시,화요일,전라남도 무안군 무안읍,경상사고,0,0,1,0,차대차 - 측면직각충돌,안전운전불이행,건조,맑음,단일로 - 횡단보도부근,승용,여,42세,상해없음,이륜,남,73세,경상
2015050500100226,2015년 5월 5일 12시,화요일,전라남도 함평군 학교면,중상사고,0,1,3,0,차량단독 - 전도전복,안전운전불이행,건조,맑음,단일로 - 기타,화물,남,69세,상해없음,,,,
2015050500100227,2015년 5월 5일 12시,화요일,전라남도 담양군 고서면,경상사고,0,0,2,0,차대차 - 기타,안전운전불이행,건조,맑음,단일로 - 기타,승용,남,55세,상해없음,승용,남,32세,경상
2015050500100265,2015년 5월 5일 13시,화요일,전라남도 담양군 담양읍,경상사고,0,0,2,0,차대차 - 기타,직진우회전진행방해,건조,맑음,교차로 - 교차로안,승용,여,52세,상해없음,승용,여,68세,경상
2015050500100296,2015년 5월 5일 14시,화요일,전라남도 해남군 황산면,경상사고,0,0,2,0,차대차 - 기타,안전운전불이행,건조,맑음,교차로 - 교차로안,승용,여,52세,상해없음,화물,남,65세,경상
2015050500100297,2015년 5월 5일 14시,화요일,전라남도 해남군 문내면,경상사고,0,0,2,0,차대차 - 기타,교차로운행방법위반,건조,맑음,교차로 - 교차로안,원동기,남,82세,기타불명,승용,남,49세,경상
2015050500100329,2015년 5월 5일 15시,화요일,전라남도 목포시 용당동,중상사고,0,1,0,0,차대차 - 측면직각충돌,신호위반,건조,맑음,교차로 - 교차로안,승용,남,54세,상해없음,자전거,남,68세,중상
2015050500100330,2015년 5월 5일 15시,화요일,전라남도 광양시 진상면,부상신고사고,0,0,0,1,차대차 - 측면직각충돌,기타,건조,맑음,교차로 - 교차로안,원동기,남,71세,부상신고,승용,남,40세,상해없음
2015050500100371,2015년 5월 5일 16시,화요일,전라남도 목포시 석현동,경상사고,0,0,3,0,차대차 - 추돌 - 진행중,교차로운행방법위반,건조,맑음,단일로 - 기타,승용,남,68세,상해없음,승용,남,50세,경상
2015050500100372,2015년 5월 5일 16시,화요일,전라남도 순천시 해룡면,경상사고,0,0,2,0,차대차 - 추돌 - 진행중,안전운전불이행,건조,맑음,단일로 - 기타,기타불명,기타불명,기타불명,기타불명,승용,남,60세,상해없음
2015050500100373,2015년 5월 5일 16시,화요일,전라남도 나주시 노안면,중상사고,0,2,13,0,차대차 - 추돌 - 진행중,안전거리미확보,건조,맑음,단일로 - 터널,승용,남,29세,경상,승용,남,60세,상해없음
2015050500100412,2015년 5월 5일 17시,화요일,전라남도 목포시 죽교동,중상사고,0,2,0,0,차대차 - 측면직각충돌,교차로운행방법위반,건조,맑음,교차로 - 교차로안,화물,남,33세,상해없음,이륜,남,54세,중상
2015050500100413,2015년 5월 5일 17시,화요일,전라남도 순천시 풍덕동,경상사고,0,0,4,0,차대차 - 측면직각충돌,안전운전불이행,건조,맑음,단일로 - 기타,승용,여,34세,상해없음,승용,남,42세,경상
2015050500100414,2015년 5월 5일 17시,화요일,전라남도 곡성군 옥과면,중상사고,0,1,5,0,차대차 - 측면직각충돌,직진우회전진행방해,건조,맑음,교차로 - 교차로안,승용,여,49세,경상,승용,여,34세,경상
2015050500100445,2015년 5월 5일 18시,화요일,전라남도 순천시 조례동,중상사고,0,1,2,0,차대차 - 측면직각충돌,안전거리미확보,건조,맑음,단일로 - 기타,승용,남,35세,상해없음,승용,남,70세,중상
2015050500100446,2015년 5월 5일 18시,화요일,전라남도 담양군 담양읍,경상사고,0,0,2,0,차대차 - 기타,직진우회전진행방해,건조,맑음,교차로 - 교차로안,화물,남,65세,상해없음,화물,남,54세,경상
2015050500100564,2015년 5월 5일 22시,화요일,전라남도 목포시 산정동,경상사고,0,0,3,0,차대차 - 정면충돌,중앙선침범,건조,맑음,교차로 - 교차로부근,이륜,남,24세,경상,승용,남,30세,경상
2015050600100022,2015년 5월 6일 01시,수요일,전라남도 순천시 석현동,중상사고,0,1,0,0,차대차 - 측면직각충돌,안전거리미확보,건조,맑음,단일로 - 기타,승용,남,25세,상해없음,이륜,남,22세,중상
2015050600100023,2015년 5월 6일 01시,수요일,전라남도 광양시 광영동,부상신고사고,0,0,0,1,차량단독 - 기타,안전운전불이행,건조,맑음,단일로 - 기타,승용,남,25세,부상신고,,,,
2015050600100027,2015년 5월 6일 02시,수요일,전라남도 무안군 몽탄면,경상사고,0,0,2,0,차대차 - 추돌 - 진행중,안전운전불이행,건조,맑음,단일로 - 기타,승용,남,28세,상해없음,승용,남,31세,경상
2015050600100034,2015년 5월 6일 03시,수요일,전라남도 목포시 상동,경상사고,0,0,1,0,차대차 - 기타,신호위반,건조,맑음,교차로 - 교차로안,승용,남,61세,상해없음,승용,남,31세,상해없음
2015050600100058,2015년 5월 6일 06시,수요일,전라남도 신안군 압해읍,경상사고,0,0,1,0,차대차 - 정면충돌,중앙선침범,건조,맑음,단일로 - 기타,승용,남,58세,상해없음,승용,남,52세,경상
2015050600100059,2015년 5월 6일 06시,수요일,전라남도 완도군 약산면,경상사고,0,0,1,0,차량단독 - 공작물충돌,안전운전불이행,건조,맑음,교차로 - 교차로안,화물,남,46세,경상,,,,
2015050600100081,2015년 5월 6일 07시,수요일,전라남도 곡성군 곡성읍,중상사고,0,1,0,0,차대차 - 추돌 - 진행중,안전운전불이행,건조,맑음,교차로 - 교차로안,원동기,남,77세,중상,자전거,남,14세,상해없음
2015050600100082,2015년 5월 6일 07시,수요일,전라남도 구례군 구례읍,경상사고,0,0,1,0,차대차 - 기타,직진우회전진행방해,건조,맑음,단일로 - 기타,승용,남,59세,상해없음,자전거,여,59세,경상
2015050600100159,2015년 5월 6일 09시,수요일,전라남도 순천시 조례동,경상사고,0,0,1,0,차대차 - 기타,안전운전불이행,건조,맑음,교차로 - 교차로부근,이륜,여,31세,경상,승용,남,48세,상해없음
2015050600100160,2015년 5월 6일 09시,수요일,전라남도 무안군 삼향읍,경상사고,0,0,1,0,차대차 - 측면직각충돌,직진우회전진행방해,건조,맑음,교차로 - 교차로안,승합,남,44세,상해없음,화물,남,43세,경상
2015050600100189,2015년 5월 6일 10시,수요일,전라남도 여수시 학동,중상사고,0,1,0,0,차대사람 - 횡단중,안전운전불이행,건조,맑음,기타 - 기타,승합,남,61세,상해없음,보행자,여,55세,중상
2015050600100211,2015년 5월 6일 11시,수요일,전라남도 여수시 돌산읍,경상사고,0,0,1,0,차대차 - 측면직각충돌,안전운전불이행,건조,맑음,교차로 - 교차로안,승용,여,51세,상해없음,승용,여,32세,경상
2015050600100212,2015년 5월 6일 11시,수요일,전라남도 나주시 대호동,경상사고,0,0,1,0,차대차 - 측면직각충돌,중앙선침범,건조,맑음,단일로 - 기타,승용,남,19세,상해없음,화물,남,30세,경상
2015050600100213,2015년 5월 6일 11시,수요일,전라남도 장성군 장성읍,경상사고,0,0,1,0,차대차 - 추돌 - 진행중,안전운전불이행,건조,맑음,단일로 - 기타,승합,남,26세,상해없음,자전거,여,73세,경상
2015050600100214,2015년 5월 6일 11시,수요일,전라남도 광양시 광영동,경상사고,0,0,1,0,차대차 - 측면직각충돌,교차로운행방법위반,건조,맑음,교차로 - 교차로안,승용,여,57세,경상,승용,남,44세,상해없음
2015050600100246,2015년 5월 6일 12시,수요일,전라남도 신안군 압해읍,중상사고,0,1,0,0,차대차 - 추돌 - 주정차중,안전운전불이행,기타,맑음,단일로 - 기타,화물,남,55세,상해없음,원동기,남,51세,중상
2015050600100247,2015년 5월 6일 12시,수요일,전라남도 순천시 용당동,경상사고,0,0,1,0,차대차 - 기타,신호위반,건조,맑음,교차로 - 교차로부근,승용,남,81세,상해없음,승용,여,45세,경상
2015050600100248,2015년 5월 6일 12시,수요일,전라남도 고흥군 두원면,경상사고,0,0,1,0,차량단독 - 공작물충돌,안전운전불이행,건조,맑음,단일로 - 기타,승용,남,63세,경상,,,,
2015050600100279,2015년 5월 6일 13시,수요일,전라남도 순천시 덕암동,경상사고,0,0,1,0,차대차 - 기타,안전거리미확보,건조,맑음,교차로 - 교차로부근,승용,남,45세,상해없음,승합,남,47세,상해없음
2015050600100304,2015년 5월 6일 14시,수요일,전라남도 해남군 해남읍,중상사고,0,1,0,0,차대차 - 기타,중앙선침범,건조,맑음,교차로 - 교차로안,원동기,남,73세,중상,승용,남,57세,상해없음
2015050600100305,2015년 5월 6일 14시,수요일,전라남도 영광군 영광읍,경상사고,0,0,1,0,차대차 - 측면직각충돌,안전운전불이행,건조,맑음,교차로 - 교차로안,승용,여,48세,상해없음,이륜,남,36세,경상
2015050600100348,2015년 5월 6일 15시,수요일,전라남도 목포시 옥암동,중상사고,0,1,0,0,차대사람 - 횡단중,보행자보호의무위반,건조,맑음,교차로 - 교차로안,승용,여,41세,상해없음,보행자,여,6세,중상
2015050600100349,2015년 5월 6일 15시,수요일,전라남도 고흥군 대서면,경상사고,0,0,2,0,차대차 - 측면직각충돌,안전운전불이행,건조,맑음,교차로 - 교차로안,승용,남,77세,경상,승용,남,52세,경상
2015050600100350,2015년 5월 6일 15시,수요일,전라남도 곡성군 곡성읍,중상사고,0,1,0,0,차대차 - 정면충돌,안전운전불이행,건조,맑음,교차로 - 교차로안,화물,남,48세,상해없음,자전거,여,67세,중상
2015050600100386,2015년 5월 6일 16시,수요일,전라남도 나주시 청동,경상사고,0,0,2,0,차대차 - 측면직각충돌,직진우회전진행방해,건조,맑음,교차로 - 교차로안,승용,여,33세,경상,화물,남,26세,경상
2015050600100387,2015년 5월 6일 16시,수요일,전라남도 영암군 영암읍,경상사고,0,0,2,0,차대차 - 기타,기타,건조,맑음,단일로 - 기타,화물,남,40세,상해없음,승용,남,40세,상해없음
2015050600100420,2015년 5월 6일 17시,수요일,전라남도 신안군 압해읍,경상사고,0,0,1,0,차대차 - 기타,안전운전불이행,건조,흐림,단일로 - 기타,원동기,남,27세,경상,승용,남,64세,상해없음
2015050600100421,2015년 5월 6일 17시,수요일,전라남도 여수시 학동,경상사고,0,0,1,0,차대차 - 측면직각충돌,안전운전불이행,건조,맑음,교차로 - 교차로안,승용,여,35세,상해없음,승용,남,31세,경상
2015050600100456,2015년 5월 6일 18시,수요일,전라남도 목포시 죽교동,경상사고,0,0,1,0,차대사람 - 횡단중,보행자보호의무위반,건조,맑음,단일로 - 기타,승용,남,40세,상해없음,보행자,남,14세,경상
2015050600100457,2015년 5월 6일 18시,수요일,전라남도 해남군 옥천면,중상사고,0,1,5,0,차대차 - 측면직각충돌,기타,건조,맑음,교차로 - 교차로안,승용,남,51세,경상,승용,남,47세,경상
2015050600100458,2015년 5월 6일 18시,수요일,전라남도 화순군 화순읍,경상사고,0,0,4,0,차량단독 - 공작물충돌,안전운전불이행,건조,맑음,단일로 - 기타,승용,남,22세,경상,,,,
2015050600100459,2015년 5월 6일 18시,수요일,전라남도 진도군 진도읍,경상사고,0,0,1,0,차대차 - 추돌 - 진행중,안전운전불이행,습기,맑음,단일로 - 기타,승용,남,47세,상해없음,이륜,남,26세,경상
2015050600100499,2015년 5월 6일 19시,수요일,전라남도 여수시 안산동,사망사고,1,0,0,0,차대사람 - 횡단중,안전운전불이행,건조,맑음,단일로 - 기타,승용,남,46세,상해없음,보행자,남,63세,사망
2015050600100500,2015년 5월 6일 19시,수요일,전라남도 여수시 광무동,경상사고,0,0,1,0,차대사람 - 차도통행중,안전운전불이행,건조,맑음,단일로 - 기타,승용,남,35세,상해없음,보행자,남,72세,경상
2015050600100534,2015년 5월 6일 20시,수요일,전라남도 해남군 송지면,사망사고,1,0,0,0,차대사람 - 기타,안전운전불이행,건조,맑음,단일로 - 기타,화물,남,49세,상해없음,보행자,여,75세,사망
2015050600100570,2015년 5월 6일 21시,수요일,전라남도 목포시 옥암동,경상사고,0,0,1,0,차대차 - 측면직각충돌,중앙선침범,건조,맑음,단일로 - 기타,승용,여,46세,상해없음,승용,남,38세,경상
2015050600100571,2015년 5월 6일 21시,수요일,전라남도 순천시 매곡동,중상사고,0,1,0,0,차대차 - 기타,직진우회전진행방해,건조,맑음,단일로 - 기타,화물,남,54세,상해없음,이륜,남,17세,중상
2015050600100572,2015년 5월 6일 21시,수요일,전라남도 영광군 영광읍,부상신고사고,0,0,0,1,차대사람 - 횡단중,안전운전불이행,건조,맑음,교차로 - 교차로안,승합,남,54세,상해없음,보행자,남,42세,부상신고
2015050600100625,2015년 5월 6일 23시,수요일,전라남도 영암군 학산면,중상사고,0,1,0,0,차대사람 - 차도통행중,안전운전불이행,건조,맑음,교차로 - 교차로부근,승용,남,51세,상해없음,보행자,남,34세,중상
2015050700100032,2015년 5월 7일 01시,목요일,전라남도 나주시 남평읍,중상사고,0,1,0,0,차대사람 - 기타,중앙선침범,건조,맑음,단일로 - 기타,기타불명,기타불명,기타불명,기타불명,보행자,남,44세,중상
2015050700100052,2015년 5월 7일 03시,목요일,전라남도 해남군 화산면,중상사고,0,1,0,1,차량단독 - 전도전복,안전운전불이행,건조,맑음,교차로 - 교차로안,승용,남,37세,부상신고,,,,
2015050700100137,2015년 5월 7일 08시,목요일,전라남도 순천시 조례동,중상사고,0,1,1,0,차대차 - 추돌 - 주정차중,안전운전불이행,건조,맑음,교차로 - 교차로안,승용,남,41세,상해없음,승용,여,57세,중상
2015050700100167,2015년 5월 7일 09시,목요일,전라남도 여수시 안산동,경상사고,0,0,1,0,차대사람 - 차도통행중,안전운전불이행,건조,맑음,단일로 - 기타,화물,남,64세,상해없음,보행자,여,43세,경상
2015050700100197,2015년 5월 7일 10시,목요일,전라남도 곡성군 석곡면,사망사고,1,0,0,0,차대사람 - 길가장자리구역통행중,보행자보호의무위반,건조,맑음,단일로 - 횡단보도상,화물,남,36세,상해없음,보행자,여,88세,사망
2015050700100227,2015년 5월 7일 11시,목요일,전라남도 해남군 화산면,부상신고사고,0,0,0,1,차량단독 - 전도전복,안전운전불이행,건조,맑음,단일로 - 기타,이륜,남,88세,부상신고,,,,
2015050700100228,2015년 5월 7일 11시,목요일,전라남도 영암군 서호면,중상사고,0,1,0,0,차대사람 - 기타,안전운전불이행,건조,맑음,단일로 - 기타,승용,남,71세,상해없음,보행자,여,75세,중상
2015050700100284,2015년 5월 7일 13시,목요일,전라남도 순천시 월등면,경상사고,0,0,1,0,차대차 - 기타,안전운전불이행,건조,맑음,단일로 - 기타,승합,남,24세,상해없음,승용,남,53세,상해없음
2015050700100285,2015년 5월 7일 13시,목요일,전라남도 나주시 성북동,경상사고,0,0,1,0,차대차 - 기타,안전운전불이행,건조,맑음,교차로 - 교차로안,승용,남,28세,상해없음,승합,남,46세,상해없음
2015050700100286,2015년 5월 7일 13시,목요일,전라남도 화순군 능주면,경상사고,0,0,1,0,차대사람 - 기타,안전운전불이행,건조,맑음,단일로 - 기타,이륜,남,58세,상해없음,보행자,남,16세,경상
2015050700100287,2015년 5월 7일 13시,목요일,전라남도 화순군 화순읍,부상신고사고,0,0,0,1,차대차 - 기타,안전운전불이행,건조,맑음,단일로 - 기타,이륜,남,78세,부상신고,화물,남,53세,기타불명
2015050700100288,2015년 5월 7일 13시,목요일,전라남도 함평군 손불면,경상사고,0,0,5,0,차대차 - 정면충돌,중앙선침범,건조,맑음,단일로 - 기타,승용,남,74세,경상,승용,여,61세,경상
2015050700100346,2015년 5월 7일 15시,목요일,전라남도 장흥군 장흥읍,경상사고,0,0,1,0,차대차 - 측면직각충돌,안전운전불이행,건조,맑음,단일로 - 기타,건설기계,남,46세,경상,화물,여,45세,상해없음
2015050700100347,2015년 5월 7일 15시,목요일,전라남도 해남군 계곡면,사망사고,1,0,4,0,차대차 - 기타,안전운전불이행,건조,맑음,단일로 - 기타,화물,남,72세,사망,승용,남,38세,경상
2015050700100348,2015년 5월 7일 15시,목요일,전라남도 해남군 황산면,경상사고,0,0,1,0,차대차 - 기타,안전운전불이행,건조,맑음,교차로 - 교차로안,승용,남,53세,상해없음,승용,여,38세,경상
2015050700100349,2015년 5월 7일 15시,목요일,전라남도 무안군 일로읍,중상사고,0,1,0,0,차대차 - 측면직각충돌,안전운전불이행,건조,맑음,단일로 - 기타,승용,여,32세,상해없음,이륜,남,71세,중상
2015050700100392,2015년 5월 7일 16시,목요일,전라남도 순천시 서면,경상사고,0,0,1,0,차대차 - 측면직각충돌,안전운전불이행,건조,맑음,교차로 - 교차로부근,승용,여,33세,경상,건설기계,남,48세,상해없음
2015050700100393,2015년 5월 7일 16시,목요일,전라남도 고흥군 고흥읍,경상사고,0,0,2,0,차대사람 - 기타,안전운전불이행,건조,맑음,기타 - 기타,화물,남,65세,상해없음,보행자,여,17세,경상
2015050700100394,2015년 5월 7일 16시,목요일,전라남도 영광군 영광읍,경상사고,0,0,3,0,차대차 - 추돌 - 주정차중,안전운전불이행,건조,맑음,단일로 - 기타,이륜,남,69세,상해없음,승용,여,36세,경상
2015050700100395,2015년 5월 7일 16시,목요일,전라남도 완도군 완도읍,경상사고,0,0,1,0,차대차 - 측면직각충돌,교차로운행방법위반,건조,맑음,교차로 - 교차로안,승용,여,61세,상해없음,화물,남,50세,경상
2015050700100446,2015년 5월 7일 17시,목요일,전라남도 순천시 연향동,경상사고,0,0,1,0,차대사람 - 횡단중,보행자보호의무위반,건조,맑음,단일로 - 횡단보도상,승용,여,45세,상해없음,보행자,여,6세,경상
2015050700100447,2015년 5월 7일 17시,목요일,전라남도 무안군 무안읍,중상사고,0,1,0,0,차대차 - 측면직각충돌,안전운전불이행,건조,맑음,단일로 - 기타,승용,남,26세,상해없음,이륜,여,65세,중상
2015050700100483,2015년 5월 7일 18시,목요일,전라남도 목포시 옥암동,중상사고,0,1,0,0,차대사람 - 횡단중,신호위반,건조,맑음,단일로 - 기타,승용,남,64세,상해없음,보행자,여,57세,중상
2015050700100484,2015년 5월 7일 18시,목요일,전라남도 고흥군 고흥읍,중상사고,0,1,0,0,차대사람 - 기타,보행자보호의무위반,건조,맑음,기타 - 기타,승용,여,37세,상해없음,보행자,여,70세,중상
2015050700100524,2015년 5월 7일 19시,목요일,전라남도 여수시 동산동,경상사고,0,0,2,0,차대사람 - 횡단중,안전운전불이행,건조,맑음,단일로 - 기타,이륜,남,20세,상해없음,보행자,여,51세,경상
2015050700100525,2015년 5월 7일 19시,목요일,전라남도 영암군 시종면,사망사고,1,0,0,0,차량단독 - 도로외이탈 - 추락,안전운전불이행,건조,맑음,단일로 - 기타,이륜,남,68세,사망,,,,
2015050700100549,2015년 5월 7일 20시,목요일,전라남도 광양시 광양읍,중상사고,0,1,0,0,차대사람 - 기타,안전운전불이행,건조,맑음,교차로 - 교차로부근,특수,남,35세,상해없음,보행자,남,55세,중상
2015050700100583,2015년 5월 7일 21시,목요일,전라남도 순천시 풍덕동,경상사고,0,0,2,0,차대차 - 측면직각충돌,안전운전불이행,건조,맑음,교차로 - 교차로안,화물,남,46세,상해없음,승용,여,26세,경상
2015050700100584,2015년 5월 7일 21시,목요일,전라남도 담양군 담양읍,중상사고,0,1,0,0,차량단독 - 전도전복,안전운전불이행,건조,맑음,교차로 - 교차로안,이륜,남,74세,중상,,,,