사고번호,사고일시,요일,시군구,사고내용,사망자수,중상자수,경상자수,부상신고자수,사고유형,법규위반,노면상태,기상상태,도로형태,가해운전자 차종,가해운전자 성별,가해운전자 연령,가해운전자 상해정도,피해운전자 차종,피해운전자 성별,피해운전자 연령,피해운전자 상해정도
2015050700100613,2015년 5월 7일 22시,목요일,전라남도 여수시 국동,경상사고,0,0,1,0,차대차 - 추돌 - 주정차중,안전운전불이행,건조,맑음,교차로 - 교차로부근,승용,남,66세,상해없음,승용,남,33세,경상
2015050700100641,2015년 5월 7일 23시,목요일,전라남도 담양군 고서면,중상사고,0,1,0,0,차량단독 - 공작물충돌,안전운전불이행,건조,맑음,단일로 - 기타,승용,여,29세,중상,,,,
2015050800100183,2015년 5월 8일 09시,금요일,전라남도 해남군 산이면,중상사고,0,1,0,0,차대차 - 기타,교차로운행방법위반,건조,맑음,교차로 - 교차로안,승용,남,37세,상해없음,이륜,남,75세,중상
2015050800100214,2015년 5월 8일 10시,금요일,전라남도 목포시 상동,경상사고,0,0,1,0,차대차 - 추돌 - 주정차중,안전운전불이행,건조,맑음,기타 - 기타,승용,남,43세,상해없음,승용,남,35세,경상
2015050800100215,2015년 5월 8일 10시,금요일,전라남도 나주시 금천면,경상사고,0,0,1,1,차대차 - 추돌 - 주정차중,안전운전불이행,건조,맑음,단일로 - 기타,화물,남,50세,부상신고,화물,남,50세,경상
2015050800100242,2015년 5월 8일 11시,금요일,전라남도 목포시 상동,경상사고,0,0,1,0,차대차 - 측면직각충돌,직진우회전진행방해,건조,맑음,교차로 - 교차로안,승합,남,48세,상해없음,승용,남,27세,경상
2015050800100268,2015년 5월 8일 12시,금요일,전라남도 나주시 금계동,경상사고,0,0,1,0,차대차 - 기타,기타,건조,맑음,단일로 - 교량,원동기,남,79세,경상,승용,여,27세,상해없음
2015050800100296,2015년 5월 8일 13시,금요일,전라남도 여수시 안산동,경상사고,0,0,1,0,차대사람 - 차도통행중,안전운전불이행,건조,맑음,교차로 - 교차로부근,승용,남,48세,상해없음,보행자,여,13세,경상
2015050800100325,2015년 5월 8일 14시,금요일,전라남도 순천시 풍덕동,중상사고,0,1,0,0,차대차 - 측면직각충돌,교차로운행방법위반,건조,맑음,교차로 - 교차로부근,이륜,남,75세,상해없음,승합,남,47세,상해없음
2015050800100361,2015년 5월 8일 15시,금요일,전라남도 곡성군 곡성읍,중상사고,0,1,1,0,차량단독 - 도로외이탈 - 기타,안전운전불이행,건조,맑음,단일로 - 기타,화물,남,65세,경상,,,,
2015050800100403,2015년 5월 8일 16시,금요일,전라남도 목포시 산정동,경상사고,0,0,1,0,차대차 - 측면직각충돌,중앙선침범,건조,맑음,기타 - 기타,승용,남,69세,상해없음,승용,여,28세,경상
2015050800100404,2015년 5월 8일 16시,금요일,전라남도 목포시 상동,부상신고사고,0,0,0,1,차대사람 - 기타,안전운전불이행,건조,기타,기타 - 기타,기타불명,기타불명,기타불명,기타불명,보행자,여,42세,부상신고
2015050800100405,2015년 5월 8일 16시,금요일,전라남도 여수시 광무동,경상사고,0,0,1,0,차대차 - 측면직각충돌,안전거리미확보,건조,맑음,단일로 - 기타,원동기,남,68세,경상,승용,남,73세,상해없음
2015050800100484,2015년 5월 8일 18시,금요일,전라남도 순천시 왕지동,경상사고,0,0,2,0,차대차 - 기타,안전운전불이행,건조,맑음,단일로 - 기타,승용,여,35세,상해없음,승용,남,41세,상해없음
2015050800100533,2015년 5월 8일 19시,금요일,전라남도 여수시 웅천동,중상사고,0,1,2,0,차대차 - 측면직각충돌,신호위반,건조,맑음,교차로 - 교차로안,승용,여,60세,중상,승용,남,31세,경상
2015050800100534,2015년 5월 8일 19시,금요일,전라남도 나주시 공산면,경상사고,0,0,1,1,차대차 - 측면직각충돌,직진우회전진행방해,건조,맑음,교차로 - 교차로안,승용,남,45세,부상신고,화물,남,60세,경상
2015050800100535,2015년 5월 8일 19시,금요일,전라남도 화순군 화순읍,경상사고,0,0,1,0,차량단독 - 전도전복,안전운전불이행,건조,기타,단일로 - 기타,이륜,남,69세,경상,,,,
2015050800100536,2015년 5월 8일 19시,금요일,전라남도 광양시 중동,중상사고,0,1,0,1,차대차 - 측면직각충돌,교차로운행방법위반,건조,맑음,교차로 - 교차로안,승용,남,32세,부상신고,승용,여,62세,중상
2015050800100589,2015년 5월 8일 20시,금요일,전라남도 목포시 산정동,부상신고사고,0,0,0,1,차대차 - 추돌 - 주정차중,안전운전불이행,건조,맑음,기타 - 기타,자전거,남,19세,부상신고,승용,여,35세,기타불명
2015050800100680,2015년 5월 8일 23시,금요일,전라남도 목포시 상동,경상사고,0,0,2,0,차대차 - 추돌 - 진행중,안전운전불이행,건조,맑음,교차로 - 교차로부근,승용,남,39세,상해없음,승용,남,55세,경상
2015050900100015,2015년 5월 9일 00시,토요일,전라남도 순천시 조례동,경상사고,0,0,1,0,차대사람 - 횡단중,안전운전불이행,습기,비,기타 - 기타,승용,남,59세,상해없음,보행자,남,27세,경상
2015050900100069,2015년 5월 9일 04시,토요일,전라남도 순천시 별량면,사망사고,1,1,1,0,차량단독 - 전도전복,안전운전불이행,습기,비,단일로 - 기타,승합,남,61세,경상,,,,
2015050900100079,2015년 5월 9일 05시,토요일,전라남도 해남군 송지면,경상사고,0,0,2,0,차대차 - 측면직각충돌,안전운전불이행,건조,맑음,교차로 - 교차로안,화물,남,50세,경상,승용,남,54세,경상
2015050900100111,2015년 5월 9일 07시,토요일,전라남도 순천시 가곡동,경상사고,0,0,2,0,차대차 - 추돌 - 진행중,안전운전불이행,건조,맑음,교차로 - 교차로부근,화물,남,22세,상해없음,승합,남,36세,경상
2015050900100112,2015년 5월 9일 07시,토요일,전라남도 담양군 담양읍,경상사고,0,0,1,0,차대차 - 정면충돌,교차로운행방법위반,습기,맑음,교차로 - 교차로안,화물,남,19세,상해없음,승용,남,49세,경상
2015050900100133,2015년 5월 9일 08시,토요일,전라남도 순천시 조례동,경상사고,0,0,1,0,차대차 - 기타,안전운전불이행,건조,맑음,단일로 - 기타,승용,남,72세,상해없음,승용,남,30세,경상
2015050900100134,2015년 5월 9일 08시,토요일,전라남도 보성군 미력면,경상사고,0,0,1,0,차대차 - 측면직각충돌,안전운전불이행,건조,맑음,교차로 - 교차로부근,농기계,남,69세,상해없음,화물,남,36세,상해없음
2015050900100135,2015년 5월 9일 08시,토요일,전라남도 화순군 화순읍,경상사고,0,0,1,0,차대사람 - 기타,안전운전불이행,건조,맑음,단일로 - 기타,승용,남,46세,상해없음,보행자,남,43세,경상
2015050900100136,2015년 5월 9일 08시,토요일,전라남도 영암군 삼호읍,경상사고,0,0,2,0,차대차 - 측면직각충돌,안전운전불이행,건조,맑음,단일로 - 기타,승용,남,57세,경상,화물,남,27세,경상
2015050900100166,2015년 5월 9일 09시,토요일,전라남도 목포시 남교동,경상사고,0,0,1,0,차대차 - 추돌 - 주정차중,안전운전불이행,건조,맑음,기타 - 기타,승용,남,47세,상해없음,화물,남,48세,경상
2015050900100167,2015년 5월 9일 09시,토요일,전라남도 목포시 옥암동,경상사고,0,0,1,0,차대차 - 기타,안전운전불이행,건조,맑음,기타 - 기타,승용,남,50세,상해없음,승용,여,33세,경상
2015050900100168,2015년 5월 9일 09시,토요일,전라남도 강진군 강진읍,중상사고,0,1,1,0,차대차 - 측면직각충돌,직진우회전진행방해,건조,맑음,교차로 - 교차로안,화물,남,54세,상해없음,승용,남,72세,중상
2015050900100197,2015년 5월 9일 10시,토요일,전라남도 곡성군 곡성읍,중상사고,0,1,0,0,차대사람 - 보도통행중,안전운전불이행,건조,맑음,교차로 - 교차로안,승용,여,49세,상해없음,보행자,여,81세,중상
2015050900100235,2015년 5월 9일 11시,토요일,전라남도 여수시 화장동,경상사고,0,0,4,0,차대차 - 추돌 - 진행중,안전운전불이행,건조,맑음,단일로 - 기타,승용,남,33세,상해없음,승용,남,60세,경상
2015050900100236,2015년 5월 9일 11시,토요일,전라남도 나주시 금천면,경상사고,0,0,2,0,차대차 - 추돌 - 진행중,안전운전불이행,건조,맑음,단일로 - 기타,승용,여,56세,경상,특수,남,53세,상해없음
2015050900100276,2015년 5월 9일 12시,토요일,전라남도 목포시 산정동,경상사고,0,0,1,0,차대차 - 기타,교차로운행방법위반,건조,맑음,교차로 - 교차로안,승용,남,44세,상해없음,자전거,여,58세,경상
2015050900100277,2015년 5월 9일 12시,토요일,전라남도 나주시 이창동,경상사고,0,0,4,0,차대차 - 측면직각충돌,직진우회전진행방해,건조,맑음,교차로 - 교차로안,승합,여,35세,경상,화물,남,44세,경상
2015050900100325,2015년 5월 9일 13시,토요일,전라남도 화순군 청풍면,중상사고,0,1,2,0,차대차 - 정면충돌,중앙선침범,건조,맑음,단일로 - 기타,승용,남,26세,경상,승용,남,48세,경상
2015050900100370,2015년 5월 9일 14시,토요일,전라남도 목포시 상동,경상사고,0,0,1,0,차대차 - 기타,안전운전불이행,건조,맑음,기타 - 기타,승용,여,34세,상해없음,승용,남,37세,경상
2015050900100371,2015년 5월 9일 14시,토요일,전라남도 순천시 조례동,중상사고,0,1,0,0,차대사람 - 횡단중,안전운전불이행,건조,맑음,단일로 - 기타,승용,남,67세,상해없음,보행자,여,8세,중상
2015050900100372,2015년 5월 9일 14시,토요일,전라남도 순천시 조곡동,중상사고,0,1,0,0,차량단독 - 기타,안전운전불이행,건조,맑음,단일로 - 기타,승합,남,58세,상해없음,,,,
2015050900100373,2015년 5월 9일 14시,토요일,전라남도 영광군 법성면,중상사고,0,1,0,0,차대사람 - 횡단중,안전운전불이행,건조,맑음,교차로 - 교차로안,승용,여,48세,상해없음,보행자,남,90세 이상,상해없음
2015050900100374,2015년 5월 9일 14시,토요일,전라남도 함평군 함평읍,중상사고,0,1,0,0,차대사람 - 기타,안전운전불이행,건조,맑음,단일로 - 기타,화물,남,64세,상해없음,보행자,남,65세,중상
2015050900100402,2015년 5월 9일 15시,토요일,전라남도 해남군 옥천면,경상사고,0,0,3,0,차대차 - 기타,직진우회전진행방해,건조,맑음,교차로 - 교차로안,승용,남,56세,상해없음,승용,남,79세,경상
2015050900100446,2015년 5월 9일 16시,토요일,전라남도 순천시 연향동,경상사고,0,0,1,0,차대차 - 기타,안전운전불이행,건조,맑음,교차로 - 교차로부근,승용,남,31세,상해없음,승용,남,33세,상해없음
2015050900100447,2015년 5월 9일 16시,토요일,전라남도 해남군 문내면,경상사고,0,0,1,0,차대차 - 기타,신호위반,건조,맑음,교차로 - 교차로안,화물,남,60세,상해없음,승용,남,35세,경상
2015050900100494,2015년 5월 9일 17시,토요일,전라남도 목포시 산정동,경상사고,0,0,2,0,차대차 - 기타,안전운전불이행,건조,맑음,교차로 - 교차로안,이륜,남,18세,경상,이륜,남,19세,경상
2015050900100495,2015년 5월 9일 17시,토요일,전라남도 여수시 여서동,경상사고,0,0,4,0,차대차 - 측면직각충돌,교차로운행방법위반,건조,맑음,교차로 - 교차로안,승용,남,31세,상해없음,승합,남,58세,경상
2015050900100496,2015년 5월 9일 17시,토요일,전라남도 해남군 산이면,중상사고,0,1,0,0,차량단독 - 전도전복,안전운전불이행,건조,맑음,기타 - 기타,원동기,여,70세,중상,,,,
2015050900100539,2015년 5월 9일 18시,토요일,전라남도 순천시 중앙동,중상사고,0,1,0,0,차대사람 - 횡단중,안전운전불이행,건조,맑음,단일로 - 기타,이륜,남,29세,중상,보행자,남,66세,상해없음
2015050900100540,2015년 5월 9일 18시,토요일,전라남도 보성군 조성면,중상사고,0,2,0,0,차대차 - 측면직각충돌,안전운전불이행,건조,맑음,교차로 - 교차로안,농기계,남,72세,중상,승용,여,45세,상해없음
2015050900100541,2015년 5월 9일 18시,토요일,전라남도 영광군 영광읍,경상사고,0,0,1,0,차대차 - 측면직각충돌,안전운전불이행,건조,맑음,교차로 - 교차로안,승용,남,34세,상해없음,승용,남,36세,경상
2015050900100569,2015년 5월 9일 19시,토요일,전라남도 광양시 중동,경상사고,0,0,1,0,차대차 - 추돌 - 진행중,안전운전불이행,건조,맑음,교차로 - 교차로부근,승용,남,53세,상해없음,승용,여,55세,경상
2015050900100611,2015년 5월 9일 20시,토요일,전라남도 목포시 연산동,경상사고,0,0,1,0,차대차 - 기타,안전운전불이행,건조,맑음,교차로 - 교차로안,승용,남,46세,기타불명,승용,남,49세,경상
2015050900100612,2015년 5월 9일 20시,토요일,전라남도 장흥군 장흥읍,중상사고,0,1,0,0,차대차 - 측면직각충돌,안전운전불이행,건조,맑음,교차로 - 교차로안,승용,남,78세,상해없음,원동기,여,55세,중상
2015050900100654,2015년 5월 9일 21시,토요일,전라남도 담양군 담양읍,경상사고,0,0,1,0,차대차 - 측면직각충돌,안전운전불이행,건조,맑음,교차로 - 교차로안,승용,남,29세,상해없음,승용,여,49세,경상
2015050900100686,2015년 5월 9일 22시,토요일,전라남도 목포시 옥암동,경상사고,0,0,3,0,차대차 - 측면직각충돌,직진우회전진행방해,건조,맑음,교차로 - 교차로안,승용,남,25세,경상,승용,남,43세,경상
2015050900100687,2015년 5월 9일 22시,토요일,전라남도 목포시 상동,경상사고,0,0,1,0,차대차 - 기타,안전운전불이행,건조,맑음,기타 - 기타,이륜,남,16세,경상,승용,남,52세,상해없음
2015051000100065,2015년 5월 10일 03시,일요일,전라남도 목포시 산정동,경상사고,0,0,2,0,차대차 - 측면직각충돌,안전운전불이행,건조,맑음,교차로 - 교차로안,승용,남,29세,경상,승용,남,50세,경상
2015051000100124,2015년 5월 10일 08시,일요일,전라남도 순천시 가곡동,중상사고,0,1,0,1,차대사람 - 기타,안전운전불이행,건조,맑음,단일로 - 기타,승용,남,52세,부상신고,보행자,남,73세,중상
2015051000100125,2015년 5월 10일 08시,일요일,전라남도 보성군 미력면,경상사고,0,0,1,0,차대차 - 측면직각충돌,안전운전불이행,건조,맑음,단일로 - 기타,승용,남,45세,상해없음,승합,남,51세,경상
2015051000100126,2015년 5월 10일 08시,일요일,전라남도 함평군 해보면,경상사고,0,0,2,0,차대차 - 측면직각충돌,교차로운행방법위반,건조,맑음,교차로 - 교차로안,화물,남,68세,경상,승합,남,40세,경상
2015051000100148,2015년 5월 10일 09시,일요일,전라남도 순천시 조례동,경상사고,0,0,1,0,차대차 - 측면직각충돌,신호위반,건조,맑음,교차로 - 교차로안,승용,남,74세,상해없음,승용,남,52세,경상
2015051000100149,2015년 5월 10일 09시,일요일,전라남도 무안군 일로읍,경상사고,0,0,1,0,차대차 - 기타,안전운전불이행,건조,맑음,단일로 - 기타,승용,남,73세,상해없음,화물,남,47세,상해없음
2015051000100150,2015년 5월 10일 09시,일요일,전라남도 무안군 삼향읍,중상사고,0,1,3,0,차대차 - 측면직각충돌,직진우회전진행방해,건조,맑음,교차로 - 교차로부근,승용,남,68세,경상,승용,남,32세,경상
2015051000100169,2015년 5월 10일 10시,일요일,전라남도 담양군 담양읍,경상사고,0,0,1,0,차대차 - 기타,직진우회전진행방해,건조,맑음,교차로 - 교차로안,원동기,남,68세,경상,승용,여,47세,상해없음
2015051000100170,2015년 5월 10일 10시,일요일,전라남도 곡성군 석곡면,경상사고,0,0,1,0,차대차 - 기타,안전운전불이행,건조,맑음,단일로 - 기타,자전거,여,55세,경상,화물,남,67세,상해없음
2015051000100203,2015년 5월 10일 11시,일요일,전라남도 목포시 옥암동,경상사고,0,0,1,0,차대차 - 기타,안전운전불이행,건조,맑음,교차로 - 교차로안,승용,남,29세,상해없음,이륜,남,35세,경상
2015051000100204,2015년 5월 10일 11시,일요일,전라남도 목포시 산정동,경상사고,0,0,1,0,차대차 - 추돌 - 주정차중,안전운전불이행,건조,맑음,교차로 - 교차로부근,승용,남,66세,상해없음,승용,남,52세,경상
2015051000100234,2015년 5월 10일 12시,일요일,전라남도 담양군 창평면,경상사고,0,0,4,0,차대차 - 기타,중앙선침범,건조,맑음,단일로 - 기타,승용,여,37세,상해없음,승용,여,25세,경상
2015051000100302,2015년 5월 10일 14시,일요일,전라남도 여수시 서교동,중상사고,0,1,1,0,차대차 - 추돌 - 진행중,안전운전불이행,건조,맑음,교차로 - 교차로안,승용,여,55세,기타불명,승합,남,60세,경상
2015051000100303,2015년 5월 10일 14시,일요일,전라남도 영광군 영광읍,중상사고,0,4,2,0,차대차 - 측면직각충돌,중앙선침범,건조,맑음,단일로 - 기타,승용,남,56세,상해없음,승용,여,44세,중상
2015051000100343,2015년 5월 10일 15시,일요일,전라남도 여수시 선원동,경상사고,0,0,2,0,차대차 - 추돌 - 진행중,안전운전불이행,건조,맑음,단일로 - 교량,승용,남,22세,상해없음,승용,남,33세,경상
2015051000100344,2015년 5월 10일 15시,일요일,전라남도 여수시 화장동,경상사고,0,0,5,0,차대차 - 정면충돌,안전운전불이행,건조,맑음,교차로 - 교차로안,승용,여,37세,상해없음,승용,남,58세,경상
2015051000100345,2015년 5월 10일 15시,일요일,전라남도 영암군 군서면,중상사고,0,1,0,0,차대차 - 기타,직진우회전진행방해,기타,맑음,기타 - 기타,화물,남,32세,상해없음,이륜,여,60세,중상
2015051000100375,2015년 5월 10일 16시,일요일,전라남도 신안군 압해읍,중상사고,0,2,0,0,차대차 - 정면충돌,중앙선침범,건조,맑음,단일로 - 기타,화물,남,40세,상해없음,화물,남,55세,중상
2015051000100376,2015년 5월 10일 16시,일요일,전라남도 여수시 종화동,중상사고,0,1,0,0,차대사람 - 횡단중,안전운전불이행,건조,맑음,기타 - 기타,승용,남,40세,상해없음,보행자,남,7세,중상
2015051000100421,2015년 5월 10일 17시,일요일,전라남도 목포시 산정동,경상사고,0,0,1,0,차대차 - 측면직각충돌,교차로운행방법위반,건조,맑음,교차로 - 교차로안,이륜,남,17세,경상,승용,남,45세,상해없음
2015051000100422,2015년 5월 10일 17시,일요일,전라남도 보성군 벌교읍,경상사고,0,0,2,0,차대차 - 정면충돌,중앙선침범,건조,맑음,단일로 - 기타,승용,남,58세,상해없음,승용,남,36세,경상
2015051000100423,2015년 5월 10일 17시,일요일,전라남도 장성군 동화면,중상사고,0,1,1,0,차대차 - 정면충돌,중앙선침범,건조,흐림,단일로 - 기타,화물,남,50세,경상,승용,여,56세,중상
2015051000100424,2015년 5월 10일 17시,일요일,전라남도 곡성군 옥과면,경상사고,0,0,1,0,차대사람 - 기타,안전운전불이행,건조,맑음,단일로 - 기타,승합,남,71세,상해없음,보행자,남,5세,경상
2015051000100451,2015년 5월 10일 18시,일요일,전라남도 목포시 산정동,경상사고,0,0,1,0,차대차 - 정면충돌,중앙선침범,건조,맑음,교차로 - 교차로안,승용,남,48세,상해없음,승용,남,54세,경상
2015051000100452,2015년 5월 10일 18시,일요일,전라남도 순천시 생목동,경상사고,0,0,2,0,차대차 - 기타,안전거리미확보,건조,맑음,교차로 - 교차로부근,화물,남,56세,상해없음,승용,남,53세,경상
2015051000100453,2015년 5월 10일 18시,일요일,전라남도 영암군 삼호읍,경상사고,0,0,1,0,차대차 - 기타,안전운전불이행,건조,맑음,교차로 - 교차로안,승용,남,32세,상해없음,승용,남,52세,경상
2015051000100493,2015년 5월 10일 19시,일요일,전라남도 목포시 옥암동,경상사고,0,0,2,1,차대차 - 측면직각충돌,중앙선침범,건조,맑음,단일로 - 기타,이륜,남,30세,경상,승용,남,36세,상해없음
2015051000100494,2015년 5월 10일 19시,일요일,전라남도 순천시 조례동,경상사고,0,0,1,0,차대차 - 기타,안전운전불이행,건조,맑음,교차로 - 교차로부근,승용,여,53세,상해없음,승용,남,43세,경상
2015051000100495,2015년 5월 10일 19시,일요일,전라남도 광양시 마동,경상사고,0,0,1,0,차대차 - 측면직각충돌,안전운전불이행,건조,맑음,단일로 - 기타,승용,남,67세,상해없음,승용,여,42세,경상
2015051000100522,2015년 5월 10일 20시,일요일,전라남도 해남군 화원면,경상사고,0,0,1,0,차대사람 - 횡단중,신호위반,건조,맑음,단일로 - 횡단보도상,승용,남,67세,상해없음,보행자,남,53세,경상
2015051000100523,2015년 5월 10일 20시,일요일,전라남도 함평군 함평읍,경상사고,0,0,2,0,차대차 - 측면직각충돌,안전거리미확보,건조,맑음,단일로 - 기타,승용,여,46세,경상,승용,남,19세,상해없음
2015051000100549,2015년 5월 10일 21시,일요일,전라남도 보성군 벌교읍,경상사고,0,0,1,0,차량단독 - 공작물충돌,안전운전불이행,건조,맑음,단일로 - 기타,승용,남,41세,경상,,,,
2015051100100010,2015년 5월 11일 00시,월요일,전라남도 여수시 웅천동,중상사고,0,2,0,0,차량단독 - 공작물충돌,안전운전불이행,건조,맑음,교차로 - 교차로부근,승용,남,25세,상해없음,,,,
2015051100100049,2015년 5월 11일 04시,월요일,전라남도 여수시 서교동,중상사고,0,1,0,0,차대사람 - 횡단중,안전운전불이행,건조,맑음,단일로 - 기타,승용,남,67세,상해없음,보행자,여,38세,중상
2015051100100131,2015년 5월 11일 08시,월요일,전라남도 순천시 생목동,경상사고,0,0,1,0,차대사람 - 기타,보행자보호의무위반,건조,맑음,단일로 - 횡단보도상,승용,남,36세,상해없음,보행자,여,23세,경상
2015051100100171,2015년 5월 11일 09시,월요일,전라남도 담양군 창평면,중상사고,0,1,2,0,차대차 - 측면직각충돌,직진우회전진행방해,건조,맑음,교차로 - 교차로부근,승용,여,40세,중상,화물,남,50세,경상
2015051100100172,2015년 5월 11일 09시,월요일,전라남도 광양시 도이동,경상사고,0,0,1,0,차대차 - 추돌 - 진행중,교차로운행방법위반,건조,맑음,교차로 - 교차로안,승용,여,56세,경상,화물,남,41세,상해없음
2015051100100209,2015년 5월 11일 10시,월요일,전라남도 순천시 덕암동,경상사고,0,0,4,0,차대차 - 기타,직진우회전진행방해,건조,맑음,교차로 - 교차로안,승용,여,64세,경상,승용,여,39세,경상
2015051100100210,2015년 5월 11일 10시,월요일,전라남도 광양시 중동,사망사고,1,0,0,0,차대차 - 측면직각충돌,신호위반,건조,흐림,교차로 - 교차로안,건설기계,남,48세,상해없음,승용,여,61세,사망
2015051100100245,2015년 5월 11일 11시,월요일,전라남도 순천시 해룡면,경상사고,0,0,1,0,차대차 - 기타,교차로운행방법위반,건조,맑음,교차로 - 교차로안,화물,남,60세,상해없음,승용,남,46세,경상
2015051100100277,2015년 5월 11일 12시,월요일,전라남도 여수시 신기동,경상사고,0,0,1,0,차대차 - 추돌 - 진행중,교차로운행방법위반,건조,맑음,교차로 - 교차로부근,승용,여,50세,상해없음,이륜,남,47세,경상
2015051100100278,2015년 5월 11일 12시,월요일,전라남도 광양시 광양읍,경상사고,0,0,1,0,차대차 - 추돌 - 진행중,안전운전불이행,건조,맑음,교차로 - 교차로부근,승용,여,51세,상해없음,승용,남,60세,경상
2015051100100305,2015년 5월 11일 13시,월요일,전라남도 광양시 광양읍,경상사고,0,0,2,0,차대차 - 추돌 - 진행중,안전운전불이행,습기,비,교차로 - 교차로부근,승용,여,33세,상해없음,승용,여,32세,경상
2015051100100349,2015년 5월 11일 14시,월요일,전라남도 장성군 장성읍,중상사고,0,1,1,0,차대차 - 추돌 - 진행중,안전운전불이행,건조,맑음,단일로 - 기타,승용,여,54세,상해없음,화물,여,59세,상해없음
2015051100100350,2015년 5월 11일 14시,월요일,전라남도 광양시 옥곡면,중상사고,0,1,2,0,차대차 - 정면충돌,중앙선침범,습기,비,단일로 - 기타,승용,여,49세,경상,승용,남,63세,경상
2015051100100385,2015년 5월 11일 15시,월요일,전라남도 여수시 신기동,중상사고,0,1,1,0,차대차 - 측면직각충돌,교차로운행방법위반,습기,비,교차로 - 교차로부근,이륜,남,76세,중상,승용,남,51세,상해없음
2015051100100467,2015년 5월 11일 17시,월요일,전라남도 화순군 화순읍,경상사고,0,0,1,0,차대사람 - 기타,안전운전불이행,습기,비,단일로 - 기타,승용,남,53세,상해없음,보행자,여,12세,경상
2015051100100518,2015년 5월 11일 18시,월요일,전라남도 목포시 상동,경상사고,0,0,3,0,차대차 - 측면직각충돌,교차로운행방법위반,습기,비,교차로 - 교차로안,승용,남,50세,경상,승용,여,27세,경상
2015051100100572,2015년 5월 11일 19시,월요일,전라남도 여수시 선원동,경상사고,0,0,2,0,차대차 - 추돌 - 진행중,안전운전불이행,습기,비,교차로 - 교차로부근,승용,여,37세,상해없음,승용,여,26세,경상
2015051100100573,2015년 5월 11일 19시,월요일,전라남도 순천시 조례동,경상사고,0,0,2,0,차대차 - 기타,중앙선침범,습기,비,교차로 - 교차로부근,승용,남,42세,상해없음,승용,남,58세,경상
2015051100100640,2015년 5월 11일 20시,월요일,전라남도 장흥군 용산면,중상사고,0,1,0,0,차량단독 - 공작물충돌,안전운전불이행,건조,맑음,단일로 - 기타,승용,남,33세,중상,,,,
2015051100100641,2015년 5월 11일 20시,월요일,전라남도 영광군 홍농읍,중상사고,0,1,0,0,차대사람 - 횡단중,안전운전불이행,습기,비,단일로 - 기타,승용,여,56세,상해없음,보행자,여,56세,중상
2015051100100764,2015년 5월 11일 22시,월요일,전라남도 목포시 옥암동,경상사고,0,0,1,0,차대차 - 기타,안전운전불이행,습기,비,단일로 - 기타,승용,남,66세,상해없음,이륜,남,18세,경상
2015051100100765,2015년 5월 11일 22시,월요일,전라남도 여수시 둔덕동,경상사고,0,0,1,0,차대차 - 추돌 - 진행중,안전운전불이행,습기,비,교차로 - 교차로부근,승용,남,35세,상해없음,승용,남,48세,경상
2015051200100023,2015년 5월 12일 00시,화요일,전라남도 목포시 산정동,경상사고,0,0,4,0,차대차 - 추돌 - 주정차중,안전거리미확보,습기,비,단일로 - 기타,승용,여,44세,상해없음,승용,여,23세,경상
2015051200100052,2015년 5월 12일 01시,화요일,전라남도 여수시 학동,경상사고,0,0,1,0,차대차 - 추돌 - 진행중,안전운전불이행,건조,맑음,교차로 - 교차로안,승용,남,31세,상해없음,승용,여,43세,경상
2015051200100065,2015년 5월 12일 02시,화요일,전라남도 순천시 조례동,경상사고,0,0,3,0,차대차 - 기타,교차로운행방법위반,습기,비,교차로 - 교차로안,화물,여,54세,경상,승용,여,50세,경상
2015051200100066,2015년 5월 12일 02시,화요일,전라남도 담양군 고서면,경상사고,0,0,1,0,차량단독 - 기타,안전운전불이행,건조,맑음,단일로 - 기타,승용,여,25세,경상,,,,
2015051200100139,2015년 5월 12일 07시,화요일,전라남도 영암군 삼호읍,경상사고,0,0,1,0,차대차 - 측면직각충돌,신호위반,건조,맑음,교차로 - 교차로안,승용,남,45세,상해없음,승용,여,47세,경상
2015051200100172,2015년 5월 12일 08시,화요일,전라남도 순천시 덕월동,경상사고,0,0,1,0,차대차 - 추돌 - 주정차중,안전운전불이행,건조,맑음,교차로 - 교차로부근,승용,여,46세,상해없음,승용,여,47세,경상
2015051200100173,2015년 5월 12일 08시,화요일,전라남도 영암군 삼호읍,중상사고,0,2,2,0,차대차 - 측면직각충돌,직진우회전진행방해,건조,맑음,교차로 - 교차로안,승용,여,34세,경상,화물,여,48세,중상
2015051200100218,2015년 5월 12일 09시,화요일,전라남도 목포시 옥암동,경상사고,0,0,2,0,차대사람 - 횡단중,신호위반,건조,맑음,단일로 - 횡단보도상,화물,남,39세,상해없음,보행자,여,36세,경상
2015051200100249,2015년 5월 12일 10시,화요일,전라남도 목포시 용당동,부상신고사고,0,0,0,1,차대사람 - 기타,기타,건조,맑음,단일로 - 기타,기타불명,기타불명,기타불명,기타불명,보행자,남,15세,부상신고
2015051200100250,2015년 5월 12일 10시,화요일,전라남도 여수시 중흥동,중상사고,0,2,1,0,차대차 - 측면직각충돌,교차로운행방법위반,건조,맑음,교차로 - 교차로안,화물,남,47세,경상,화물,남,66세,중상
2015051200100283,2015년 5월 12일 11시,화요일,전라남도 영광군 영광읍,중상사고,0,1,0,0,차대사람 - 차도통행중,안전운전불이행,건조,맑음,단일로 - 기타,승합,남,59세,상해없음,보행자,여,80세,중상