사고번호,사고일시,요일,시군구,사고내용,사망자수,중상자수,경상자수,부상신고자수,사고유형,법규위반,노면상태,기상상태,도로형태,가해운전자 차종,가해운전자 성별,가해운전자 연령,가해운전자 상해정도,피해운전자 차종,피해운전자 성별,피해운전자 연령,피해운전자 상해정도
2015052400100006,2015년 5월 24일 00시,일요일,전라남도 광양시 중동,경상사고,0,0,1,0,차대차 - 기타,안전운전불이행,건조,맑음,기타 - 기타,승용,남,18세,상해없음,승용,남,27세,상해없음
2015052400100007,2015년 5월 24일 00시,일요일,전라남도 광양시 중동,경상사고,0,0,1,0,차대차 - 기타,교차로운행방법위반,건조,맑음,교차로 - 교차로안,승용,남,49세,상해없음,승용,여,47세,경상
2015052400100028,2015년 5월 24일 01시,일요일,전라남도 목포시 죽교동,중상사고,0,3,1,0,차대차 - 추돌 - 진행중,안전운전불이행,건조,맑음,기타 - 기타,승용,남,25세,상해없음,승용,남,50세,경상
2015052400100042,2015년 5월 24일 02시,일요일,전라남도 무안군 삼향읍,경상사고,0,0,1,0,차량단독 - 공작물충돌,안전운전불이행,건조,맑음,교차로 - 교차로부근,승용,남,41세,경상,,,,
2015052400100059,2015년 5월 24일 03시,일요일,전라남도 여수시 문수동,경상사고,0,0,3,0,차대차 - 추돌 - 진행중,안전운전불이행,건조,맑음,교차로 - 교차로부근,승용,남,27세,기타불명,승용,남,44세,경상
2015052400100060,2015년 5월 24일 03시,일요일,전라남도 순천시 장천동,중상사고,0,1,2,0,차대차 - 기타,신호위반,건조,맑음,교차로 - 교차로안,승용,남,51세,경상,승용,남,21세,경상
2015052400100061,2015년 5월 24일 03시,일요일,전라남도 순천시 별량면,사망사고,1,0,0,0,차대사람 - 기타,안전운전불이행,건조,맑음,단일로 - 기타,화물,남,43세,상해없음,보행자,남,53세,사망
2015052400100094,2015년 5월 24일 05시,일요일,전라남도 목포시 산정동,중상사고,0,1,0,0,차대사람 - 횡단중,신호위반,건조,기타,기타 - 기타,승용,남,68세,상해없음,보행자,여,58세,중상
2015052400100095,2015년 5월 24일 05시,일요일,전라남도 강진군 대구면,경상사고,0,0,1,0,차량단독 - 공작물충돌,안전운전불이행,건조,맑음,단일로 - 기타,화물,여,62세,경상,,,,
2015052400100121,2015년 5월 24일 07시,일요일,전라남도 무안군 청계면,중상사고,0,1,0,0,차대사람 - 보도통행중,안전운전불이행,건조,맑음,단일로 - 기타,승합,남,51세,상해없음,보행자,남,88세,중상
2015052400100143,2015년 5월 24일 08시,일요일,전라남도 나주시 공산면,경상사고,0,0,1,0,차량단독 - 기타,안전운전불이행,건조,맑음,단일로 - 기타,자전거,남,69세,경상,,,,
2015052400100144,2015년 5월 24일 08시,일요일,전라남도 나주시 금천면,경상사고,0,0,1,0,차대차 - 기타,안전운전불이행,건조,맑음,교차로 - 교차로안,승용,남,70세,상해없음,자전거,남,53세,경상
2015052400100165,2015년 5월 24일 09시,일요일,전라남도 순천시 해룡면,경상사고,0,0,1,0,차대사람 - 기타,안전운전불이행,건조,맑음,단일로 - 기타,승용,여,41세,상해없음,보행자,여,43세,경상
2015052400100166,2015년 5월 24일 09시,일요일,전라남도 함평군 월야면,경상사고,0,0,2,0,차대차 - 정면충돌,안전운전불이행,건조,맑음,교차로 - 교차로안,승용,남,41세,상해없음,승용,남,64세,경상
2015052400100167,2015년 5월 24일 09시,일요일,전라남도 강진군 군동면,중상사고,0,2,3,0,차대차 - 측면직각충돌,중앙선침범,건조,맑음,단일로 - 기타,화물,여,56세,상해없음,승용,남,67세,경상
2015052400100168,2015년 5월 24일 09시,일요일,전라남도 담양군 월산면,중상사고,0,1,0,0,차량단독 - 도로외이탈 - 추락,안전운전불이행,건조,맑음,단일로 - 기타,농기계,남,63세,중상,,,,
2015052400100189,2015년 5월 24일 10시,일요일,전라남도 목포시 상동,경상사고,0,0,1,0,차대사람 - 기타,안전운전불이행,건조,맑음,기타 - 기타,승용,남,63세,상해없음,보행자,여,59세,경상
2015052400100190,2015년 5월 24일 10시,일요일,전라남도 해남군 해남읍,경상사고,0,0,1,0,차대사람 - 기타,안전운전불이행,건조,맑음,단일로 - 기타,화물,남,65세,기타불명,보행자,여,63세,경상
2015052400100215,2015년 5월 24일 11시,일요일,전라남도 순천시 장천동,중상사고,0,1,0,0,차대사람 - 횡단중,안전운전불이행,건조,맑음,단일로 - 횡단보도부근,승용,남,55세,상해없음,보행자,여,30세,중상
2015052400100241,2015년 5월 24일 12시,일요일,전라남도 신안군 지도읍,중상사고,0,2,0,0,차대차 - 추돌 - 진행중,안전운전불이행,건조,맑음,기타 - 기타,승용,여,47세,중상,화물,남,50세,중상
2015052400100266,2015년 5월 24일 13시,일요일,전라남도 담양군 무정면,경상사고,0,0,6,0,차대차 - 추돌 - 진행중,안전운전불이행,건조,맑음,단일로 - 기타,화물,남,57세,상해없음,승용,남,31세,경상
2015052400100333,2015년 5월 24일 15시,일요일,전라남도 장성군 황룡면,중상사고,0,1,0,0,차량단독 - 기타,안전운전불이행,건조,맑음,단일로 - 기타,자전거,남,68세,중상,,,,
2015052400100334,2015년 5월 24일 15시,일요일,전라남도 담양군 무정면,경상사고,0,0,6,0,차대차 - 측면직각충돌,안전운전불이행,건조,맑음,단일로 - 기타,승용,남,18세,상해없음,승용,남,43세,경상
2015052400100369,2015년 5월 24일 16시,일요일,전라남도 여수시 돌산읍,경상사고,0,0,1,0,차대사람 - 길가장자리구역통행중,안전운전불이행,건조,맑음,단일로 - 기타,승용,여,44세,상해없음,보행자,여,30세,경상
2015052400100370,2015년 5월 24일 16시,일요일,전라남도 해남군 해남읍,경상사고,0,0,1,0,차대차 - 측면직각충돌,직진우회전진행방해,건조,맑음,교차로 - 교차로안,승용,남,59세,상해없음,승용,여,46세,경상
2015052400100404,2015년 5월 24일 17시,일요일,전라남도 여수시 소라면,중상사고,0,1,11,0,차대차 - 추돌 - 진행중,안전거리미확보,건조,맑음,단일로 - 터널,승용,여,40세,경상,승용,남,27세,경상
2015052400100405,2015년 5월 24일 17시,일요일,전라남도 영암군 삼호읍,경상사고,0,0,3,0,차대차 - 측면직각충돌,신호위반,건조,맑음,교차로 - 교차로안,승용,남,44세,상해없음,승용,남,46세,경상
2015052400100406,2015년 5월 24일 17시,일요일,전라남도 담양군 담양읍,중상사고,0,1,0,0,차대차 - 측면직각충돌,신호위반,건조,맑음,교차로 - 교차로안,승용,남,32세,상해없음,승용,남,54세,상해없음
2015052400100407,2015년 5월 24일 17시,일요일,전라남도 곡성군 오곡면,경상사고,0,0,2,0,차대차 - 정면충돌,중앙선침범,건조,맑음,단일로 - 기타,승용,남,41세,상해없음,승용,남,56세,경상
2015052400100446,2015년 5월 24일 18시,일요일,전라남도 목포시 옥암동,중상사고,0,1,0,0,차대사람 - 차도통행중,안전운전불이행,건조,맑음,기타 - 기타,승용,남,44세,상해없음,보행자,남,37세,중상
2015052400100447,2015년 5월 24일 18시,일요일,전라남도 나주시 공산면,경상사고,0,0,1,0,차대차 - 측면직각충돌,안전운전불이행,건조,맑음,단일로 - 교량,승용,여,45세,상해없음,원동기,여,62세,경상
2015052400100468,2015년 5월 24일 19시,일요일,전라남도 여수시 서교동,경상사고,0,0,2,0,차대사람 - 횡단중,신호위반,건조,맑음,단일로 - 횡단보도상,이륜,남,52세,상해없음,보행자,남,38세,경상
2015052400100469,2015년 5월 24일 19시,일요일,전라남도 영암군 시종면,경상사고,0,0,2,0,차대차 - 기타,안전운전불이행,건조,맑음,단일로 - 기타,화물,남,54세,상해없음,승용,남,66세,경상
2015052400100497,2015년 5월 24일 20시,일요일,전라남도 순천시 연향동,경상사고,0,0,2,0,차대차 - 기타,안전운전불이행,건조,맑음,단일로 - 기타,원동기,남,16세,경상,승용,여,36세,경상
2015052400100530,2015년 5월 24일 21시,일요일,전라남도 목포시 산정동,경상사고,0,0,2,0,차대차 - 기타,안전운전불이행,건조,맑음,교차로 - 교차로안,승용,남,27세,상해없음,승용,여,53세,경상
2015052400100531,2015년 5월 24일 21시,일요일,전라남도 여수시 종화동,경상사고,0,0,1,0,차대사람 - 보도통행중,안전운전불이행,건조,맑음,단일로 - 기타,승용,남,33세,상해없음,보행자,남,7세,경상
2015052400100551,2015년 5월 24일 22시,일요일,전라남도 여수시 안산동,중상사고,0,1,0,0,차대사람 - 횡단중,신호위반,건조,맑음,교차로 - 교차로안,승용,남,61세,상해없음,보행자,여,29세,중상
2015052400100552,2015년 5월 24일 22시,일요일,전라남도 나주시 남평읍,경상사고,0,0,5,0,차대차 - 측면직각충돌,안전운전불이행,건조,맑음,교차로 - 교차로안,승용,남,59세,상해없음,승용,여,37세,경상
2015052400100553,2015년 5월 24일 22시,일요일,전라남도 영암군 덕진면,사망사고,1,0,0,0,차대사람 - 횡단중,안전운전불이행,건조,맑음,단일로 - 기타,승합,남,39세,상해없음,보행자,남,46세,사망
2015052400100579,2015년 5월 24일 23시,일요일,전라남도 순천시 해룡면,경상사고,0,0,1,0,차대차 - 기타,신호위반,건조,맑음,교차로 - 교차로부근,이륜,남,17세,상해없음,승용,여,23세,경상
2015052500100010,2015년 5월 25일 00시,월요일,전라남도 목포시 상동,중상사고,0,1,0,0,차대차 - 측면직각충돌,안전운전불이행,건조,맑음,교차로 - 교차로안,이륜,남,18세,중상,승용,남,23세,상해없음
2015052500100044,2015년 5월 25일 02시,월요일,전라남도 광양시 광양읍,중상사고,0,1,0,0,차대차 - 측면직각충돌,직진우회전진행방해,건조,맑음,교차로 - 교차로안,승용,남,25세,상해없음,이륜,남,18세,중상
2015052500100126,2015년 5월 25일 08시,월요일,전라남도 여수시 돌산읍,경상사고,0,0,1,0,차대차 - 측면직각충돌,불법유턴,건조,맑음,교차로 - 교차로안,승용,남,63세,상해없음,승용,여,43세,경상
2015052500100127,2015년 5월 25일 08시,월요일,전라남도 광양시 도이동,중상사고,0,1,0,0,차대차 - 측면직각충돌,교차로운행방법위반,건조,맑음,교차로 - 교차로안,승용,남,33세,중상,특수,남,56세,상해없음
2015052500100207,2015년 5월 25일 11시,월요일,전라남도 목포시 산정동,경상사고,0,0,3,0,차대차 - 추돌 - 주정차중,안전운전불이행,건조,맑음,교차로 - 교차로부근,승합,남,49세,상해없음,승용,여,58세,경상
2015052500100208,2015년 5월 25일 11시,월요일,전라남도 보성군 벌교읍,중상사고,0,1,2,0,차대차 - 측면직각충돌,안전운전불이행,건조,맑음,교차로 - 교차로안,승용,여,55세,경상,승용,남,41세,경상
2015052500100253,2015년 5월 25일 13시,월요일,전라남도 보성군 벌교읍,중상사고,0,3,0,0,차대차 - 측면직각충돌,직진우회전진행방해,건조,맑음,교차로 - 교차로안,승용,여,62세,중상,건설기계,남,55세,중상
2015052500100299,2015년 5월 25일 14시,월요일,전라남도 순천시 연향동,경상사고,0,0,1,0,차대차 - 기타,교차로운행방법위반,건조,맑음,교차로 - 교차로안,승용,남,49세,상해없음,자전거,남,11세,경상
2015052500100300,2015년 5월 25일 14시,월요일,전라남도 강진군 도암면,중상사고,0,1,0,0,차대사람 - 기타,안전운전불이행,건조,맑음,단일로 - 기타,승용,남,48세,상해없음,보행자,여,80세,중상
2015052500100338,2015년 5월 25일 15시,월요일,전라남도 여수시 학동,경상사고,0,0,1,0,차대사람 - 횡단중,안전운전불이행,건조,맑음,단일로 - 기타,승용,여,48세,상해없음,보행자,남,6세,경상
2015052500100339,2015년 5월 25일 15시,월요일,전라남도 고흥군 과역면,경상사고,0,0,1,0,차대차 - 정면충돌,중앙선침범,건조,맑음,교차로 - 교차로부근,승용,남,49세,상해없음,이륜,남,76세,경상
2015052500100340,2015년 5월 25일 15시,월요일,전라남도 광양시 광양읍,경상사고,0,0,2,0,차대차 - 측면직각충돌,교차로운행방법위반,건조,맑음,교차로 - 교차로안,승용,남,52세,상해없음,이륜,남,75세,경상
2015052500100420,2015년 5월 25일 17시,월요일,전라남도 목포시 상동,경상사고,0,0,1,0,차대차 - 기타,안전거리미확보,건조,맑음,단일로 - 기타,승용,남,28세,상해없음,이륜,남,17세,경상
2015052500100421,2015년 5월 25일 17시,월요일,전라남도 신안군 증도면,중상사고,0,2,6,1,차대차 - 측면직각충돌,중앙선침범,건조,맑음,단일로 - 기타,승합,남,61세,중상,승용,남,58세,부상신고
2015052500100422,2015년 5월 25일 17시,월요일,전라남도 여수시 중앙동,경상사고,0,0,1,0,차대차 - 추돌 - 주정차중,안전운전불이행,건조,맑음,단일로 - 기타,승용,여,45세,상해없음,승용,남,54세,경상
2015052500100423,2015년 5월 25일 17시,월요일,전라남도 장흥군 대덕읍,중상사고,0,1,0,0,차대차 - 추돌 - 진행중,안전운전불이행,건조,맑음,단일로 - 기타,화물,남,57세,상해없음,이륜,남,69세,중상
2015052500100424,2015년 5월 25일 17시,월요일,전라남도 영암군 삼호읍,경상사고,0,0,1,0,차대차 - 추돌 - 주정차중,안전운전불이행,건조,맑음,교차로 - 교차로부근,승용,남,34세,상해없음,승용,남,41세,경상
2015052500100463,2015년 5월 25일 18시,월요일,전라남도 영암군 영암읍,경상사고,0,0,1,0,차대차 - 측면직각충돌,안전운전불이행,건조,맑음,단일로 - 기타,자전거,남,12세,경상,농기계,남,69세,상해없음
2015052500100515,2015년 5월 25일 20시,월요일,전라남도 담양군 담양읍,중상사고,0,1,2,0,차대차 - 기타,중앙선침범,건조,맑음,교차로 - 교차로부근,화물,남,52세,상해없음,화물,남,26세,중상
2015052500100572,2015년 5월 25일 22시,월요일,전라남도 목포시 상동,경상사고,0,0,4,0,차대차 - 기타,안전거리미확보,건조,맑음,교차로 - 교차로안,승용,남,25세,상해없음,승용,여,33세,경상
2015052600100006,2015년 5월 26일 00시,화요일,전라남도 고흥군 도양읍,경상사고,0,0,3,0,차대차 - 측면직각충돌,교차로운행방법위반,건조,맑음,교차로 - 교차로안,승용,남,53세,경상,화물,여,35세,경상
2015052600100007,2015년 5월 26일 00시,화요일,전라남도 해남군 삼산면,경상사고,0,0,3,0,차대차 - 기타,중앙선침범,건조,맑음,교차로 - 교차로부근,화물,여,55세,경상,화물,여,42세,경상
2015052600100094,2015년 5월 26일 07시,화요일,전라남도 여수시 만흥동,중상사고,0,1,0,0,차대사람 - 횡단중,안전운전불이행,건조,맑음,단일로 - 기타,승용,남,49세,상해없음,보행자,남,76세,중상
2015052600100095,2015년 5월 26일 07시,화요일,전라남도 고흥군 두원면,경상사고,0,0,1,0,차량단독 - 전도전복,안전운전불이행,건조,맑음,단일로 - 기타,화물,남,44세,경상,,,,
2015052600100128,2015년 5월 26일 08시,화요일,전라남도 목포시 죽교동,경상사고,0,0,1,0,차대차 - 기타,안전운전불이행,건조,맑음,교차로 - 교차로안,승용,남,67세,경상,승용,여,57세,기타불명
2015052600100164,2015년 5월 26일 09시,화요일,전라남도 목포시 죽교동,경상사고,0,0,2,0,차대차 - 기타,안전운전불이행,건조,맑음,교차로 - 교차로안,화물,남,57세,경상,승용,남,38세,경상
2015052600100165,2015년 5월 26일 09시,화요일,전라남도 목포시 산정동,중상사고,0,1,0,0,차대차 - 기타,안전운전불이행,건조,맑음,교차로 - 교차로부근,승합,남,67세,상해없음,자전거,여,52세,중상
2015052600100166,2015년 5월 26일 09시,화요일,전라남도 나주시 남평읍,경상사고,0,0,3,1,차대차 - 기타,안전운전불이행,건조,맑음,교차로 - 교차로안,승용,남,39세,경상,승용,남,59세,경상
2015052600100167,2015년 5월 26일 09시,화요일,전라남도 장흥군 장흥읍,경상사고,0,0,1,0,차대차 - 기타,신호위반,건조,맑음,교차로 - 교차로안,승용,여,46세,상해없음,농기계,남,65세,경상
2015052600100168,2015년 5월 26일 09시,화요일,전라남도 함평군 함평읍,경상사고,0,0,1,0,차대사람 - 길가장자리구역통행중,안전운전불이행,건조,맑음,단일로 - 기타,농기계,남,46세,상해없음,보행자,여,56세,경상
2015052600100206,2015년 5월 26일 10시,화요일,전라남도 여수시 신기동,경상사고,0,0,1,0,차대차 - 측면직각충돌,중앙선침범,건조,맑음,교차로 - 교차로안,승용,남,63세,상해없음,승용,남,52세,경상
2015052600100207,2015년 5월 26일 10시,화요일,전라남도 화순군 능주면,중상사고,0,3,0,0,차대차 - 측면직각충돌,직진우회전진행방해,건조,맑음,교차로 - 교차로안,승용,남,42세,상해없음,화물,남,78세,중상
2015052600100271,2015년 5월 26일 12시,화요일,전라남도 고흥군 금산면,경상사고,0,0,1,0,차대차 - 기타,안전운전불이행,건조,맑음,단일로 - 기타,이륜,남,57세,상해없음,화물,남,42세,상해없음
2015052600100272,2015년 5월 26일 12시,화요일,전라남도 강진군 강진읍,부상신고사고,0,0,0,1,차대사람 - 기타,안전운전불이행,건조,맑음,교차로 - 교차로안,승용,남,62세,상해없음,보행자,남,61세,부상신고
2015052600100353,2015년 5월 26일 14시,화요일,전라남도 신안군 도초면,중상사고,0,1,0,0,차량단독 - 기타,안전운전불이행,건조,맑음,교차로 - 교차로부근,농기계,남,73세,중상,,,,
2015052600100354,2015년 5월 26일 14시,화요일,전라남도 순천시 주암면,사망사고,3,1,0,0,차대차 - 기타,중앙선침범,건조,맑음,단일로 - 기타,승용,남,67세,사망,화물,남,56세,중상
2015052600100355,2015년 5월 26일 14시,화요일,전라남도 영암군 서호면,중상사고,0,1,0,0,차대사람 - 기타,안전운전불이행,건조,맑음,단일로 - 기타,승용,여,38세,상해없음,보행자,여,77세,중상
2015052600100382,2015년 5월 26일 15시,화요일,전라남도 담양군 수북면,경상사고,0,0,2,0,차대차 - 추돌 - 주정차중,안전운전불이행,건조,맑음,교차로 - 교차로부근,승용,남,67세,경상,승용,남,48세,경상
2015052600100435,2015년 5월 26일 16시,화요일,전라남도 신안군 지도읍,경상사고,0,0,1,0,차량단독 - 기타,기타,건조,맑음,단일로 - 기타,이륜,남,59세,경상,,,,
2015052600100436,2015년 5월 26일 16시,화요일,전라남도 여수시 신월동,경상사고,0,0,1,0,차대차 - 추돌 - 진행중,안전운전불이행,건조,맑음,교차로 - 교차로부근,승용,남,55세,상해없음,승용,여,52세,경상
2015052600100437,2015년 5월 26일 16시,화요일,전라남도 진도군 군내면,경상사고,0,0,3,0,차대차 - 추돌 - 진행중,안전운전불이행,건조,맑음,교차로 - 교차로부근,승용,여,50세,경상,승용,남,70세,경상
2015052600100559,2015년 5월 26일 18시,화요일,전라남도 순천시 해룡면,경상사고,0,0,4,0,차대차 - 기타,안전운전불이행,건조,맑음,단일로 - 기타,화물,남,37세,상해없음,승용,남,56세,경상
2015052600100560,2015년 5월 26일 18시,화요일,전라남도 고흥군 풍양면,경상사고,0,0,1,0,차대차 - 기타,안전운전불이행,건조,맑음,교차로 - 교차로안,승용,남,51세,상해없음,농기계,남,56세,경상
2015052600100561,2015년 5월 26일 18시,화요일,전라남도 보성군 보성읍,경상사고,0,0,2,0,차대차 - 측면직각충돌,중앙선침범,건조,맑음,교차로 - 교차로부근,건설기계,남,58세,상해없음,화물,남,29세,경상
2015052600100598,2015년 5월 26일 19시,화요일,전라남도 순천시 해룡면,경상사고,0,0,2,0,차대차 - 기타,안전거리미확보,건조,맑음,교차로 - 교차로부근,화물,남,44세,상해없음,승용,여,31세,경상
2015052700100014,2015년 5월 27일 00시,수요일,전라남도 목포시 옥암동,경상사고,0,0,1,0,차대차 - 기타,안전운전불이행,건조,맑음,단일로 - 기타,승용,남,57세,상해없음,승용,남,35세,상해없음
2015052700100015,2015년 5월 27일 00시,수요일,전라남도 나주시 다시면,사망사고,1,1,1,0,차대차 - 정면충돌,중앙선침범,건조,맑음,단일로 - 기타,승용,남,28세,중상,승용,여,19세,사망
2015052700100016,2015년 5월 27일 00시,수요일,전라남도 무안군 삼향읍,중상사고,0,1,2,0,차대차 - 측면직각충돌,교차로운행방법위반,건조,맑음,교차로 - 교차로안,승용,남,21세,경상,승합,남,28세,중상
2015052700100025,2015년 5월 27일 01시,수요일,전라남도 화순군 화순읍,경상사고,0,0,2,0,차대차 - 측면직각충돌,안전운전불이행,건조,맑음,교차로 - 교차로안,승용,남,27세,상해없음,승용,남,48세,경상
2015052700100069,2015년 5월 27일 05시,수요일,전라남도 장흥군 용산면,중상사고,0,1,0,0,차량단독 - 공작물충돌,안전운전불이행,건조,맑음,단일로 - 기타,화물,남,80세,중상,,,,
2015052700100070,2015년 5월 27일 05시,수요일,전라남도 광양시 광양읍,중상사고,0,1,0,0,차대차 - 측면직각충돌,교차로운행방법위반,건조,맑음,교차로 - 교차로안,자전거,여,55세,중상,자전거,남,31세,상해없음
2015052700100098,2015년 5월 27일 07시,수요일,전라남도 영암군 영암읍,중상사고,0,1,0,0,차대차 - 측면직각충돌,직진우회전진행방해,건조,맑음,단일로 - 기타,원동기,여,55세,중상,승용,남,28세,상해없음
2015052700100136,2015년 5월 27일 08시,수요일,전라남도 영광군 영광읍,중상사고,0,1,0,0,차대사람 - 횡단중,안전운전불이행,건조,맑음,단일로 - 기타,승용,남,62세,상해없음,보행자,여,70세,중상
2015052700100180,2015년 5월 27일 09시,수요일,전라남도 목포시 호남동,경상사고,0,0,1,1,차대차 - 기타,안전운전불이행,건조,맑음,교차로 - 교차로안,승용,남,73세,부상신고,화물,남,37세,경상
2015052700100181,2015년 5월 27일 09시,수요일,전라남도 담양군 봉산면,중상사고,0,1,0,0,차대차 - 기타,안전운전불이행,건조,맑음,단일로 - 기타,원동기,남,61세,중상,건설기계,남,46세,상해없음
2015052700100232,2015년 5월 27일 11시,수요일,전라남도 함평군 함평읍,경상사고,0,0,1,0,차대차 - 측면직각충돌,안전운전불이행,건조,맑음,교차로 - 교차로안,이륜,남,78세,경상,승용,남,64세,상해없음
2015052700100258,2015년 5월 27일 12시,수요일,전라남도 해남군 북일면,사망사고,2,0,0,0,차량단독 - 공작물충돌,안전운전불이행,건조,맑음,단일로 - 기타,승용,남,82세,사망,,,,
2015052700100259,2015년 5월 27일 12시,수요일,전라남도 완도군 완도읍,중상사고,0,1,1,0,차대차 - 추돌 - 진행중,안전거리미확보,건조,맑음,기타 - 기타,이륜,남,59세,경상,이륜,남,23세,중상
2015052700100260,2015년 5월 27일 12시,수요일,전라남도 광양시 광양읍,경상사고,0,0,1,0,차대차 - 기타,안전운전불이행,건조,맑음,교차로 - 교차로안,승용,남,26세,상해없음,승용,여,33세,경상
2015052700100297,2015년 5월 27일 13시,수요일,전라남도 나주시 빛가람동,경상사고,0,0,1,0,차대차 - 측면직각충돌,안전운전불이행,건조,맑음,단일로 - 기타,승합,남,29세,상해없음,원동기,남,62세,경상
2015052700100298,2015년 5월 27일 13시,수요일,전라남도 광양시 광양읍,경상사고,0,0,2,0,차대차 - 추돌 - 주정차중,안전운전불이행,건조,맑음,교차로 - 교차로부근,특수,남,22세,상해없음,승용,여,44세,경상
2015052700100379,2015년 5월 27일 15시,수요일,전라남도 신안군 도초면,경상사고,0,0,1,0,차대차 - 기타,교차로운행방법위반,건조,맑음,교차로 - 교차로안,화물,여,59세,경상,화물,남,48세,상해없음
2015052700100380,2015년 5월 27일 15시,수요일,전라남도 강진군 마량면,경상사고,0,0,1,0,차대차 - 기타,안전운전불이행,건조,맑음,단일로 - 기타,화물,남,22세,경상,건설기계,남,57세,상해없음
2015052700100466,2015년 5월 27일 17시,수요일,전라남도 목포시 용당동,중상사고,0,1,0,0,차대차 - 기타,직진우회전진행방해,건조,맑음,교차로 - 교차로안,승용,여,37세,상해없음,이륜,남,47세,중상
2015052700100467,2015년 5월 27일 17시,수요일,전라남도 여수시 소라면,중상사고,0,1,2,0,차대차 - 추돌 - 주정차중,안전거리미확보,건조,맑음,단일로 - 터널,승용,남,30세,경상,승용,여,42세,중상
2015052700100468,2015년 5월 27일 17시,수요일,전라남도 구례군 산동면,중상사고,0,1,0,0,차대사람 - 기타,안전운전불이행,건조,맑음,단일로 - 기타,승합,여,34세,상해없음,보행자,여,85세,중상
2015052700100529,2015년 5월 27일 18시,수요일,전라남도 여수시 학동,경상사고,0,0,1,0,차대차 - 추돌 - 진행중,안전운전불이행,건조,맑음,기타 - 기타,승용,남,49세,상해없음,승용,여,27세,경상
2015052700100563,2015년 5월 27일 19시,수요일,전라남도 영광군 영광읍,중상사고,0,1,0,0,차대차 - 측면직각충돌,교차로운행방법위반,건조,맑음,교차로 - 교차로안,승용,남,23세,상해없음,이륜,남,72세,중상
2015052700100564,2015년 5월 27일 19시,수요일,전라남도 장성군 장성읍,경상사고,0,0,2,0,차대차 - 측면직각충돌,안전운전불이행,건조,맑음,교차로 - 교차로안,승용,여,43세,상해없음,이륜,남,73세,경상
2015052700100590,2015년 5월 27일 20시,수요일,전라남도 신안군 비금면,부상신고사고,0,0,0,1,차대차 - 기타,안전운전불이행,건조,맑음,교차로 - 교차로부근,이륜,남,53세,부상신고,승용,남,27세,상해없음
2015052700100632,2015년 5월 27일 21시,수요일,전라남도 광양시 옥곡면,중상사고,0,1,0,0,차대차 - 기타,직진우회전진행방해,건조,맑음,교차로 - 교차로안,승용,여,47세,상해없음,이륜,남,65세,중상
2015052800100020,2015년 5월 28일 01시,목요일,전라남도 목포시 용해동,부상신고사고,0,0,0,1,차대차 - 추돌 - 주정차중,안전운전불이행,건조,맑음,단일로 - 기타,승용,남,48세,부상신고,화물,남,39세,상해없음
2015052800100060,2015년 5월 28일 06시,목요일,전라남도 목포시 용당동,경상사고,0,0,1,0,차대차 - 기타,안전운전불이행,건조,맑음,교차로 - 교차로안,자전거,남,70세,경상,승용,남,39세,상해없음
2015052800100061,2015년 5월 28일 06시,목요일,전라남도 여수시 신기동,중상사고,0,1,0,0,차대차 - 추돌 - 주정차중,안전운전불이행,건조,맑음,교차로 - 교차로부근,승용,여,26세,중상,화물,여,59세,상해없음
2015052800100084,2015년 5월 28일 07시,목요일,전라남도 목포시 용당동,경상사고,0,0,1,1,차대차 - 기타,안전운전불이행,건조,맑음,교차로 - 교차로안,승용,남,30세,부상신고,화물,남,38세,경상
2015052800100085,2015년 5월 28일 07시,목요일,전라남도 여수시 신기동,경상사고,0,0,1,0,차대차 - 측면직각충돌,안전운전불이행,건조,맑음,교차로 - 교차로안,화물,남,75세,상해없음,승용,여,42세,경상
2015052800100130,2015년 5월 28일 08시,목요일,전라남도 순천시 조례동,경상사고,0,0,1,0,차대사람 - 기타,안전운전불이행,건조,맑음,단일로 - 기타,화물,남,34세,상해없음,보행자,여,23세,경상
2015052800100174,2015년 5월 28일 09시,목요일,전라남도 영암군 덕진면,경상사고,0,0,2,0,차대차 - 기타,신호위반,건조,맑음,교차로 - 교차로안,농기계,남,72세,경상,승용,여,46세,경상
2015052800100175,2015년 5월 28일 09시,목요일,전라남도 광양시 중동,부상신고사고,0,0,0,1,차량단독 - 공작물충돌,안전운전불이행,건조,맑음,단일로 - 기타,승용,남,25세,부상신고,,,,
2015052800100199,2015년 5월 28일 10시,목요일,전라남도 순천시 낙안면,부상신고사고,0,0,0,1,차대사람 - 횡단중,보행자보호의무위반,건조,맑음,단일로 - 기타,화물,남,67세,상해없음,보행자,여,76세,부상신고
2015052800100267,2015년 5월 28일 12시,목요일,전라남도 목포시 상동,경상사고,0,0,2,0,차대차 - 기타,신호위반,건조,맑음,단일로 - 기타,원동기,남,36세,경상,승용,남,61세,경상
2015052800100268,2015년 5월 28일 12시,목요일,전라남도 목포시 용해동,경상사고,0,0,2,0,차대차 - 기타,교차로운행방법위반,건조,맑음,교차로 - 교차로안,승용,남,59세,경상,승용,남,43세,경상
2015052800100323,2015년 5월 28일 14시,목요일,전라남도 장흥군 회진면,중상사고,0,1,0,0,차대차 - 측면직각충돌,불법유턴,건조,맑음,교차로 - 교차로부근,승용,여,45세,상해없음,원동기,남,70세,중상