사고번호,사고일시,요일,시군구,사고내용,사망자수,중상자수,경상자수,부상신고자수,사고유형,법규위반,노면상태,기상상태,도로형태,가해운전자 차종,가해운전자 성별,가해운전자 연령,가해운전자 상해정도,피해운전자 차종,피해운전자 성별,피해운전자 연령,피해운전자 상해정도
2015052800100366,2015년 5월 28일 15시,목요일,전라남도 순천시 연향동,중상사고,0,1,0,0,차대사람 - 횡단중,안전운전불이행,건조,맑음,단일로 - 기타,승용,남,37세,상해없음,보행자,남,7세,중상
2015052800100367,2015년 5월 28일 15시,목요일,전라남도 순천시 연향동,경상사고,0,0,1,0,차대차 - 기타,안전거리미확보,건조,맑음,단일로 - 기타,화물,여,47세,상해없음,승용,여,34세,경상
2015052800100443,2015년 5월 28일 17시,목요일,전라남도 목포시 옥암동,경상사고,0,0,3,0,차대차 - 기타,직진우회전진행방해,건조,맑음,교차로 - 교차로안,승용,남,31세,상해없음,승용,남,32세,경상
2015052800100444,2015년 5월 28일 17시,목요일,전라남도 순천시 서면,경상사고,0,0,2,0,차대사람 - 횡단중,보행자보호의무위반,건조,맑음,단일로 - 기타,승용,남,43세,상해없음,보행자,여,14세,경상
2015052800100445,2015년 5월 28일 17시,목요일,전라남도 순천시 덕암동,경상사고,0,0,2,0,차대차 - 기타,안전운전불이행,건조,맑음,교차로 - 교차로안,승용,남,43세,경상,승용,여,36세,경상
2015052800100525,2015년 5월 28일 19시,목요일,전라남도 영암군 군서면,경상사고,0,0,1,0,차대차 - 기타,안전운전불이행,건조,맑음,단일로 - 기타,승용,남,19세,상해없음,승용,남,49세,상해없음
2015052800100559,2015년 5월 28일 20시,목요일,전라남도 목포시 산정동,경상사고,0,0,1,0,차대사람 - 기타,안전운전불이행,건조,맑음,단일로 - 기타,승용,여,33세,상해없음,보행자,남,49세,경상
2015052800100560,2015년 5월 28일 20시,목요일,전라남도 여수시 광무동,경상사고,0,0,1,0,차대차 - 추돌 - 진행중,안전운전불이행,건조,맑음,교차로 - 교차로부근,승용,남,53세,상해없음,승용,남,50세,상해없음
2015052800100561,2015년 5월 28일 20시,목요일,전라남도 나주시 세지면,중상사고,0,1,0,0,차대차 - 추돌 - 진행중,안전운전불이행,건조,맑음,단일로 - 기타,화물,남,35세,상해없음,이륜,남,74세,중상
2015052800100562,2015년 5월 28일 20시,목요일,전라남도 해남군 해남읍,경상사고,0,0,1,0,차량단독 - 전도전복,안전운전불이행,건조,맑음,단일로 - 기타,원동기,남,17세,경상,,,,
2015052800100563,2015년 5월 28일 20시,목요일,전라남도 영암군 신북면,경상사고,0,0,1,0,차대차 - 기타,안전운전불이행,건조,맑음,단일로 - 횡단보도상,기타불명,기타불명,기타불명,기타불명,승용,남,47세,경상
2015052800100615,2015년 5월 28일 22시,목요일,전라남도 순천시 석현동,부상신고사고,0,0,0,1,차대사람 - 기타,안전운전불이행,건조,맑음,교차로 - 교차로안,기타불명,기타불명,기타불명,기타불명,보행자,남,25세,부상신고
2015052800100648,2015년 5월 28일 23시,목요일,전라남도 순천시 조례동,경상사고,0,0,2,0,차대차 - 측면직각충돌,안전운전불이행,건조,맑음,교차로 - 교차로안,승용,남,31세,상해없음,승용,남,28세,경상
2015052800100649,2015년 5월 28일 23시,목요일,전라남도 순천시 풍덕동,경상사고,0,0,4,0,차대차 - 측면직각충돌,중앙선침범,건조,맑음,단일로 - 기타,승용,여,40세,상해없음,승용,남,32세,경상
2015052900100020,2015년 5월 29일 00시,금요일,전라남도 목포시 상동,경상사고,0,0,1,0,차대차 - 기타,교차로운행방법위반,건조,맑음,교차로 - 교차로안,승용,남,42세,상해없음,원동기,남,30세,경상
2015052900100021,2015년 5월 29일 00시,금요일,전라남도 순천시 조례동,경상사고,0,0,1,0,차대사람 - 기타,안전운전불이행,건조,맑음,단일로 - 기타,승용,남,24세,상해없음,보행자,남,21세,경상
2015052900100085,2015년 5월 29일 06시,금요일,전라남도 여수시 미평동,중상사고,0,1,0,0,차대사람 - 횡단중,안전운전불이행,건조,맑음,단일로 - 기타,승용,여,44세,상해없음,보행자,남,73세,중상
2015052900100086,2015년 5월 29일 06시,금요일,전라남도 진도군 군내면,중상사고,0,1,0,0,차대차 - 측면직각충돌,교차로운행방법위반,건조,맑음,교차로 - 교차로안,이륜,남,66세,중상,승합,남,45세,상해없음
2015052900100155,2015년 5월 29일 08시,금요일,전라남도 진도군 진도읍,중상사고,0,1,0,0,차대차 - 측면직각충돌,안전운전불이행,건조,맑음,기타 - 기타,승용,남,25세,상해없음,자전거,남,69세,중상
2015052900100233,2015년 5월 29일 10시,금요일,전라남도 장흥군 용산면,중상사고,0,1,0,0,차대사람 - 기타,안전운전불이행,기타,맑음,단일로 - 기타,승용,남,74세,상해없음,보행자,여,60세,중상
2015052900100292,2015년 5월 29일 12시,금요일,전라남도 목포시 용해동,중상사고,0,1,0,0,차대차 - 측면직각충돌,신호위반,건조,맑음,단일로 - 기타,승용,여,54세,상해없음,이륜,남,73세,중상
2015052900100293,2015년 5월 29일 12시,금요일,전라남도 목포시 옥암동,경상사고,0,0,1,0,차대차 - 측면직각충돌,신호위반,건조,맑음,교차로 - 교차로안,화물,남,56세,상해없음,승용,남,26세,경상
2015052900100294,2015년 5월 29일 12시,금요일,전라남도 나주시 빛가람동,중상사고,0,1,0,0,차대차 - 측면직각충돌,교차로운행방법위반,건조,맑음,교차로 - 교차로안,승용,남,51세,상해없음,자전거,남,58세,중상
2015052900100295,2015년 5월 29일 12시,금요일,전라남도 무안군 삼향읍,경상사고,0,0,2,0,차대차 - 기타,기타,건조,맑음,단일로 - 기타,화물,남,54세,상해없음,승용,남,39세,경상
2015052900100353,2015년 5월 29일 14시,금요일,전라남도 장흥군 장흥읍,경상사고,0,0,1,0,차대차 - 측면직각충돌,교차로운행방법위반,건조,맑음,교차로 - 교차로안,승용,여,32세,상해없음,승용,여,44세,상해없음
2015052900100354,2015년 5월 29일 14시,금요일,전라남도 광양시 금호동,경상사고,0,0,1,0,차대사람 - 횡단중,안전운전불이행,건조,맑음,단일로 - 기타,승용,남,46세,상해없음,보행자,남,22세,경상
2015052900100394,2015년 5월 29일 15시,금요일,전라남도 무안군 무안읍,경상사고,0,0,1,0,차대사람 - 차도통행중,안전운전불이행,건조,맑음,단일로 - 기타,승용,남,73세,상해없음,보행자,남,58세,경상
2015052900100455,2015년 5월 29일 17시,금요일,전라남도 순천시 장천동,중상사고,0,1,0,0,차대차 - 기타,안전운전불이행,건조,맑음,교차로 - 교차로안,승용,여,42세,상해없음,자전거,남,74세,중상
2015052900100537,2015년 5월 29일 19시,금요일,전라남도 고흥군 포두면,중상사고,0,1,0,0,차대차 - 측면직각충돌,교차로운행방법위반,건조,맑음,교차로 - 교차로안,화물,남,66세,상해없음,이륜,남,61세,중상
2015052900100538,2015년 5월 29일 19시,금요일,전라남도 광양시 광양읍,중상사고,0,1,0,0,차대사람 - 횡단중,보행자보호의무위반,건조,맑음,교차로 - 교차로부근,승용,여,40세,상해없음,보행자,남,5세,중상
2015052900100580,2015년 5월 29일 20시,금요일,전라남도 화순군 화순읍,중상사고,0,1,0,0,차대사람 - 횡단중,보행자보호의무위반,건조,맑음,교차로 - 교차로안,승용,남,27세,상해없음,보행자,여,78세,중상
2015052900100581,2015년 5월 29일 20시,금요일,전라남도 영암군 삼호읍,경상사고,0,0,2,0,차대차 - 측면직각충돌,과속,건조,맑음,교차로 - 교차로안,승용,남,31세,경상,농기계,남,62세,경상
2015052900100582,2015년 5월 29일 20시,금요일,전라남도 강진군 강진읍,중상사고,0,1,0,0,차대차 - 측면직각충돌,중앙선침범,건조,맑음,단일로 - 기타,승용,여,20세,상해없음,승용,남,26세,중상
2015052900100624,2015년 5월 29일 21시,금요일,전라남도 순천시 석현동,중상사고,0,1,0,0,차대차 - 기타,중앙선침범,건조,맑음,교차로 - 교차로부근,승용,남,38세,상해없음,이륜,여,21세,중상
2015052900100655,2015년 5월 29일 22시,금요일,전라남도 목포시 산정동,경상사고,0,0,1,0,차대사람 - 차도통행중,안전운전불이행,건조,맑음,단일로 - 기타,승용,남,46세,상해없음,보행자,남,61세,경상
2015052900100656,2015년 5월 29일 22시,금요일,전라남도 순천시 연향동,경상사고,0,0,4,0,차대차 - 기타,중앙선침범,건조,맑음,교차로 - 교차로부근,승용,남,30세,상해없음,승용,여,43세,경상
2015052900100657,2015년 5월 29일 22시,금요일,전라남도 나주시 산정동,경상사고,0,0,5,0,차대차 - 추돌 - 주정차중,안전운전불이행,건조,맑음,단일로 - 기타,화물,남,51세,상해없음,승용,남,36세,경상
2015052900100682,2015년 5월 29일 23시,금요일,전라남도 순천시 조례동,경상사고,0,0,1,0,차대차 - 기타,안전운전불이행,건조,맑음,단일로 - 기타,승용,남,51세,상해없음,승용,남,25세,경상
2015053000100016,2015년 5월 30일 00시,토요일,전라남도 영암군 삼호읍,경상사고,0,0,1,0,차대차 - 기타,안전운전불이행,건조,맑음,단일로 - 기타,승용,남,33세,상해없음,자전거,남,49세,경상
2015053000100017,2015년 5월 30일 00시,토요일,전라남도 광양시 마동,경상사고,0,0,1,0,차대차 - 측면직각충돌,교차로운행방법위반,건조,맑음,교차로 - 교차로안,승용,남,28세,상해없음,승용,여,49세,경상
2015053000100084,2015년 5월 30일 03시,토요일,전라남도 여수시 여서동,경상사고,0,0,1,0,차대차 - 추돌 - 진행중,안전운전불이행,습기,비,교차로 - 교차로부근,승용,남,24세,상해없음,승용,남,27세,경상
2015053000100150,2015년 5월 30일 07시,토요일,전라남도 목포시 석현동,경상사고,0,0,1,0,차대차 - 기타,안전운전불이행,습기,흐림,교차로 - 교차로안,승용,여,46세,상해없음,승용,여,43세,경상
2015053000100199,2015년 5월 30일 09시,토요일,전라남도 신안군 지도읍,중상사고,0,1,1,0,차량단독 - 공작물충돌,안전운전불이행,습기,비,단일로 - 기타,화물,남,26세,경상,,,,
2015053000100200,2015년 5월 30일 09시,토요일,전라남도 장흥군 장흥읍,경상사고,0,0,1,0,차대사람 - 횡단중,안전운전불이행,습기,비,교차로 - 교차로안,승용,남,71세,상해없음,보행자,여,75세,경상
2015053000100201,2015년 5월 30일 09시,토요일,전라남도 화순군 화순읍,경상사고,0,0,2,0,차대차 - 측면직각충돌,신호위반,건조,맑음,교차로 - 교차로안,승용,남,55세,상해없음,승용,여,45세,경상
2015053000100202,2015년 5월 30일 09시,토요일,전라남도 완도군 완도읍,중상사고,0,1,0,0,차대사람 - 횡단중,보행자보호의무위반,습기,비,단일로 - 횡단보도부근,화물,남,49세,상해없음,보행자,여,76세,중상
2015053000100203,2015년 5월 30일 09시,토요일,전라남도 무안군 청계면,경상사고,0,0,1,0,차대차 - 추돌 - 진행중,안전운전불이행,건조,흐림,단일로 - 기타,건설기계,남,50세,상해없음,승용,여,47세,경상
2015053000100204,2015년 5월 30일 09시,토요일,전라남도 광양시 진월면,중상사고,0,1,0,0,차대차 - 기타,직진우회전진행방해,건조,맑음,교차로 - 교차로안,원동기,여,69세,중상,화물,남,69세,상해없음
2015053000100232,2015년 5월 30일 10시,토요일,전라남도 장흥군 회진면,중상사고,0,1,1,0,차대차 - 측면직각충돌,안전운전불이행,건조,흐림,교차로 - 교차로안,승용,남,68세,상해없음,화물,남,57세,경상
2015053000100299,2015년 5월 30일 12시,토요일,전라남도 목포시 용해동,경상사고,0,0,2,0,차대차 - 추돌 - 주정차중,안전운전불이행,건조,맑음,기타 - 기타,승용,남,67세,상해없음,승용,남,32세,경상
2015053000100300,2015년 5월 30일 12시,토요일,전라남도 여수시 미평동,경상사고,0,0,2,0,차대차 - 추돌 - 주정차중,안전운전불이행,건조,맑음,단일로 - 기타,화물,남,40세,상해없음,승용,남,41세,경상
2015053000100301,2015년 5월 30일 12시,토요일,전라남도 나주시 송월동,경상사고,0,0,2,0,차대차 - 추돌 - 진행중,안전운전불이행,건조,맑음,교차로 - 교차로부근,승합,남,50세,상해없음,승용,남,39세,경상
2015053000100349,2015년 5월 30일 13시,토요일,전라남도 순천시 대룡동,경상사고,0,0,1,0,차대차 - 기타,교차로운행방법위반,건조,맑음,교차로 - 교차로부근,기타불명,기타불명,기타불명,기타불명,승용,남,44세,상해없음
2015053000100350,2015년 5월 30일 13시,토요일,전라남도 순천시 연향동,부상신고사고,0,0,0,1,차대차 - 기타,안전거리미확보,습기,비,교차로 - 교차로안,이륜,남,38세,부상신고,승용,남,44세,상해없음
2015053000100351,2015년 5월 30일 13시,토요일,전라남도 함평군 학교면,중상사고,0,1,3,0,차대차 - 측면직각충돌,직진우회전진행방해,건조,맑음,교차로 - 교차로안,농기계,남,50세,상해없음,승합,여,49세,경상
2015053000100352,2015년 5월 30일 13시,토요일,전라남도 광양시 광양읍,경상사고,0,0,1,0,차대차 - 추돌 - 주정차중,안전운전불이행,습기,비,교차로 - 교차로부근,원동기,남,19세,상해없음,승용,남,37세,상해없음
2015053000100391,2015년 5월 30일 14시,토요일,전라남도 화순군 능주면,경상사고,0,0,3,1,차대차 - 측면직각충돌,안전운전불이행,건조,맑음,교차로 - 교차로안,화물,여,65세,부상신고,승용,남,44세,경상
2015053000100431,2015년 5월 30일 15시,토요일,전라남도 순천시 덕암동,중상사고,0,1,0,0,차대차 - 정면충돌,신호위반,건조,맑음,교차로 - 교차로안,화물,여,41세,상해없음,승용,여,66세,중상
2015053000100432,2015년 5월 30일 15시,토요일,전라남도 장성군 장성읍,중상사고,0,1,0,0,차량단독 - 공작물충돌,안전운전불이행,건조,맑음,교차로 - 교차로안,화물,남,45세,중상,,,,
2015053000100488,2015년 5월 30일 17시,토요일,전라남도 광양시 도이동,중상사고,0,1,0,0,차대사람 - 기타,안전운전불이행,습기,흐림,단일로 - 기타,승용,남,54세,상해없음,보행자,남,47세,중상
2015053000100560,2015년 5월 30일 19시,토요일,전라남도 여수시 국동,경상사고,0,0,2,0,차대차 - 추돌 - 진행중,안전운전불이행,건조,맑음,단일로 - 터널,승용,여,21세,상해없음,승용,남,64세,경상
2015053000100561,2015년 5월 30일 19시,토요일,전라남도 영암군 영암읍,경상사고,0,0,4,0,차대차 - 추돌 - 진행중,안전운전불이행,건조,맑음,교차로 - 교차로부근,승합,남,27세,상해없음,승용,남,37세,경상
2015053000100599,2015년 5월 30일 20시,토요일,전라남도 목포시 석현동,경상사고,0,0,1,0,차대차 - 기타,안전운전불이행,건조,맑음,단일로 - 기타,승용,여,41세,상해없음,자전거,남,17세,경상
2015053000100600,2015년 5월 30일 20시,토요일,전라남도 나주시 부덕동,중상사고,0,1,1,0,차대차 - 정면충돌,중앙선침범,건조,맑음,단일로 - 기타,농기계,남,72세,중상,화물,남,68세,경상
2015053100100042,2015년 5월 31일 02시,일요일,전라남도 보성군 벌교읍,경상사고,0,0,1,0,차대차 - 측면직각충돌,안전운전불이행,건조,맑음,단일로 - 터널,승용,남,51세,상해없음,승용,남,48세,경상
2015053100100058,2015년 5월 31일 03시,일요일,전라남도 목포시 상동,경상사고,0,0,1,0,차대차 - 측면직각충돌,신호위반,건조,맑음,교차로 - 교차로안,승용,남,29세,상해없음,승용,남,56세,경상
2015053100100059,2015년 5월 31일 03시,일요일,전라남도 여수시 학동,경상사고,0,0,1,0,차대사람 - 길가장자리구역통행중,안전운전불이행,건조,맑음,교차로 - 교차로부근,승용,남,20세,상해없음,보행자,여,15세,경상
2015053100100060,2015년 5월 31일 03시,일요일,전라남도 순천시 풍덕동,경상사고,0,0,1,0,차대차 - 정면충돌,안전운전불이행,건조,맑음,교차로 - 교차로안,승용,남,49세,상해없음,자전거,남,60세,경상
2015053100100077,2015년 5월 31일 05시,일요일,전라남도 장흥군 회진면,중상사고,0,2,0,0,차대차 - 측면직각충돌,안전운전불이행,건조,맑음,단일로 - 기타,화물,남,64세,상해없음,이륜,남,75세,중상
2015053100100078,2015년 5월 31일 05시,일요일,전라남도 영암군 삼호읍,경상사고,0,0,3,0,차대차 - 측면직각충돌,불법유턴,건조,맑음,교차로 - 교차로안,승용,남,62세,경상,승용,남,41세,경상
2015053100100102,2015년 5월 31일 07시,일요일,전라남도 목포시 산정동,경상사고,0,0,3,0,차대차 - 기타,중앙선침범,건조,맑음,단일로 - 기타,화물,남,45세,상해없음,승용,남,69세,경상
2015053100100155,2015년 5월 31일 10시,일요일,전라남도 목포시 항동,경상사고,0,0,1,0,차대차 - 정면충돌,신호위반,건조,맑음,교차로 - 교차로안,승용,남,68세,상해없음,이륜,남,67세,경상
2015053100100156,2015년 5월 31일 10시,일요일,전라남도 영광군 백수읍,중상사고,0,1,0,0,차대차 - 측면직각충돌,교차로운행방법위반,건조,맑음,교차로 - 교차로안,이륜,남,80세,상해없음,화물,남,63세,상해없음
2015053100100176,2015년 5월 31일 11시,일요일,전라남도 보성군 벌교읍,사망사고,1,0,0,0,차대차 - 측면직각충돌,안전운전불이행,건조,맑음,교차로 - 교차로안,화물,남,44세,상해없음,원동기,남,74세,사망
2015053100100283,2015년 5월 31일 14시,일요일,전라남도 여수시 신기동,경상사고,0,0,1,0,차대사람 - 횡단중,안전운전불이행,건조,맑음,단일로 - 기타,승용,남,51세,상해없음,보행자,여,18세,경상
2015053100100326,2015년 5월 31일 15시,일요일,전라남도 목포시 옥암동,경상사고,0,0,1,0,차대사람 - 횡단중,보행자보호의무위반,건조,맑음,단일로 - 횡단보도상,승용,남,63세,상해없음,보행자,남,40세,경상
2015053100100327,2015년 5월 31일 15시,일요일,전라남도 여수시 오천동,경상사고,0,0,1,0,차대차 - 측면직각충돌,차로위반,건조,맑음,단일로 - 기타,화물,남,65세,기타불명,승용,남,35세,상해없음
2015053100100360,2015년 5월 31일 16시,일요일,전라남도 해남군 해남읍,경상사고,0,0,2,0,차대차 - 추돌 - 주정차중,안전거리미확보,건조,맑음,교차로 - 교차로부근,화물,남,40세,기타불명,승용,남,57세,경상
2015053100100396,2015년 5월 31일 17시,일요일,전라남도 나주시 이창동,경상사고,0,0,1,0,차대차 - 기타,직진우회전진행방해,건조,맑음,교차로 - 교차로안,승용,남,58세,상해없음,원동기,남,19세,경상
2015053100100427,2015년 5월 31일 18시,일요일,전라남도 순천시 조례동,경상사고,0,0,1,0,차대차 - 기타,안전운전불이행,건조,맑음,교차로 - 교차로안,승용,남,35세,상해없음,승용,여,65세,경상
2015053100100476,2015년 5월 31일 20시,일요일,전라남도 강진군 강진읍,중상사고,0,1,0,0,차대사람 - 횡단중,안전운전불이행,건조,맑음,단일로 - 횡단보도부근,화물,남,30세,상해없음,보행자,여,77세,중상
2015053100100477,2015년 5월 31일 20시,일요일,전라남도 담양군 담양읍,경상사고,0,0,3,0,차대차 - 측면직각충돌,안전운전불이행,건조,흐림,교차로 - 교차로안,승용,여,58세,경상,승용,남,54세,경상
2015053100100507,2015년 5월 31일 21시,일요일,전라남도 순천시 조례동,경상사고,0,0,1,0,차대사람 - 기타,안전운전불이행,건조,맑음,교차로 - 교차로부근,이륜,남,19세,상해없음,보행자,여,43세,경상
2015060100100006,2015년 6월 1일 00시,월요일,전라남도 순천시 연향동,경상사고,0,0,2,0,차대차 - 측면직각충돌,안전운전불이행,건조,맑음,교차로 - 교차로안,승용,남,51세,상해없음,승용,남,56세,경상
2015060100100028,2015년 6월 1일 03시,월요일,전라남도 순천시 연향동,경상사고,0,0,2,0,차대차 - 측면직각충돌,교차로운행방법위반,건조,맑음,교차로 - 교차로안,승용,남,49세,상해없음,원동기,여,23세,경상
2015060100100088,2015년 6월 1일 07시,월요일,전라남도 강진군 성전면,경상사고,0,0,2,0,차대차 - 기타,안전거리미확보,건조,맑음,단일로 - 기타,특수,남,38세,상해없음,화물,남,41세,경상
2015060100100136,2015년 6월 1일 08시,월요일,전라남도 목포시 옥암동,경상사고,0,0,1,0,차대차 - 측면직각충돌,교차로운행방법위반,건조,맑음,교차로 - 교차로안,자전거,남,23세,경상,화물,남,54세,상해없음
2015060100100137,2015년 6월 1일 08시,월요일,전라남도 순천시 용당동,경상사고,0,0,1,0,차대차 - 측면직각충돌,안전운전불이행,건조,맑음,단일로 - 기타,승용,여,30세,상해없음,자전거,남,8세,경상
2015060100100138,2015년 6월 1일 08시,월요일,전라남도 보성군 벌교읍,경상사고,0,0,1,0,차대차 - 측면직각충돌,안전운전불이행,건조,맑음,교차로 - 교차로안,화물,남,55세,상해없음,원동기,남,69세,경상
2015060100100139,2015년 6월 1일 08시,월요일,전라남도 화순군 동복면,경상사고,0,0,3,4,차대차 - 추돌 - 진행중,안전운전불이행,건조,맑음,단일로 - 기타,특수,여,52세,부상신고,승합,남,62세,경상
2015060100100236,2015년 6월 1일 11시,월요일,전라남도 고흥군 두원면,사망사고,1,0,0,0,차량단독 - 공작물충돌,안전운전불이행,건조,맑음,단일로 - 기타,농기계,남,66세,사망,,,,
2015060100100356,2015년 6월 1일 15시,월요일,전라남도 광양시 옥룡면,경상사고,0,0,1,0,차대차 - 기타,안전운전불이행,건조,맑음,단일로 - 기타,화물,남,63세,상해없음,자전거,남,63세,경상
2015060100100398,2015년 6월 1일 16시,월요일,전라남도 장흥군 용산면,중상사고,0,1,0,0,차량단독 - 공작물충돌,안전운전불이행,건조,맑음,단일로 - 기타,승용,여,31세,중상,,,,
2015060100100399,2015년 6월 1일 16시,월요일,전라남도 광양시 광양읍,경상사고,0,0,2,0,차대차 - 기타,교차로운행방법위반,건조,맑음,교차로 - 교차로안,승용,남,41세,상해없음,승용,여,43세,경상
2015060100100400,2015년 6월 1일 16시,월요일,전라남도 구례군 구례읍,경상사고,0,0,1,0,차대차 - 기타,직진우회전진행방해,건조,맑음,교차로 - 교차로안,승용,여,56세,상해없음,승용,남,51세,경상
2015060100100441,2015년 6월 1일 17시,월요일,전라남도 순천시 연향동,경상사고,0,0,1,0,차대차 - 기타,안전운전불이행,건조,맑음,교차로 - 교차로안,화물,남,48세,상해없음,원동기,남,18세,경상
2015060100100442,2015년 6월 1일 17시,월요일,전라남도 고흥군 풍양면,중상사고,0,1,0,0,차량단독 - 공작물충돌,안전운전불이행,건조,맑음,교차로 - 교차로부근,화물,남,52세,중상,,,,
2015060100100443,2015년 6월 1일 17시,월요일,전라남도 영암군 삼호읍,경상사고,0,0,1,0,차대차 - 측면직각충돌,신호위반,건조,맑음,교차로 - 교차로안,승용,남,65세,상해없음,승용,남,42세,경상
2015060100100444,2015년 6월 1일 17시,월요일,전라남도 담양군 담양읍,경상사고,0,0,3,0,차대차 - 측면직각충돌,안전운전불이행,건조,맑음,단일로 - 기타,승합,남,77세,상해없음,승용,여,37세,경상
2015060100100535,2015년 6월 1일 19시,월요일,전라남도 목포시 죽교동,경상사고,0,0,1,0,차대사람 - 횡단중,보행자보호의무위반,건조,맑음,단일로 - 횡단보도상,승용,남,64세,상해없음,보행자,남,6세,경상
2015060100100574,2015년 6월 1일 20시,월요일,전라남도 화순군 화순읍,경상사고,0,0,1,0,차대차 - 기타,직진우회전진행방해,건조,맑음,교차로 - 교차로안,승용,여,44세,상해없음,승용,여,44세,경상
2015060100100575,2015년 6월 1일 20시,월요일,전라남도 강진군 강진읍,중상사고,0,1,0,0,차대차 - 정면충돌,안전운전불이행,건조,맑음,단일로 - 기타,화물,남,40세,상해없음,농기계,남,68세,중상
2015060100100617,2015년 6월 1일 21시,월요일,전라남도 목포시 연산동,중상사고,0,1,0,0,차대사람 - 기타,중앙선침범,건조,맑음,단일로 - 기타,승용,남,42세,상해없음,보행자,여,59세,중상
2015060100100618,2015년 6월 1일 21시,월요일,전라남도 여수시 문수동,경상사고,0,0,1,0,차대사람 - 횡단중,안전운전불이행,건조,맑음,단일로 - 기타,원동기,남,18세,상해없음,보행자,남,15세,경상
2015060100100619,2015년 6월 1일 21시,월요일,전라남도 광양시 광양읍,중상사고,0,1,3,0,차대차 - 추돌 - 진행중,안전운전불이행,건조,맑음,단일로 - 기타,승용,남,59세,상해없음,화물,남,44세,경상
2015060100100677,2015년 6월 1일 23시,월요일,전라남도 순천시 조례동,경상사고,0,0,4,0,차대차 - 추돌 - 주정차중,안전운전불이행,건조,맑음,단일로 - 기타,승용,남,19세,상해없음,승용,남,43세,경상
2015060200100044,2015년 6월 2일 03시,화요일,전라남도 목포시 용해동,중상사고,0,1,0,0,차대사람 - 횡단중,안전운전불이행,건조,맑음,단일로 - 횡단보도부근,승용,남,50세,상해없음,보행자,남,61세,중상
2015060200100130,2015년 6월 2일 08시,화요일,전라남도 해남군 산이면,경상사고,0,0,1,0,차대차 - 측면직각충돌,중앙선침범,건조,맑음,단일로 - 기타,농기계,남,74세,경상,화물,여,55세,상해없음
2015060200100156,2015년 6월 2일 09시,화요일,전라남도 목포시 산정동,경상사고,0,0,1,0,차대차 - 추돌 - 주정차중,안전거리미확보,건조,맑음,교차로 - 교차로안,특수,남,28세,상해없음,승용,남,71세,경상
2015060200100175,2015년 6월 2일 10시,화요일,전라남도 진도군 군내면,중상사고,0,1,1,0,차대차 - 추돌 - 주정차중,안전운전불이행,건조,맑음,단일로 - 기타,승용,남,68세,상해없음,승용,남,55세,상해없음
2015060200100201,2015년 6월 2일 11시,화요일,전라남도 나주시 금천면,중상사고,0,1,0,0,차대차 - 측면직각충돌,직진우회전진행방해,건조,맑음,교차로 - 교차로안,승용,남,62세,상해없음,원동기,남,44세,중상
2015060200100202,2015년 6월 2일 11시,화요일,전라남도 무안군 운남면,경상사고,0,0,1,0,차대차 - 추돌 - 진행중,안전운전불이행,건조,맑음,교차로 - 교차로안,승용,남,28세,상해없음,이륜,남,76세,경상
2015060200100223,2015년 6월 2일 12시,화요일,전라남도 광양시 중동,중상사고,0,1,0,0,차대차 - 기타,교차로운행방법위반,건조,맑음,교차로 - 교차로안,승용,여,33세,상해없음,원동기,남,76세,중상
2015060200100245,2015년 6월 2일 13시,화요일,전라남도 영광군 영광읍,경상사고,0,0,1,0,차대사람 - 횡단중,안전운전불이행,건조,맑음,교차로 - 교차로안,승용,여,41세,상해없음,보행자,여,75세,경상
2015060200100309,2015년 6월 2일 15시,화요일,전라남도 순천시 중앙동,경상사고,0,0,1,0,차대차 - 측면직각충돌,중앙선침범,건조,맑음,단일로 - 기타,원동기,남,85세,상해없음,승용,남,65세,경상
2015060200100310,2015년 6월 2일 15시,화요일,전라남도 보성군 득량면,경상사고,0,0,2,0,차대차 - 추돌 - 진행중,안전운전불이행,건조,맑음,단일로 - 기타,화물,남,32세,경상,화물,남,49세,경상
2015060200100339,2015년 6월 2일 16시,화요일,전라남도 순천시 승주읍,중상사고,0,1,2,0,차대차 - 기타,직진우회전진행방해,건조,맑음,교차로 - 교차로안,승용,여,52세,경상,승용,남,54세,경상
2015060200100340,2015년 6월 2일 16시,화요일,전라남도 나주시 성북동,경상사고,0,0,1,0,차대차 - 측면직각충돌,교차로운행방법위반,건조,맑음,교차로 - 교차로부근,기타불명,기타불명,기타불명,기타불명,자전거,남,14세,경상
2015060200100341,2015년 6월 2일 16시,화요일,전라남도 해남군 산이면,경상사고,0,0,1,0,차량단독 - 전도전복,안전운전불이행,습기,비,교차로 - 교차로부근,원동기,남,46세,경상,,,,
2015060200100445,2015년 6월 2일 18시,화요일,전라남도 나주시 이창동,경상사고,0,0,1,0,차대차 - 기타,중앙선침범,건조,맑음,단일로 - 기타,승용,남,56세,상해없음,승용,여,38세,경상
2015060200100446,2015년 6월 2일 18시,화요일,전라남도 보성군 벌교읍,중상사고,0,1,0,0,차대차 - 측면직각충돌,신호위반,건조,맑음,교차로 - 교차로안,승합,남,60세,상해없음,화물,남,40세,중상
2015060200100474,2015년 6월 2일 19시,화요일,전라남도 보성군 겸백면,중상사고,0,1,0,0,차대차 - 정면충돌,안전운전불이행,건조,맑음,단일로 - 기타,승용,남,20세,상해없음,이륜,여,58세,중상