사고번호,사고일시,요일,시군구,사고내용,사망자수,중상자수,경상자수,부상신고자수,사고유형,법규위반,노면상태,기상상태,도로형태,가해운전자 차종,가해운전자 성별,가해운전자 연령,가해운전자 상해정도,피해운전자 차종,피해운전자 성별,피해운전자 연령,피해운전자 상해정도
2015060200100475,2015년 6월 2일 19시,화요일,전라남도 영암군 삼호읍,경상사고,0,0,1,0,차대차 - 추돌 - 주정차중,안전운전불이행,건조,맑음,교차로 - 교차로안,승용,여,52세,상해없음,승용,남,61세,경상
2015060200100511,2015년 6월 2일 20시,화요일,전라남도 곡성군 옥과면,중상사고,0,1,0,0,차대차 - 추돌 - 진행중,안전운전불이행,건조,맑음,단일로 - 기타,승용,여,55세,상해없음,자전거,남,63세,중상
2015060200100542,2015년 6월 2일 21시,화요일,전라남도 영광군 영광읍,경상사고,0,0,2,0,차대차 - 추돌 - 진행중,안전운전불이행,건조,맑음,단일로 - 기타,승용,남,57세,상해없음,승용,남,59세,경상
2015060200100570,2015년 6월 2일 22시,화요일,전라남도 순천시 조례동,중상사고,0,1,0,0,차대사람 - 기타,안전운전불이행,건조,맑음,기타 - 기타,기타불명,기타불명,기타불명,기타불명,보행자,남,52세,중상
2015060200100571,2015년 6월 2일 22시,화요일,전라남도 해남군 현산면,중상사고,0,1,0,0,차량단독 - 도로외이탈 - 기타,안전운전불이행,습기,흐림,단일로 - 기타,승용,남,22세,중상,,,,
2015060200100590,2015년 6월 2일 23시,화요일,전라남도 광양시 중동,경상사고,0,0,3,1,차대차 - 기타,안전운전불이행,건조,맑음,교차로 - 교차로부근,승용,남,25세,상해없음,승용,남,35세,경상
2015060300100024,2015년 6월 3일 01시,수요일,전라남도 해남군 문내면,경상사고,0,0,1,0,차대차 - 기타,안전운전불이행,건조,맑음,교차로 - 교차로안,화물,남,30세,상해없음,승용,여,46세,경상
2015060300100049,2015년 6월 3일 03시,수요일,전라남도 목포시 상동,중상사고,0,2,0,0,차대차 - 기타,안전운전불이행,건조,맑음,단일로 - 기타,원동기,남,17세,중상,승용,여,50세,기타불명
2015060300100050,2015년 6월 3일 03시,수요일,전라남도 고흥군 남양면,경상사고,0,0,1,0,차량단독 - 도로외이탈 - 추락,안전운전불이행,건조,맑음,단일로 - 기타,승용,남,24세,경상,,,,
2015060300100069,2015년 6월 3일 05시,수요일,전라남도 영암군 미암면,사망사고,1,0,0,0,차량단독 - 도로외이탈 - 추락,안전운전불이행,건조,맑음,단일로 - 기타,화물,남,48세,사망,,,,
2015060300100086,2015년 6월 3일 06시,수요일,전라남도 장성군 장성읍,중상사고,0,1,3,0,차량단독 - 전도전복,안전운전불이행,건조,맑음,단일로 - 기타,승용,남,43세,상해없음,,,,
2015060300100104,2015년 6월 3일 07시,수요일,전라남도 순천시 덕암동,중상사고,0,1,0,0,차대차 - 측면직각충돌,교차로운행방법위반,건조,맑음,교차로 - 교차로안,승합,여,51세,상해없음,원동기,남,64세,중상
2015060300100138,2015년 6월 3일 08시,수요일,전라남도 해남군 마산면,경상사고,0,0,3,0,차대차 - 기타,안전거리미확보,건조,맑음,교차로 - 교차로부근,건설기계,남,45세,상해없음,승용,여,43세,경상
2015060300100139,2015년 6월 3일 08시,수요일,전라남도 화순군 화순읍,경상사고,0,0,1,0,차대차 - 기타,신호위반,건조,맑음,교차로 - 교차로안,승용,남,50세,상해없음,승용,여,38세,경상
2015060300100180,2015년 6월 3일 09시,수요일,전라남도 순천시 서면,경상사고,0,0,1,0,차대차 - 기타,교차로운행방법위반,건조,맑음,교차로 - 교차로안,승용,남,63세,상해없음,승용,남,27세,경상
2015060300100181,2015년 6월 3일 09시,수요일,전라남도 영암군 삼호읍,경상사고,0,0,3,0,차대차 - 측면직각충돌,안전운전불이행,건조,맑음,교차로 - 교차로안,승용,남,33세,경상,승용,남,53세,경상
2015060300100182,2015년 6월 3일 09시,수요일,전라남도 완도군 완도읍,경상사고,0,0,2,0,차대차 - 측면직각충돌,교차로운행방법위반,건조,맑음,교차로 - 교차로안,승용,남,59세,상해없음,승용,여,47세,경상
2015060300100222,2015년 6월 3일 10시,수요일,전라남도 영암군 신북면,중상사고,0,1,0,0,차대차 - 기타,안전운전불이행,건조,맑음,교차로 - 교차로부근,화물,남,57세,상해없음,이륜,남,76세,중상
2015060300100254,2015년 6월 3일 11시,수요일,전라남도 여수시 연등동,경상사고,0,0,1,0,차대사람 - 횡단중,안전운전불이행,건조,맑음,단일로 - 기타,화물,남,36세,상해없음,보행자,여,76세,경상
2015060300100255,2015년 6월 3일 11시,수요일,전라남도 완도군 노화읍,경상사고,0,0,1,0,차대차 - 추돌 - 진행중,중앙선침범,건조,맑음,단일로 - 기타,승용,남,74세,상해없음,승용,여,41세,경상
2015060300100277,2015년 6월 3일 12시,수요일,전라남도 나주시 남평읍,경상사고,0,0,1,0,차대사람 - 차도통행중,안전운전불이행,건조,맑음,교차로 - 교차로안,승용,남,28세,상해없음,보행자,남,61세,경상
2015060300100278,2015년 6월 3일 12시,수요일,전라남도 나주시 왕곡면,사망사고,1,0,0,0,차량단독 - 도로외이탈 - 추락,안전운전불이행,건조,맑음,단일로 - 기타,농기계,남,64세,사망,,,,
2015060300100279,2015년 6월 3일 12시,수요일,전라남도 해남군 해남읍,중상사고,0,1,0,0,차대사람 - 횡단중,안전운전불이행,건조,맑음,교차로 - 교차로부근,승용,남,43세,상해없음,보행자,남,52세,중상
2015060300100308,2015년 6월 3일 13시,수요일,전라남도 신안군 흑산면,중상사고,0,1,4,0,차대차 - 정면충돌,중앙선침범,건조,맑음,기타 - 기타,승합,남,40세,상해없음,승용,남,47세,중상
2015060300100309,2015년 6월 3일 13시,수요일,전라남도 해남군 현산면,중상사고,0,2,0,0,차량단독 - 공작물충돌,안전운전불이행,건조,맑음,단일로 - 기타,승용,여,56세,상해없음,,,,
2015060300100310,2015년 6월 3일 13시,수요일,전라남도 광양시 진상면,중상사고,0,1,0,0,차대사람 - 기타,안전운전불이행,건조,맑음,기타 - 기타,화물,남,37세,상해없음,보행자,여,82세,중상
2015060300100337,2015년 6월 3일 14시,수요일,전라남도 여수시 둔덕동,경상사고,0,0,1,0,차량단독 - 전도전복,안전운전불이행,건조,맑음,교차로 - 교차로안,이륜,남,19세,경상,,,,
2015060300100338,2015년 6월 3일 14시,수요일,전라남도 강진군 강진읍,중상사고,0,1,0,0,차대차 - 측면직각충돌,직진우회전진행방해,건조,맑음,교차로 - 교차로안,화물,남,52세,상해없음,원동기,남,46세,중상
2015060300100339,2015년 6월 3일 14시,수요일,전라남도 광양시 광양읍,중상사고,0,1,0,0,차대차 - 기타,안전운전불이행,건조,맑음,기타 - 기타,승용,남,38세,상해없음,농기계,남,79세,중상
2015060300100340,2015년 6월 3일 14시,수요일,전라남도 장성군 북이면,경상사고,0,0,1,0,차량단독 - 기타,안전운전불이행,건조,맑음,단일로 - 기타,승용,남,41세,경상,,,,
2015060300100369,2015년 6월 3일 15시,수요일,전라남도 화순군 화순읍,경상사고,0,0,2,0,차대차 - 측면직각충돌,안전운전불이행,건조,맑음,교차로 - 교차로안,이륜,남,18세,상해없음,승용,남,49세,경상
2015060300100412,2015년 6월 3일 16시,수요일,전라남도 목포시 옥암동,중상사고,0,1,0,0,차대사람 - 횡단중,신호위반,건조,맑음,단일로 - 기타,승용,남,54세,상해없음,보행자,남,8세,중상
2015060300100413,2015년 6월 3일 16시,수요일,전라남도 여수시 신기동,중상사고,0,1,0,0,차대사람 - 횡단중,보행자보호의무위반,건조,맑음,교차로 - 교차로부근,화물,남,35세,상해없음,보행자,남,13세,중상
2015060300100414,2015년 6월 3일 16시,수요일,전라남도 순천시 조례동,경상사고,0,0,1,0,차대차 - 기타,기타,건조,맑음,단일로 - 기타,승용,여,31세,상해없음,자전거,남,6세,경상
2015060300100415,2015년 6월 3일 16시,수요일,전라남도 고흥군 금산면,중상사고,0,1,0,0,차대차 - 기타,안전운전불이행,건조,맑음,교차로 - 교차로안,건설기계,남,43세,중상,승용,여,53세,상해없음
2015060300100416,2015년 6월 3일 16시,수요일,전라남도 완도군 노화읍,중상사고,0,1,0,0,차대차 - 측면직각충돌,안전운전불이행,건조,맑음,단일로 - 기타,농기계,남,84세,중상,화물,남,56세,상해없음
2015060300100472,2015년 6월 3일 17시,수요일,전라남도 여수시 화장동,경상사고,0,0,1,0,차대차 - 추돌 - 주정차중,안전거리미확보,건조,맑음,교차로 - 교차로부근,승용,남,60세,상해없음,승용,남,35세,경상
2015060300100473,2015년 6월 3일 17시,수요일,전라남도 장흥군 장흥읍,경상사고,0,0,2,0,차대차 - 측면직각충돌,직진우회전진행방해,건조,맑음,교차로 - 교차로안,승용,남,54세,상해없음,승용,여,50세,경상
2015060300100474,2015년 6월 3일 17시,수요일,전라남도 화순군 화순읍,경상사고,0,0,4,0,차대차 - 추돌 - 주정차중,안전운전불이행,건조,맑음,교차로 - 교차로부근,승용,남,60세,상해없음,승용,여,62세,경상
2015060300100475,2015년 6월 3일 17시,수요일,전라남도 함평군 학교면,중상사고,0,1,1,0,차량단독 - 기타,안전운전불이행,건조,맑음,단일로 - 기타,승용,여,54세,경상,,,,
2015060300100570,2015년 6월 3일 19시,수요일,전라남도 순천시 서면,경상사고,0,0,1,0,차대차 - 기타,안전거리미확보,건조,맑음,단일로 - 기타,원동기,남,56세,경상,승합,남,43세,상해없음
2015060300100571,2015년 6월 3일 19시,수요일,전라남도 나주시 삼영동,경상사고,0,0,1,0,차대차 - 기타,안전운전불이행,건조,맑음,교차로 - 교차로부근,기타불명,기타불명,기타불명,기타불명,자전거,남,16세,경상
2015060300100605,2015년 6월 3일 20시,수요일,전라남도 여수시 문수동,중상사고,0,1,0,0,차대사람 - 길가장자리구역통행중,안전운전불이행,건조,맑음,단일로 - 기타,승용,여,45세,상해없음,보행자,남,64세,중상
2015060300100606,2015년 6월 3일 20시,수요일,전라남도 영암군 삼호읍,경상사고,0,0,1,0,차대차 - 측면직각충돌,안전운전불이행,건조,맑음,교차로 - 교차로안,승용,남,41세,상해없음,승용,여,42세,경상
2015060300100632,2015년 6월 3일 21시,수요일,전라남도 순천시 장천동,경상사고,0,0,1,0,차대사람 - 횡단중,신호위반,건조,맑음,단일로 - 기타,승용,남,63세,상해없음,보행자,남,40세,경상
2015060300100659,2015년 6월 3일 22시,수요일,전라남도 목포시 동명동,경상사고,0,0,1,0,차대차 - 기타,신호위반,건조,맑음,교차로 - 교차로안,승용,남,62세,상해없음,승용,여,48세,경상
2015060300100660,2015년 6월 3일 22시,수요일,전라남도 목포시 호남동,경상사고,0,0,1,0,차대차 - 측면직각충돌,중앙선침범,건조,맑음,기타 - 기타,자전거,남,24세,경상,승용,여,51세,상해없음
2015060300100661,2015년 6월 3일 22시,수요일,전라남도 광양시 중동,부상신고사고,0,0,0,1,차대차 - 추돌 - 진행중,안전거리미확보,건조,맑음,단일로 - 기타,승용,남,43세,상해없음,승용,남,45세,부상신고
2015060400100013,2015년 6월 4일 00시,목요일,전라남도 순천시 연향동,경상사고,0,0,1,0,차대차 - 기타,안전운전불이행,건조,맑음,단일로 - 기타,승용,남,22세,경상,승용,여,36세,기타불명
2015060400100014,2015년 6월 4일 00시,목요일,전라남도 광양시 광영동,중상사고,0,1,1,0,차대차 - 측면직각충돌,안전운전불이행,건조,맑음,단일로 - 기타,승용,남,38세,상해없음,승용,남,51세,경상
2015060400100041,2015년 6월 4일 02시,목요일,전라남도 순천시 조례동,경상사고,0,0,1,0,차대사람 - 횡단중,보행자보호의무위반,건조,맑음,단일로 - 횡단보도상,승용,남,26세,상해없음,보행자,남,20세,경상
2015060400100053,2015년 6월 4일 04시,목요일,전라남도 순천시 남정동,중상사고,0,1,0,0,차대사람 - 기타,신호위반,건조,맑음,교차로 - 교차로부근,승합,여,49세,상해없음,보행자,여,79세,중상
2015060400100112,2015년 6월 4일 07시,목요일,전라남도 목포시 상동,경상사고,0,0,1,0,차대사람 - 기타,안전운전불이행,건조,맑음,교차로 - 교차로부근,승용,남,56세,상해없음,보행자,남,62세,경상
2015060400100113,2015년 6월 4일 07시,목요일,전라남도 순천시 연향동,경상사고,0,0,1,0,차대차 - 기타,중앙선침범,건조,맑음,단일로 - 기타,승용,남,27세,상해없음,승용,남,35세,경상
2015060400100144,2015년 6월 4일 08시,목요일,전라남도 여수시 웅천동,경상사고,0,0,1,0,차대차 - 측면직각충돌,안전운전불이행,건조,맑음,교차로 - 교차로안,승용,여,28세,상해없음,승용,여,32세,경상
2015060400100145,2015년 6월 4일 08시,목요일,전라남도 나주시 석현동,중상사고,0,1,1,0,차대차 - 측면직각충돌,안전운전불이행,건조,맑음,교차로 - 교차로안,승용,여,56세,중상,승용,여,43세,경상
2015060400100146,2015년 6월 4일 08시,목요일,전라남도 광양시 중동,경상사고,0,0,1,0,차대사람 - 횡단중,신호위반,건조,맑음,단일로 - 횡단보도상,승용,여,24세,상해없음,보행자,여,15세,경상
2015060400100183,2015년 6월 4일 09시,목요일,전라남도 순천시 월등면,중상사고,0,1,0,0,차대차 - 측면직각충돌,안전운전불이행,건조,맑음,교차로 - 교차로안,승용,남,48세,상해없음,승합,남,65세,상해없음
2015060400100184,2015년 6월 4일 09시,목요일,전라남도 화순군 화순읍,경상사고,0,0,1,0,차대차 - 기타,안전운전불이행,건조,맑음,교차로 - 교차로부근,승용,여,56세,상해없음,승용,남,64세,경상
2015060400100185,2015년 6월 4일 09시,목요일,전라남도 화순군 동면,경상사고,0,0,1,0,차대차 - 기타,안전운전불이행,건조,맑음,단일로 - 기타,승용,남,52세,경상,건설기계,남,53세,상해없음
2015060400100214,2015년 6월 4일 10시,목요일,전라남도 나주시 대호동,경상사고,0,0,3,0,차대차 - 추돌 - 주정차중,안전거리미확보,건조,맑음,단일로 - 기타,승용,남,77세,경상,승용,남,68세,경상
2015060400100215,2015년 6월 4일 10시,목요일,전라남도 해남군 해남읍,경상사고,0,0,1,0,차대차 - 추돌 - 진행중,안전거리미확보,건조,맑음,단일로 - 기타,화물,남,48세,상해없음,원동기,남,63세,경상
2015060400100242,2015년 6월 4일 11시,목요일,전라남도 나주시 산포면,부상신고사고,0,0,0,1,차대차 - 측면직각충돌,안전거리미확보,건조,맑음,단일로 - 기타,원동기,남,72세,부상신고,승용,남,53세,상해없음
2015060400100275,2015년 6월 4일 12시,목요일,전라남도 여수시 둔덕동,경상사고,0,0,1,0,차대차 - 추돌 - 진행중,안전운전불이행,건조,맑음,단일로 - 기타,화물,남,37세,상해없음,승용,여,58세,경상
2015060400100276,2015년 6월 4일 12시,목요일,전라남도 순천시 조례동,중상사고,0,1,0,0,차대차 - 측면직각충돌,기타,건조,맑음,단일로 - 기타,승용,남,51세,상해없음,이륜,남,34세,중상
2015060400100277,2015년 6월 4일 12시,목요일,전라남도 보성군 조성면,경상사고,0,0,4,0,차대차 - 측면직각충돌,안전운전불이행,건조,맑음,교차로 - 교차로안,승용,남,71세,경상,승합,남,62세,상해없음
2015060400100278,2015년 6월 4일 12시,목요일,전라남도 보성군 벌교읍,중상사고,0,1,0,1,차대차 - 측면직각충돌,직진우회전진행방해,건조,맑음,교차로 - 교차로안,승용,남,21세,부상신고,화물,남,53세,중상
2015060400100316,2015년 6월 4일 13시,목요일,전라남도 여수시 중앙동,중상사고,0,1,0,0,차대사람 - 차도통행중,안전운전불이행,건조,맑음,단일로 - 기타,승용,남,54세,상해없음,보행자,여,65세,중상
2015060400100317,2015년 6월 4일 13시,목요일,전라남도 순천시 연향동,경상사고,0,0,1,0,차대차 - 기타,교차로운행방법위반,건조,맑음,교차로 - 교차로안,승용,남,33세,상해없음,이륜,남,17세,경상
2015060400100318,2015년 6월 4일 13시,목요일,전라남도 장흥군 장흥읍,경상사고,0,0,1,0,차대차 - 측면직각충돌,안전운전불이행,건조,맑음,교차로 - 교차로안,화물,남,56세,상해없음,승용,여,31세,경상
2015060400100381,2015년 6월 4일 15시,목요일,전라남도 나주시 대호동,중상사고,0,1,0,0,차대차 - 측면직각충돌,신호위반,건조,맑음,교차로 - 교차로안,승용,남,26세,상해없음,원동기,남,59세,중상
2015060400100421,2015년 6월 4일 16시,목요일,전라남도 순천시 석현동,사망사고,1,0,0,0,차대사람 - 횡단중,보행자보호의무위반,건조,맑음,단일로 - 횡단보도상,화물,남,49세,상해없음,보행자,여,73세,사망
2015060400100422,2015년 6월 4일 16시,목요일,전라남도 장흥군 관산읍,중상사고,0,1,0,0,차대사람 - 횡단중,안전운전불이행,건조,맑음,단일로 - 기타,승용,여,53세,상해없음,보행자,남,12세,중상
2015060400100423,2015년 6월 4일 16시,목요일,전라남도 보성군 조성면,중상사고,0,1,0,0,차대차 - 기타,안전운전불이행,건조,맑음,단일로 - 기타,원동기,남,82세,중상,승용,남,74세,상해없음
2015060400100424,2015년 6월 4일 16시,목요일,전라남도 담양군 고서면,중상사고,0,1,0,0,차대차 - 기타,직진우회전진행방해,건조,맑음,교차로 - 교차로안,승용,남,72세,상해없음,원동기,남,78세,중상
2015060400100425,2015년 6월 4일 16시,목요일,전라남도 광양시 중동,경상사고,0,0,1,0,차대차 - 측면직각충돌,안전운전불이행,건조,맑음,단일로 - 기타,자전거,남,10세,경상,승합,남,44세,상해없음
2015060400100462,2015년 6월 4일 17시,목요일,전라남도 해남군 북평면,중상사고,0,1,0,0,차대사람 - 기타,안전운전불이행,기타,맑음,기타 - 기타,화물,남,70세,상해없음,보행자,여,52세,중상
2015060400100463,2015년 6월 4일 17시,목요일,전라남도 함평군 학교면,경상사고,0,0,1,0,차대차 - 측면직각충돌,안전운전불이행,건조,맑음,교차로 - 교차로안,승용,여,27세,경상,승용,남,23세,상해없음
2015060400100464,2015년 6월 4일 17시,목요일,전라남도 무안군 삼향읍,경상사고,0,0,1,0,차대사람 - 횡단중,안전운전불이행,건조,맑음,단일로 - 기타,승합,남,59세,상해없음,보행자,남,6세,경상
2015060400100465,2015년 6월 4일 17시,목요일,전라남도 광양시 중군동,경상사고,0,0,2,0,차대차 - 추돌 - 진행중,안전운전불이행,건조,맑음,교차로 - 교차로안,승용,남,52세,상해없음,승합,남,33세,경상
2015060400100503,2015년 6월 4일 18시,목요일,전라남도 목포시 상동,경상사고,0,0,5,0,차대차 - 측면직각충돌,직진우회전진행방해,건조,맑음,교차로 - 교차로안,승용,남,58세,경상,승용,남,41세,경상
2015060400100504,2015년 6월 4일 18시,목요일,전라남도 여수시 율촌면,경상사고,0,0,2,0,차대차 - 추돌 - 진행중,안전거리미확보,건조,맑음,단일로 - 기타,승용,남,22세,경상,승용,남,54세,상해없음
2015060400100505,2015년 6월 4일 18시,목요일,전라남도 순천시 매곡동,경상사고,0,0,2,0,차대사람 - 횡단중,안전운전불이행,건조,맑음,단일로 - 횡단보도부근,이륜,남,26세,경상,보행자,여,39세,경상
2015060400100506,2015년 6월 4일 18시,목요일,전라남도 담양군 무정면,중상사고,0,1,1,0,차대차 - 기타,안전운전불이행,건조,맑음,교차로 - 교차로안,승용,여,26세,경상,화물,남,44세,중상
2015060400100539,2015년 6월 4일 19시,목요일,전라남도 순천시 풍덕동,경상사고,0,0,1,0,차대차 - 측면직각충돌,안전운전불이행,건조,맑음,단일로 - 기타,승용,남,50세,상해없음,이륜,남,17세,경상
2015060400100540,2015년 6월 4일 19시,목요일,전라남도 영암군 삼호읍,경상사고,0,0,1,0,차대차 - 측면직각충돌,안전운전불이행,건조,맑음,단일로 - 기타,승용,남,39세,상해없음,이륜,남,60세,경상
2015060400100573,2015년 6월 4일 20시,목요일,전라남도 목포시 상동,경상사고,0,0,2,0,차대차 - 추돌 - 진행중,차로위반,건조,맑음,단일로 - 기타,승용,남,55세,경상,승용,여,47세,경상
2015060400100574,2015년 6월 4일 20시,목요일,전라남도 장성군 삼서면,중상사고,0,1,0,0,차대사람 - 보도통행중,안전운전불이행,건조,맑음,단일로 - 기타,승용,남,44세,상해없음,보행자,남,55세,중상
2015060400100596,2015년 6월 4일 21시,목요일,전라남도 무안군 청계면,중상사고,0,1,1,0,차대차 - 추돌 - 진행중,안전운전불이행,건조,맑음,단일로 - 기타,화물,남,46세,중상,농기계,남,63세,경상
2015060400100597,2015년 6월 4일 21시,목요일,전라남도 광양시 금호동,중상사고,0,1,0,0,차량단독 - 공작물충돌,안전운전불이행,건조,맑음,교차로 - 교차로부근,승용,남,63세,중상,,,,
2015060400100598,2015년 6월 4일 21시,목요일,전라남도 순천시 서면,경상사고,0,0,1,0,차량단독 - 기타,안전운전불이행,건조,맑음,단일로 - 기타,승용,남,64세,경상,,,,
2015060400100641,2015년 6월 4일 22시,목요일,전라남도 여수시 주삼동,경상사고,0,0,2,0,차대차 - 측면직각충돌,안전거리미확보,건조,맑음,교차로 - 교차로부근,승용,남,51세,상해없음,승용,남,26세,경상
2015060500100036,2015년 6월 5일 01시,금요일,전라남도 여수시 학동,경상사고,0,0,1,0,차대차 - 추돌 - 주정차중,안전운전불이행,건조,맑음,교차로 - 교차로부근,승용,남,25세,기타불명,이륜,남,41세,경상
2015060500100065,2015년 6월 5일 04시,금요일,전라남도 순천시 중앙동,중상사고,0,1,0,0,차대사람 - 기타,안전운전불이행,습기,비,교차로 - 교차로부근,승용,남,53세,상해없음,보행자,여,64세,중상
2015060500100080,2015년 6월 5일 05시,금요일,전라남도 나주시 산포면,중상사고,0,1,0,0,차량단독 - 공작물충돌,기타,습기,흐림,단일로 - 기타,화물,여,59세,중상,,,,
2015060500100097,2015년 6월 5일 06시,금요일,전라남도 순천시 해룡면,경상사고,0,0,2,0,차대차 - 정면충돌,교차로운행방법위반,건조,맑음,교차로 - 교차로안,승용,여,55세,경상,화물,남,49세,경상
2015060500100127,2015년 6월 5일 07시,금요일,전라남도 담양군 담양읍,경상사고,0,0,1,0,차대차 - 기타,안전거리미확보,습기,맑음,교차로 - 교차로부근,화물,남,58세,상해없음,승용,여,53세,경상
2015060500100168,2015년 6월 5일 08시,금요일,전라남도 광양시 금호동,경상사고,0,0,1,0,차량단독 - 공작물충돌,안전운전불이행,습기,비,단일로 - 교량,화물,남,50세,경상,,,,
2015060500100216,2015년 6월 5일 09시,금요일,전라남도 여수시 봉계동,경상사고,0,0,2,0,차대차 - 추돌 - 진행중,안전거리미확보,습기,비,단일로 - 기타,승용,여,35세,상해없음,승용,여,64세,경상
2015060500100217,2015년 6월 5일 09시,금요일,전라남도 영암군 신북면,경상사고,0,0,3,0,차대차 - 추돌 - 진행중,안전거리미확보,습기,비,교차로 - 교차로부근,화물,남,57세,상해없음,승용,남,43세,경상
2015060500100279,2015년 6월 5일 11시,금요일,전라남도 순천시 장천동,경상사고,0,0,1,0,차대차 - 기타,안전거리미확보,습기,비,교차로 - 교차로안,화물,남,49세,상해없음,화물,남,53세,상해없음
2015060500100280,2015년 6월 5일 11시,금요일,전라남도 강진군 병영면,경상사고,0,0,2,0,차대차 - 측면직각충돌,기타,건조,맑음,교차로 - 교차로안,화물,남,25세,상해없음,승용,남,67세,경상
2015060500100308,2015년 6월 5일 12시,금요일,전라남도 순천시 오천동,경상사고,0,0,3,0,차대차 - 기타,안전거리미확보,건조,맑음,단일로 - 기타,승용,남,38세,상해없음,승용,여,58세,상해없음
2015060500100340,2015년 6월 5일 13시,금요일,전라남도 여수시 주삼동,경상사고,0,0,2,0,차대차 - 측면직각충돌,교차로운행방법위반,건조,맑음,교차로 - 교차로안,승용,여,43세,상해없음,승용,남,24세,경상
2015060500100341,2015년 6월 5일 13시,금요일,전라남도 영암군 영암읍,중상사고,0,1,0,0,차대차 - 측면직각충돌,안전운전불이행,건조,맑음,교차로 - 교차로부근,승용,여,48세,상해없음,원동기,남,62세,중상
2015060500100342,2015년 6월 5일 13시,금요일,전라남도 강진군 신전면,중상사고,0,1,0,0,차대차 - 기타,안전운전불이행,건조,맑음,교차로 - 교차로안,승용,여,46세,상해없음,원동기,남,78세,중상
2015060500100392,2015년 6월 5일 15시,금요일,전라남도 목포시 옥암동,경상사고,0,0,1,0,차대차 - 기타,안전운전불이행,건조,맑음,교차로 - 교차로안,승용,여,50세,경상,화물,남,38세,상해없음
2015060500100393,2015년 6월 5일 15시,금요일,전라남도 나주시 대호동,경상사고,0,0,2,0,차대차 - 측면직각충돌,안전운전불이행,건조,맑음,교차로 - 교차로안,승용,남,52세,상해없음,승용,남,67세,경상
2015060500100419,2015년 6월 5일 16시,금요일,전라남도 담양군 수북면,경상사고,0,0,1,0,차대차 - 측면직각충돌,안전운전불이행,건조,맑음,단일로 - 기타,원동기,남,73세,경상,화물,남,38세,상해없음
2015060500100463,2015년 6월 5일 17시,금요일,전라남도 무안군 운남면,경상사고,0,0,1,0,차량단독 - 공작물충돌,안전운전불이행,건조,맑음,교차로 - 교차로안,이륜,여,67세,경상,,,,
2015060500100612,2015년 6월 5일 21시,금요일,전라남도 순천시 조례동,경상사고,0,0,1,0,차대차 - 기타,안전운전불이행,건조,맑음,교차로 - 교차로부근,승용,남,39세,상해없음,이륜,남,18세,경상
2015060500100613,2015년 6월 5일 21시,금요일,전라남도 나주시 다시면,경상사고,0,0,1,0,차대차 - 기타,안전운전불이행,건조,기타,단일로 - 기타,승용,남,42세,경상,승용,남,36세,상해없음
2015060500100675,2015년 6월 5일 23시,금요일,전라남도 목포시 옥암동,중상사고,0,1,2,0,차대차 - 측면직각충돌,교차로운행방법위반,건조,맑음,교차로 - 교차로안,승용,남,36세,상해없음,이륜,남,29세,중상
2015060500100676,2015년 6월 5일 23시,금요일,전라남도 순천시 인제동,중상사고,0,1,0,0,차대사람 - 기타,안전운전불이행,건조,맑음,단일로 - 기타,승용,남,58세,상해없음,보행자,남,43세,중상
2015060600100016,2015년 6월 6일 00시,토요일,전라남도 여수시 신월동,중상사고,0,1,4,0,차대차 - 측면직각충돌,불법유턴,건조,맑음,단일로 - 기타,승용,남,21세,경상,승용,남,26세,경상
2015060600100017,2015년 6월 6일 00시,토요일,전라남도 순천시 해룡면,경상사고,0,0,1,0,차대차 - 기타,기타,건조,맑음,교차로 - 교차로안,화물,남,31세,상해없음,승용,남,50세,경상
2015060600100050,2015년 6월 6일 01시,토요일,전라남도 목포시 상동,중상사고,0,2,0,0,차대사람 - 기타,안전운전불이행,건조,맑음,단일로 - 기타,승용,남,19세,상해없음,보행자,남,46세,중상
2015060600100103,2015년 6월 6일 04시,토요일,전라남도 여수시 해산동,경상사고,0,0,1,0,차대차 - 측면직각충돌,안전거리미확보,건조,맑음,단일로 - 기타,승용,남,27세,상해없음,승용,남,38세,경상
2015060600100121,2015년 6월 6일 06시,토요일,전라남도 목포시 용당동,중상사고,0,1,0,0,차대사람 - 기타,보행자보호의무위반,건조,맑음,교차로 - 교차로안,화물,남,52세,상해없음,보행자,남,59세,중상
2015060600100122,2015년 6월 6일 06시,토요일,전라남도 여수시 돌산읍,중상사고,0,1,2,0,차대차 - 측면직각충돌,신호위반,건조,맑음,교차로 - 교차로안,승용,남,72세,상해없음,화물,남,52세,경상
2015060600100180,2015년 6월 6일 09시,토요일,전라남도 순천시 상사면,중상사고,0,2,1,0,차대차 - 측면직각충돌,안전운전불이행,건조,맑음,교차로 - 교차로안,승용,여,53세,중상,승용,남,69세,경상
2015060600100212,2015년 6월 6일 10시,토요일,전라남도 나주시 보산동,중상사고,0,1,0,0,차대차 - 기타,안전운전불이행,건조,맑음,단일로 - 기타,화물,남,57세,상해없음,원동기,남,53세,중상
2015060600100234,2015년 6월 6일 11시,토요일,전라남도 해남군 북평면,경상사고,0,0,1,0,차대차 - 기타,안전운전불이행,건조,맑음,단일로 - 기타,이륜,남,46세,경상,승용,남,28세,상해없음
2015060600100342,2015년 6월 6일 14시,토요일,전라남도 여수시 신기동,경상사고,0,0,1,0,차대사람 - 횡단중,안전운전불이행,건조,맑음,단일로 - 기타,승용,남,61세,상해없음,보행자,여,10세,경상