사고번호,사고일시,요일,시군구,사고내용,사망자수,중상자수,경상자수,부상신고자수,사고유형,법규위반,노면상태,기상상태,도로형태,가해운전자 차종,가해운전자 성별,가해운전자 연령,가해운전자 상해정도,피해운전자 차종,피해운전자 성별,피해운전자 연령,피해운전자 상해정도
2015061400100056,2015년 6월 14일 02시,일요일,전라남도 목포시 상동,경상사고,0,0,1,0,차대차 - 정면충돌,중앙선침범,건조,맑음,단일로 - 기타,승용,남,27세,상해없음,승용,남,28세,경상
2015061400100057,2015년 6월 14일 02시,일요일,전라남도 나주시 송월동,경상사고,0,0,2,1,차대차 - 기타,신호위반,건조,맑음,교차로 - 교차로안,승용,남,44세,부상신고,승용,남,40세,경상
2015061400100091,2015년 6월 14일 04시,일요일,전라남도 목포시 연산동,중상사고,0,2,0,0,차량단독 - 기타,안전운전불이행,건조,맑음,단일로 - 기타,이륜,남,21세,중상,,,,
2015061400100092,2015년 6월 14일 04시,일요일,전라남도 무안군 삼향읍,중상사고,0,1,0,0,차량단독 - 공작물충돌,안전운전불이행,건조,맑음,단일로 - 기타,승용,남,44세,중상,,,,
2015061400100111,2015년 6월 14일 05시,일요일,전라남도 광양시 광양읍,경상사고,0,0,4,0,차대차 - 추돌 - 진행중,안전운전불이행,건조,맑음,교차로 - 교차로부근,승용,남,25세,경상,화물,남,43세,경상
2015061400100127,2015년 6월 14일 06시,일요일,전라남도 순천시 덕암동,중상사고,0,1,0,0,차대차 - 기타,직진우회전진행방해,건조,맑음,교차로 - 교차로안,승용,남,64세,상해없음,승합,남,44세,상해없음
2015061400100128,2015년 6월 14일 06시,일요일,전라남도 나주시 노안면,중상사고,0,1,0,0,차량단독 - 공작물충돌,안전운전불이행,건조,맑음,단일로 - 기타,승용,남,39세,중상,,,,
2015061400100138,2015년 6월 14일 07시,일요일,전라남도 보성군 보성읍,경상사고,0,0,2,0,차량단독 - 도로외이탈 - 추락,안전운전불이행,건조,맑음,기타 - 기타,승용,여,64세,경상,,,,
2015061400100169,2015년 6월 14일 09시,일요일,전라남도 광양시 광양읍,중상사고,0,1,0,0,차대차 - 추돌 - 주정차중,안전운전불이행,건조,맑음,단일로 - 기타,승용,남,70세,중상,승용,남,40세,기타불명
2015061400100206,2015년 6월 14일 11시,일요일,전라남도 영광군 홍농읍,경상사고,0,0,1,0,차대차 - 측면직각충돌,중앙선침범,건조,맑음,단일로 - 기타,승용,남,58세,상해없음,승용,여,72세,경상
2015061400100227,2015년 6월 14일 12시,일요일,전라남도 함평군 학교면,경상사고,0,0,2,0,차량단독 - 공작물충돌,안전운전불이행,습기,비,교차로 - 교차로부근,화물,남,65세,경상,,,,
2015061400100252,2015년 6월 14일 13시,일요일,전라남도 나주시 이창동,경상사고,0,0,1,0,차대차 - 측면직각충돌,직진우회전진행방해,건조,맑음,교차로 - 교차로안,승용,남,79세,상해없음,원동기,남,35세,경상
2015061400100253,2015년 6월 14일 13시,일요일,전라남도 무안군 청계면,경상사고,0,0,4,0,차대차 - 추돌 - 진행중,안전운전불이행,건조,맑음,단일로 - 기타,승용,남,43세,상해없음,승용,여,61세,경상
2015061400100279,2015년 6월 14일 14시,일요일,전라남도 영암군 삼호읍,경상사고,0,0,2,0,차대차 - 측면직각충돌,안전운전불이행,건조,맑음,교차로 - 교차로안,승용,남,62세,상해없음,승용,여,23세,경상
2015061400100300,2015년 6월 14일 15시,일요일,전라남도 광양시 진상면,중상사고,0,1,0,0,차대차 - 측면직각충돌,안전운전불이행,건조,맑음,단일로 - 기타,승용,남,30세,상해없음,승용,남,75세,중상
2015061400100521,2015년 6월 14일 22시,일요일,전라남도 목포시 상동,경상사고,0,0,3,0,차대차 - 기타,안전운전불이행,건조,맑음,단일로 - 기타,승합,남,45세,상해없음,화물,남,44세,경상
2015061500100028,2015년 6월 15일 03시,월요일,전라남도 무안군 일로읍,사망사고,1,1,0,0,차대차 - 기타,과속,건조,맑음,단일로 - 기타,화물,남,40세,중상,승용,남,51세,사망
2015061500100068,2015년 6월 15일 07시,월요일,전라남도 광양시 광양읍,경상사고,0,0,1,0,차대차 - 추돌 - 진행중,안전운전불이행,건조,맑음,단일로 - 기타,화물,남,43세,상해없음,승용,남,31세,경상
2015061500100069,2015년 6월 15일 07시,월요일,전라남도 광양시 광양읍,경상사고,0,0,4,0,차대차 - 추돌 - 주정차중,안전거리미확보,건조,맑음,단일로 - 횡단보도부근,승용,남,43세,경상,승용,남,61세,경상
2015061500100126,2015년 6월 15일 08시,월요일,전라남도 고흥군 도덕면,중상사고,0,1,1,0,차대차 - 기타,안전운전불이행,건조,맑음,교차로 - 교차로안,승용,남,51세,상해없음,화물,남,53세,중상
2015061500100127,2015년 6월 15일 08시,월요일,전라남도 영암군 삼호읍,경상사고,0,0,1,0,차대차 - 기타,안전운전불이행,건조,맑음,단일로 - 기타,화물,남,49세,상해없음,화물,남,47세,경상
2015061500100157,2015년 6월 15일 09시,월요일,전라남도 강진군 병영면,경상사고,0,0,1,0,차대차 - 기타,안전운전불이행,건조,맑음,단일로 - 기타,화물,남,73세,상해없음,이륜,여,74세,경상
2015061500100179,2015년 6월 15일 10시,월요일,전라남도 나주시 중앙동,중상사고,0,1,0,0,차대사람 - 기타,안전운전불이행,건조,맑음,단일로 - 기타,승합,남,65세,상해없음,보행자,남,85세,중상
2015061500100180,2015년 6월 15일 10시,월요일,전라남도 나주시 문평면,경상사고,0,0,2,0,차대차 - 측면직각충돌,직진우회전진행방해,건조,맑음,교차로 - 교차로안,승용,남,83세,경상,건설기계,남,49세,경상
2015061500100210,2015년 6월 15일 11시,월요일,전라남도 화순군 화순읍,경상사고,0,0,1,1,차대차 - 기타,안전운전불이행,건조,맑음,교차로 - 교차로안,승용,여,42세,부상신고,승용,남,44세,경상
2015061500100234,2015년 6월 15일 12시,월요일,전라남도 목포시 산정동,경상사고,0,0,1,0,차대차 - 측면직각충돌,안전운전불이행,건조,맑음,단일로 - 기타,화물,남,47세,상해없음,승용,남,35세,경상
2015061500100235,2015년 6월 15일 12시,월요일,전라남도 보성군 조성면,경상사고,0,0,1,0,차대차 - 정면충돌,안전운전불이행,건조,맑음,단일로 - 기타,원동기,남,73세,경상,화물,남,49세,상해없음
2015061500100236,2015년 6월 15일 12시,월요일,전라남도 장성군 삼계면,중상사고,0,1,0,0,차량단독 - 도로외이탈 - 추락,안전운전불이행,건조,맑음,단일로 - 기타,화물,남,33세,중상,,,,
2015061500100237,2015년 6월 15일 12시,월요일,전라남도 곡성군 옥과면,중상사고,0,1,0,0,차대차 - 추돌 - 진행중,안전운전불이행,건조,맑음,단일로 - 기타,원동기,남,34세,상해없음,자전거,남,86세,중상
2015061500100252,2015년 6월 15일 13시,월요일,전라남도 영암군 영암읍,중상사고,0,1,1,0,차대차 - 기타,안전거리미확보,건조,맑음,단일로 - 기타,승용,남,75세,중상,승용,남,59세,경상
2015061500100253,2015년 6월 15일 13시,월요일,전라남도 영암군 삼호읍,경상사고,0,0,1,0,차대차 - 기타,안전운전불이행,건조,맑음,단일로 - 기타,화물,남,29세,상해없음,승용,여,46세,경상
2015061500100254,2015년 6월 15일 13시,월요일,전라남도 광양시 광영동,중상사고,0,1,0,1,차대차 - 측면직각충돌,교차로운행방법위반,건조,맑음,교차로 - 교차로안,승용,여,35세,부상신고,승용,여,38세,중상
2015061500100286,2015년 6월 15일 14시,월요일,전라남도 목포시 영해동1가,경상사고,0,0,1,0,차대사람 - 기타,안전운전불이행,기타,맑음,단일로 - 기타,화물,남,46세,상해없음,보행자,남,56세,경상
2015061500100287,2015년 6월 15일 14시,월요일,전라남도 여수시 학동,중상사고,0,1,0,0,차대차 - 측면직각충돌,안전운전불이행,건조,맑음,교차로 - 교차로안,원동기,여,57세,중상,승용,여,59세,상해없음
2015061500100288,2015년 6월 15일 14시,월요일,전라남도 나주시 산포면,중상사고,0,1,0,0,차량단독 - 공작물충돌,안전운전불이행,건조,맑음,단일로 - 기타,승용,남,58세,중상,,,,
2015061500100322,2015년 6월 15일 15시,월요일,전라남도 광양시 금호동,중상사고,0,1,3,0,차대차 - 추돌 - 진행중,안전운전불이행,건조,흐림,단일로 - 교량,특수,남,37세,상해없음,승용,남,50세,경상
2015061500100357,2015년 6월 15일 16시,월요일,전라남도 목포시 석현동,경상사고,0,0,1,0,차대차 - 측면직각충돌,안전운전불이행,건조,맑음,교차로 - 교차로안,승용,여,44세,상해없음,승용,여,33세,경상
2015061500100390,2015년 6월 15일 17시,월요일,전라남도 나주시 남평읍,부상신고사고,0,0,0,1,차대사람 - 기타,안전운전불이행,건조,맑음,단일로 - 기타,승용,남,51세,상해없음,보행자,남,49세,부상신고
2015061500100391,2015년 6월 15일 17시,월요일,전라남도 고흥군 포두면,중상사고,0,1,0,0,차대사람 - 기타,안전운전불이행,건조,맑음,단일로 - 기타,화물,여,45세,상해없음,보행자,남,71세,중상
2015061500100421,2015년 6월 15일 18시,월요일,전라남도 보성군 벌교읍,중상사고,0,1,0,0,차량단독 - 전도전복,안전운전불이행,건조,맑음,교차로 - 교차로안,이륜,남,66세,중상,,,,
2015061500100422,2015년 6월 15일 18시,월요일,전라남도 영광군 영광읍,중상사고,0,1,1,0,차대차 - 측면직각충돌,교차로운행방법위반,건조,맑음,교차로 - 교차로안,승용,남,47세,중상,승용,여,47세,경상
2015061500100448,2015년 6월 15일 19시,월요일,전라남도 광양시 광양읍,중상사고,0,1,0,0,차대차 - 측면직각충돌,안전운전불이행,건조,맑음,단일로 - 기타,승용,남,57세,상해없음,이륜,남,64세,중상
2015061500100478,2015년 6월 15일 20시,월요일,전라남도 여수시 학동,경상사고,0,0,1,0,차대사람 - 차도통행중,안전운전불이행,건조,맑음,단일로 - 기타,승합,남,59세,상해없음,보행자,여,72세,경상
2015061500100479,2015년 6월 15일 20시,월요일,전라남도 보성군 보성읍,중상사고,0,1,0,0,차대사람 - 횡단중,안전운전불이행,건조,맑음,교차로 - 교차로안,승용,남,62세,상해없음,보행자,남,60세,중상
2015061500100553,2015년 6월 15일 22시,월요일,전라남도 장성군 장성읍,중상사고,0,1,0,0,차대사람 - 길가장자리구역통행중,안전운전불이행,건조,맑음,교차로 - 교차로부근,승용,남,41세,상해없음,보행자,여,50세,중상
2015061500100575,2015년 6월 15일 23시,월요일,전라남도 나주시 송월동,경상사고,0,0,1,0,차량단독 - 공작물충돌,안전운전불이행,건조,맑음,교차로 - 교차로부근,승용,남,41세,경상,,,,
2015061600100061,2015년 6월 16일 06시,화요일,전라남도 영광군 염산면,사망사고,1,0,0,0,차량단독 - 도로외이탈 - 추락,안전운전불이행,건조,맑음,단일로 - 기타,화물,여,55세,사망,,,,
2015061600100062,2015년 6월 16일 06시,화요일,전라남도 광양시 봉강면,경상사고,0,0,1,0,차량단독 - 공작물충돌,안전운전불이행,건조,맑음,단일로 - 기타,승용,남,24세,상해없음,,,,
2015061600100088,2015년 6월 16일 07시,화요일,전라남도 담양군 담양읍,경상사고,0,0,2,0,차대차 - 측면직각충돌,직진우회전진행방해,건조,흐림,교차로 - 교차로부근,승용,남,43세,상해없음,승용,남,71세,경상
2015061600100140,2015년 6월 16일 09시,화요일,전라남도 목포시 상동,경상사고,0,0,1,0,차대차 - 측면직각충돌,차로위반,건조,맑음,단일로 - 기타,승용,남,68세,경상,특수,남,61세,상해없음
2015061600100141,2015년 6월 16일 09시,화요일,전라남도 여수시 소라면,중상사고,0,1,0,0,차대차 - 추돌 - 주정차중,안전운전불이행,건조,맑음,단일로 - 기타,화물,남,38세,상해없음,승용,남,41세,중상
2015061600100168,2015년 6월 16일 10시,화요일,전라남도 순천시 덕암동,경상사고,0,0,1,0,차대차 - 측면직각충돌,신호위반,건조,맑음,교차로 - 교차로안,화물,남,61세,상해없음,승용,여,58세,경상
2015061600100169,2015년 6월 16일 10시,화요일,전라남도 보성군 벌교읍,경상사고,0,0,2,0,차대차 - 측면직각충돌,안전운전불이행,건조,맑음,단일로 - 기타,승합,남,61세,상해없음,특수,남,35세,경상
2015061600100196,2015년 6월 16일 11시,화요일,전라남도 고흥군 영남면,중상사고,0,1,0,0,차대차 - 기타,안전운전불이행,건조,맑음,교차로 - 교차로안,농기계,남,68세,상해없음,이륜,여,64세,중상
2015061600100197,2015년 6월 16일 11시,화요일,전라남도 영암군 삼호읍,중상사고,0,2,0,0,차대차 - 추돌 - 주정차중,안전운전불이행,건조,맑음,단일로 - 기타,승용,남,55세,중상,화물,남,31세,기타불명
2015061600100226,2015년 6월 16일 12시,화요일,전라남도 목포시 대의동3가,경상사고,0,0,2,0,차대차 - 측면직각충돌,차로위반,건조,맑음,단일로 - 기타,승용,남,60세,경상,특수,남,61세,경상
2015061600100227,2015년 6월 16일 12시,화요일,전라남도 장흥군 장흥읍,경상사고,0,0,1,0,차대사람 - 길가장자리구역통행중,기타,건조,맑음,단일로 - 기타,승용,여,73세,상해없음,보행자,남,45세,경상
2015061600100228,2015년 6월 16일 12시,화요일,전라남도 화순군 동복면,부상신고사고,0,0,0,1,차대차 - 기타,안전운전불이행,건조,맑음,단일로 - 기타,화물,남,41세,상해없음,이륜,남,82세,부상신고
2015061600100229,2015년 6월 16일 12시,화요일,전라남도 영암군 삼호읍,중상사고,0,1,2,0,차대차 - 측면직각충돌,안전운전불이행,건조,맑음,교차로 - 교차로안,승용,남,23세,경상,승용,여,33세,중상
2015061600100251,2015년 6월 16일 13시,화요일,전라남도 장성군 삼계면,중상사고,0,1,0,0,차대차 - 측면직각충돌,중앙선침범,건조,맑음,단일로 - 기타,화물,남,36세,상해없음,승용,남,53세,중상
2015061600100252,2015년 6월 16일 13시,화요일,전라남도 광양시 진상면,경상사고,0,0,1,0,차대사람 - 기타,안전운전불이행,건조,맑음,교차로 - 교차로안,승용,남,63세,상해없음,보행자,여,86세,경상
2015061600100279,2015년 6월 16일 14시,화요일,전라남도 여수시 돌산읍,중상사고,0,1,0,0,차대사람 - 길가장자리구역통행중,안전운전불이행,건조,맑음,단일로 - 기타,화물,남,41세,상해없음,보행자,남,57세,중상
2015061600100280,2015년 6월 16일 14시,화요일,전라남도 장성군 서삼면,경상사고,0,0,1,0,차대차 - 기타,중앙선침범,건조,맑음,교차로 - 교차로부근,승용,여,67세,상해없음,승용,남,54세,상해없음
2015061600100355,2015년 6월 16일 16시,화요일,전라남도 여수시 소호동,경상사고,0,0,2,0,차대차 - 추돌 - 진행중,안전운전불이행,건조,맑음,단일로 - 기타,승용,여,38세,상해없음,이륜,남,72세,경상
2015061600100356,2015년 6월 16일 16시,화요일,전라남도 영암군 삼호읍,중상사고,0,1,1,0,차대차 - 추돌 - 진행중,안전운전불이행,건조,맑음,단일로 - 기타,화물,남,49세,상해없음,승용,남,70세,중상
2015061600100357,2015년 6월 16일 16시,화요일,전라남도 영암군 삼호읍,경상사고,0,0,3,0,차대차 - 추돌 - 진행중,안전운전불이행,건조,맑음,단일로 - 기타,승용,여,28세,경상,화물,남,46세,경상
2015061600100358,2015년 6월 16일 16시,화요일,전라남도 영암군 삼호읍,경상사고,0,0,2,0,차대차 - 추돌 - 진행중,안전운전불이행,건조,맑음,단일로 - 기타,승용,남,43세,상해없음,승용,여,28세,경상
2015061600100359,2015년 6월 16일 16시,화요일,전라남도 영암군 삼호읍,경상사고,0,0,2,0,차대차 - 추돌 - 주정차중,안전운전불이행,건조,맑음,단일로 - 기타,승용,남,70세,경상,승용,남,43세,기타불명
2015061600100360,2015년 6월 16일 16시,화요일,전라남도 강진군 강진읍,경상사고,0,0,1,0,차대차 - 측면직각충돌,직진우회전진행방해,건조,맑음,교차로 - 교차로안,화물,남,28세,상해없음,자전거,남,12세,경상
2015061600100361,2015년 6월 16일 16시,화요일,전라남도 무안군 현경면,경상사고,0,0,1,0,차대차 - 추돌 - 진행중,안전운전불이행,건조,맑음,단일로 - 기타,승용,여,65세,상해없음,승용,여,51세,경상
2015061600100401,2015년 6월 16일 17시,화요일,전라남도 곡성군 곡성읍,경상사고,0,0,3,0,차대차 - 추돌 - 주정차중,안전운전불이행,건조,맑음,단일로 - 기타,승용,여,60세,상해없음,승용,여,29세,경상
2015061600100441,2015년 6월 16일 18시,화요일,전라남도 목포시 상동,경상사고,0,0,1,0,차대차 - 측면직각충돌,차로위반,건조,맑음,단일로 - 기타,승용,여,40세,상해없음,이륜,여,18세,경상
2015061600100442,2015년 6월 16일 18시,화요일,전라남도 해남군 해남읍,중상사고,0,1,0,0,차대사람 - 기타,안전운전불이행,건조,흐림,단일로 - 기타,승용,남,34세,상해없음,보행자,남,5세,중상
2015061600100443,2015년 6월 16일 18시,화요일,전라남도 함평군 나산면,경상사고,0,0,3,0,차대차 - 기타,중앙선침범,건조,맑음,단일로 - 기타,승용,남,30세,상해없음,승용,남,41세,상해없음
2015061600100444,2015년 6월 16일 18시,화요일,전라남도 영암군 삼호읍,경상사고,0,0,4,0,차대차 - 측면직각충돌,안전운전불이행,건조,맑음,단일로 - 기타,승용,남,42세,상해없음,승용,남,28세,경상
2015061600100484,2015년 6월 16일 19시,화요일,전라남도 나주시 대호동,사망사고,1,0,0,0,차대사람 - 횡단중,안전운전불이행,건조,맑음,단일로 - 기타,승용,여,27세,상해없음,보행자,여,74세,사망
2015061600100485,2015년 6월 16일 19시,화요일,전라남도 강진군 신전면,중상사고,0,1,0,0,차대차 - 기타,직진우회전진행방해,건조,맑음,교차로 - 교차로안,승용,남,52세,상해없음,승용,남,45세,중상
2015061600100516,2015년 6월 16일 20시,화요일,전라남도 순천시 황전면,부상신고사고,0,0,0,1,차대사람 - 길가장자리구역통행중,안전운전불이행,건조,맑음,단일로 - 기타,기타불명,기타불명,기타불명,기타불명,보행자,여,65세,부상신고
2015061600100549,2015년 6월 16일 21시,화요일,전라남도 목포시 대성동,경상사고,0,0,1,0,차대차 - 측면직각충돌,차로위반,건조,맑음,단일로 - 기타,승용,남,38세,상해없음,이륜,남,18세,경상
2015061600100550,2015년 6월 16일 21시,화요일,전라남도 목포시 대안동,경상사고,0,0,1,0,차대차 - 추돌 - 진행중,안전운전불이행,건조,맑음,단일로 - 기타,화물,남,50세,상해없음,승용,남,29세,경상
2015061600100551,2015년 6월 16일 21시,화요일,전라남도 담양군 담양읍,경상사고,0,0,1,0,차대차 - 정면충돌,신호위반,건조,맑음,교차로 - 교차로안,원동기,남,45세,경상,승용,여,48세,상해없음
2015061600100577,2015년 6월 16일 22시,화요일,전라남도 나주시 빛가람동,경상사고,0,0,2,0,차대차 - 측면직각충돌,신호위반,건조,맑음,교차로 - 교차로안,화물,남,39세,경상,화물,남,33세,경상
2015061600100578,2015년 6월 16일 22시,화요일,전라남도 영암군 덕진면,사망사고,1,0,0,0,차량단독 - 공작물충돌,안전운전불이행,건조,맑음,단일로 - 기타,화물,남,52세,사망,,,,
2015061600100579,2015년 6월 16일 22시,화요일,전라남도 광양시 광양읍,부상신고사고,0,0,0,1,차대차 - 측면직각충돌,직진우회전진행방해,건조,맑음,교차로 - 교차로안,이륜,남,18세,부상신고,승용,남,66세,상해없음
2015061600100611,2015년 6월 16일 23시,화요일,전라남도 여수시 율촌면,경상사고,0,0,1,0,차대차 - 측면직각충돌,안전운전불이행,건조,맑음,단일로 - 기타,승용,남,23세,상해없음,승용,남,33세,경상
2015061700100011,2015년 6월 17일 00시,수요일,전라남도 강진군 강진읍,중상사고,0,1,0,0,차대사람 - 기타,중앙선침범,건조,맑음,단일로 - 기타,승용,남,35세,상해없음,보행자,남,44세,중상
2015061700100060,2015년 6월 17일 05시,수요일,전라남도 신안군 하의면,중상사고,0,1,0,0,차대사람 - 길가장자리구역통행중,안전운전불이행,건조,맑음,단일로 - 기타,화물,여,58세,상해없음,보행자,남,61세,중상
2015061700100091,2015년 6월 17일 07시,수요일,전라남도 목포시 상동,경상사고,0,0,1,0,차대사람 - 횡단중,보행자보호의무위반,건조,맑음,단일로 - 횡단보도상,기타불명,기타불명,기타불명,기타불명,보행자,여,13세,경상
2015061700100092,2015년 6월 17일 07시,수요일,전라남도 목포시 산정동,경상사고,0,0,1,0,차대차 - 측면직각충돌,안전운전불이행,건조,맑음,단일로 - 기타,승용,남,36세,경상,화물,남,47세,상해없음
2015061700100093,2015년 6월 17일 07시,수요일,전라남도 영광군 영광읍,경상사고,0,0,1,0,차대차 - 측면직각충돌,직진우회전진행방해,건조,맑음,교차로 - 교차로안,화물,남,67세,상해없음,이륜,남,34세,경상
2015061700100126,2015년 6월 17일 08시,수요일,전라남도 여수시 중흥동,경상사고,0,0,4,0,차대차 - 측면직각충돌,신호위반,건조,맑음,교차로 - 교차로안,승용,남,31세,경상,승용,남,60세,경상
2015061700100127,2015년 6월 17일 08시,수요일,전라남도 영암군 삼호읍,경상사고,0,0,1,0,차대차 - 측면직각충돌,안전운전불이행,건조,맑음,단일로 - 기타,승용,남,54세,상해없음,승용,여,42세,경상
2015061700100155,2015년 6월 17일 09시,수요일,전라남도 강진군 대구면,부상신고사고,0,0,0,1,차량단독 - 공작물충돌,안전운전불이행,건조,맑음,교차로 - 교차로안,화물,남,55세,부상신고,,,,
2015061700100180,2015년 6월 17일 10시,수요일,전라남도 순천시 서면,경상사고,0,0,1,0,차대차 - 기타,신호위반,건조,맑음,단일로 - 기타,승용,남,37세,상해없음,화물,남,52세,경상
2015061700100181,2015년 6월 17일 10시,수요일,전라남도 순천시 황전면,중상사고,0,1,0,0,차대차 - 기타,중앙선침범,건조,흐림,단일로 - 기타,원동기,남,59세,중상,화물,남,19세,상해없음
2015061700100182,2015년 6월 17일 10시,수요일,전라남도 영광군 염산면,경상사고,0,0,1,0,차대차 - 측면직각충돌,안전운전불이행,건조,맑음,단일로 - 기타,건설기계,남,59세,상해없음,농기계,남,36세,경상
2015061700100214,2015년 6월 17일 11시,수요일,전라남도 담양군 대전면,경상사고,0,0,2,0,차대차 - 측면직각충돌,직진우회전진행방해,건조,맑음,교차로 - 교차로안,승용,남,40세,경상,승용,남,41세,경상
2015061700100239,2015년 6월 17일 12시,수요일,전라남도 광양시 중동,경상사고,0,0,1,0,차대차 - 기타,교차로운행방법위반,건조,흐림,교차로 - 교차로안,승합,남,51세,상해없음,승용,여,28세,경상
2015061700100258,2015년 6월 17일 13시,수요일,전라남도 강진군 군동면,경상사고,0,0,1,0,차대차 - 측면직각충돌,직진우회전진행방해,건조,맑음,교차로 - 교차로안,승용,남,50세,상해없음,승용,남,35세,경상
2015061700100285,2015년 6월 17일 14시,수요일,전라남도 신안군 지도읍,경상사고,0,0,1,0,차대차 - 기타,중앙선침범,건조,맑음,단일로 - 기타,승용,남,27세,상해없음,건설기계,남,51세,경상
2015061700100286,2015년 6월 17일 14시,수요일,전라남도 여수시 둔덕동,중상사고,0,1,0,0,차대차 - 추돌 - 주정차중,안전운전불이행,건조,맑음,단일로 - 기타,승용,여,46세,상해없음,원동기,남,26세,중상
2015061700100287,2015년 6월 17일 14시,수요일,전라남도 나주시 대호동,부상신고사고,0,0,0,1,차대사람 - 기타,안전운전불이행,습기,비,단일로 - 기타,승용,여,37세,상해없음,보행자,남,9세,부상신고
2015061700100307,2015년 6월 17일 15시,수요일,전라남도 보성군 회천면,경상사고,0,0,2,0,차량단독 - 도로외이탈 - 기타,안전운전불이행,건조,맑음,단일로 - 기타,승용,여,49세,경상,,,,
2015061700100308,2015년 6월 17일 15시,수요일,전라남도 담양군 담양읍,경상사고,0,0,1,0,차대차 - 추돌 - 진행중,안전운전불이행,건조,맑음,단일로 - 기타,화물,남,46세,상해없음,자전거,남,77세,경상
2015061700100341,2015년 6월 17일 16시,수요일,전라남도 목포시 남교동,경상사고,0,0,1,0,차대차 - 측면직각충돌,안전운전불이행,습기,비,단일로 - 기타,승용,남,70세,상해없음,승용,남,68세,경상
2015061700100342,2015년 6월 17일 16시,수요일,전라남도 진도군 임회면,중상사고,0,1,0,0,차대차 - 측면직각충돌,안전운전불이행,건조,맑음,단일로 - 기타,승용,여,56세,상해없음,이륜,남,83세,중상
2015061700100373,2015년 6월 17일 17시,수요일,전라남도 목포시 상동,경상사고,0,0,2,0,차대차 - 측면직각충돌,교차로운행방법위반,습기,비,교차로 - 교차로안,승용,여,49세,경상,승용,여,37세,경상
2015061700100374,2015년 6월 17일 17시,수요일,전라남도 여수시 공화동,경상사고,0,0,3,0,차대차 - 측면직각충돌,교차로운행방법위반,건조,맑음,교차로 - 교차로안,승용,남,58세,상해없음,승용,남,57세,경상
2015061700100375,2015년 6월 17일 17시,수요일,전라남도 순천시 해룡면,중상사고,0,1,0,0,차대차 - 측면직각충돌,교차로운행방법위반,습기,비,교차로 - 교차로안,화물,남,74세,중상,승용,남,47세,상해없음
2015061700100376,2015년 6월 17일 17시,수요일,전라남도 영암군 영암읍,경상사고,0,0,2,0,차대차 - 측면직각충돌,안전운전불이행,습기,비,교차로 - 교차로안,승용,여,52세,경상,건설기계,남,43세,상해없음
2015061700100418,2015년 6월 17일 18시,수요일,전라남도 신안군 압해읍,경상사고,0,0,3,0,차대차 - 측면직각충돌,직진우회전진행방해,건조,맑음,교차로 - 교차로안,승용,남,39세,경상,화물,남,46세,경상
2015061700100452,2015년 6월 17일 19시,수요일,전라남도 목포시 산정동,중상사고,0,1,0,0,차대사람 - 기타,안전운전불이행,건조,맑음,단일로 - 기타,승용,여,62세,상해없음,보행자,여,68세,중상
2015061700100453,2015년 6월 17일 19시,수요일,전라남도 목포시 석현동,경상사고,0,0,1,0,차대차 - 기타,안전운전불이행,건조,맑음,단일로 - 기타,승용,남,39세,상해없음,승용,여,28세,경상
2015061700100454,2015년 6월 17일 19시,수요일,전라남도 나주시 금천면,경상사고,0,0,1,0,차대차 - 기타,신호위반,건조,맑음,교차로 - 교차로안,원동기,남,50세,경상,승용,남,40세,상해없음
2015061700100455,2015년 6월 17일 19시,수요일,전라남도 해남군 송지면,중상사고,0,1,0,0,차대차 - 추돌 - 주정차중,안전운전불이행,습기,비,단일로 - 기타,화물,남,64세,중상,승용,여,53세,기타불명
2015061700100456,2015년 6월 17일 19시,수요일,전라남도 영암군 삼호읍,경상사고,0,0,5,0,차대차 - 추돌 - 주정차중,안전거리미확보,습기,흐림,교차로 - 교차로부근,승합,남,55세,상해없음,승용,남,60세,경상
2015061700100518,2015년 6월 17일 21시,수요일,전라남도 순천시 연향동,중상사고,0,1,2,0,차대차 - 측면직각충돌,안전운전불이행,건조,맑음,교차로 - 교차로안,승용,여,48세,경상,승용,남,47세,경상
2015061700100545,2015년 6월 17일 22시,수요일,전라남도 순천시 조례동,경상사고,0,0,2,0,차대차 - 정면충돌,안전운전불이행,건조,맑음,단일로 - 기타,승용,남,50세,상해없음,승용,여,50세,경상
2015061700100572,2015년 6월 17일 23시,수요일,전라남도 목포시 옥암동,중상사고,0,1,0,0,차량단독 - 공작물충돌,안전운전불이행,건조,맑음,단일로 - 기타,승용,남,34세,상해없음,,,,
2015061700100573,2015년 6월 17일 23시,수요일,전라남도 목포시 상동,중상사고,0,1,0,0,차대사람 - 횡단중,안전운전불이행,건조,맑음,교차로 - 교차로부근,승용,남,45세,상해없음,보행자,남,49세,중상
2015061800100021,2015년 6월 18일 00시,목요일,전라남도 무안군 삼향읍,중상사고,0,2,0,0,차대차 - 측면직각충돌,직진우회전진행방해,건조,맑음,교차로 - 교차로안,이륜,남,17세,중상,승용,남,53세,상해없음
2015061800100069,2015년 6월 18일 04시,목요일,전라남도 여수시 웅천동,경상사고,0,0,1,0,차대차 - 측면직각충돌,안전운전불이행,건조,맑음,교차로 - 교차로안,승용,남,29세,상해없음,승용,여,35세,경상