사고번호,사고일시,요일,시군구,사고내용,사망자수,중상자수,경상자수,부상신고자수,사고유형,법규위반,노면상태,기상상태,도로형태,가해운전자 차종,가해운전자 성별,가해운전자 연령,가해운전자 상해정도,피해운전자 차종,피해운전자 성별,피해운전자 연령,피해운전자 상해정도
2015062600100184,2015년 6월 26일 07시,금요일,전라남도 순천시 가곡동,중상사고,0,1,0,0,차량단독 - 공작물충돌,안전운전불이행,습기,비,단일로 - 기타,승용,남,61세,중상,,,,
2015062600100246,2015년 6월 26일 09시,금요일,전라남도 화순군 동면,사망사고,1,0,1,0,차대사람 - 기타,기타,습기,비,기타 - 기타,화물,남,74세,상해없음,보행자,남,68세,사망
2015062600100278,2015년 6월 26일 10시,금요일,전라남도 광양시 옥곡면,경상사고,0,0,2,0,차대차 - 추돌 - 주정차중,안전운전불이행,습기,흐림,단일로 - 교량,화물,남,52세,상해없음,승용,여,55세,경상
2015062600100311,2015년 6월 26일 11시,금요일,전라남도 광양시 금호동,경상사고,0,0,2,0,차대차 - 측면직각충돌,안전운전불이행,습기,흐림,교차로 - 교차로안,승용,여,57세,경상,승용,여,54세,경상
2015062600100312,2015년 6월 26일 11시,금요일,전라남도 광양시 다압면,경상사고,0,0,1,0,차대차 - 기타,중앙선침범,습기,비,단일로 - 기타,승용,남,47세,상해없음,승합,남,39세,경상
2015062600100343,2015년 6월 26일 12시,금요일,전라남도 화순군 화순읍,경상사고,0,0,1,0,차대차 - 기타,신호위반,건조,맑음,교차로 - 교차로안,자전거,남,56세,경상,승용,남,30세,상해없음
2015062600100370,2015년 6월 26일 13시,금요일,전라남도 목포시 동명동,경상사고,0,0,1,0,차대차 - 기타,안전운전불이행,건조,맑음,단일로 - 기타,승용,남,52세,상해없음,승용,남,51세,경상
2015062600100397,2015년 6월 26일 14시,금요일,전라남도 함평군 함평읍,경상사고,0,0,1,0,차대차 - 측면직각충돌,안전운전불이행,건조,맑음,단일로 - 기타,화물,남,45세,상해없음,원동기,남,75세,경상
2015062600100441,2015년 6월 26일 15시,금요일,전라남도 목포시 죽교동,경상사고,0,0,1,0,차대차 - 기타,안전운전불이행,건조,맑음,단일로 - 기타,화물,여,46세,경상,특수,남,46세,상해없음
2015062600100442,2015년 6월 26일 15시,금요일,전라남도 신안군 압해읍,경상사고,0,0,4,0,차대차 - 기타,직진우회전진행방해,건조,맑음,교차로 - 교차로안,화물,남,60세,경상,승용,남,40세,경상
2015062600100443,2015년 6월 26일 15시,금요일,전라남도 여수시 선원동,경상사고,0,0,1,0,차대차 - 측면직각충돌,안전운전불이행,건조,맑음,단일로 - 기타,승용,남,49세,상해없음,승용,여,46세,경상
2015062600100444,2015년 6월 26일 15시,금요일,전라남도 순천시 매곡동,경상사고,0,0,1,0,차대사람 - 길가장자리구역통행중,안전운전불이행,건조,맑음,단일로 - 기타,승용,남,69세,상해없음,보행자,남,63세,경상
2015062600100479,2015년 6월 26일 16시,금요일,전라남도 무안군 삼향읍,중상사고,0,1,0,0,차대차 - 측면직각충돌,안전운전불이행,건조,맑음,단일로 - 횡단보도부근,승용,남,36세,상해없음,이륜,남,18세,중상
2015062600100515,2015년 6월 26일 17시,금요일,전라남도 나주시 이창동,경상사고,0,0,1,0,차대사람 - 길가장자리구역통행중,안전운전불이행,건조,맑음,단일로 - 기타,승용,남,59세,상해없음,보행자,남,47세,경상
2015062600100516,2015년 6월 26일 17시,금요일,전라남도 장흥군 장흥읍,중상사고,0,2,1,0,차대차 - 측면직각충돌,교차로운행방법위반,건조,맑음,교차로 - 교차로안,승합,남,23세,경상,승용,여,50세,중상
2015062600100563,2015년 6월 26일 18시,금요일,전라남도 여수시 화장동,사망사고,1,0,0,0,차대사람 - 차도통행중,안전운전불이행,건조,맑음,교차로 - 교차로안,화물,여,27세,상해없음,보행자,남,59세,사망
2015062600100564,2015년 6월 26일 18시,금요일,전라남도 무안군 청계면,경상사고,0,0,2,0,차대차 - 측면직각충돌,중앙선침범,건조,맑음,단일로 - 기타,승용,여,72세,경상,승용,남,33세,경상
2015062600100598,2015년 6월 26일 19시,금요일,전라남도 여수시 안산동,경상사고,0,0,1,0,차대차 - 추돌 - 진행중,안전거리미확보,건조,맑음,단일로 - 기타,화물,남,44세,상해없음,화물,남,56세,경상
2015062600100599,2015년 6월 26일 19시,금요일,전라남도 완도군 노화읍,사망사고,1,0,0,0,차량단독 - 전도전복,안전운전불이행,건조,맑음,교차로 - 교차로부근,원동기,남,62세,사망,,,,
2015062600100600,2015년 6월 26일 19시,금요일,전라남도 무안군 청계면,경상사고,0,0,1,0,차대차 - 기타,안전운전불이행,건조,맑음,단일로 - 기타,승용,여,28세,상해없음,승용,여,38세,경상
2015062600100632,2015년 6월 26일 20시,금요일,전라남도 무안군 삼향읍,중상사고,0,1,1,0,차대사람 - 기타,안전운전불이행,건조,맑음,단일로 - 기타,자전거,남,66세,경상,보행자,여,63세,중상
2015062600100717,2015년 6월 26일 22시,금요일,전라남도 목포시 산정동,경상사고,0,0,2,0,차대차 - 기타,안전운전불이행,건조,맑음,단일로 - 기타,승용,남,43세,상해없음,승용,남,27세,경상
2015062600100718,2015년 6월 26일 22시,금요일,전라남도 순천시 왕지동,경상사고,0,0,1,0,차대차 - 측면직각충돌,교차로운행방법위반,습기,흐림,교차로 - 교차로안,화물,남,57세,상해없음,승용,여,46세,경상
2015062600100719,2015년 6월 26일 22시,금요일,전라남도 해남군 황산면,부상신고사고,0,0,0,1,차대사람 - 기타,안전운전불이행,건조,맑음,단일로 - 기타,화물,남,46세,상해없음,보행자,남,50세,부상신고
2015062600100764,2015년 6월 26일 23시,금요일,전라남도 여수시 둔덕동,중상사고,0,1,3,0,차대차 - 측면직각충돌,안전운전불이행,건조,맑음,단일로 - 기타,승용,남,64세,상해없음,승용,남,46세,경상
2015062700100121,2015년 6월 27일 05시,토요일,전라남도 목포시 옥암동,중상사고,0,2,1,0,차대차 - 기타,신호위반,건조,맑음,교차로 - 교차로안,이륜,남,22세,중상,승용,남,29세,경상
2015062700100138,2015년 6월 27일 06시,토요일,전라남도 무안군 삼향읍,경상사고,0,0,1,0,차대차 - 정면충돌,중앙선침범,건조,맑음,단일로 - 기타,승용,남,25세,상해없음,승용,남,53세,경상
2015062700100165,2015년 6월 27일 07시,토요일,전라남도 목포시 용당동,중상사고,0,1,0,0,차대차 - 추돌 - 주정차중,안전운전불이행,건조,맑음,단일로 - 기타,승용,남,47세,중상,승용,남,68세,상해없음
2015062700100166,2015년 6월 27일 07시,토요일,전라남도 영암군 삼호읍,경상사고,0,0,1,0,차대차 - 측면직각충돌,안전운전불이행,건조,맑음,교차로 - 교차로안,승용,남,47세,경상,승용,남,60세,상해없음
2015062700100209,2015년 6월 27일 09시,토요일,전라남도 영암군 덕진면,경상사고,0,0,1,0,차대차 - 추돌 - 진행중,안전거리미확보,건조,맑음,단일로 - 기타,화물,남,63세,상해없음,승용,남,69세,경상
2015062700100230,2015년 6월 27일 10시,토요일,전라남도 목포시 산정동,경상사고,0,0,1,0,차대사람 - 기타,안전운전불이행,건조,맑음,단일로 - 기타,승용,남,65세,상해없음,보행자,남,59세,경상
2015062700100268,2015년 6월 27일 11시,토요일,전라남도 목포시 산정동,중상사고,0,1,0,0,차대차 - 기타,안전운전불이행,건조,맑음,단일로 - 기타,자전거,남,73세,중상,승용,여,39세,상해없음
2015062700100336,2015년 6월 27일 13시,토요일,전라남도 순천시 조례동,경상사고,0,0,1,0,차대차 - 기타,안전운전불이행,습기,비,교차로 - 교차로부근,승용,남,24세,상해없음,원동기,남,60세,경상
2015062700100337,2015년 6월 27일 13시,토요일,전라남도 순천시 오천동,경상사고,0,0,2,0,차대차 - 추돌 - 진행중,안전거리미확보,습기,비,단일로 - 기타,승용,남,64세,상해없음,승용,남,62세,상해없음
2015062700100338,2015년 6월 27일 13시,토요일,전라남도 순천시 조례동,경상사고,0,0,2,0,차대차 - 추돌 - 주정차중,안전거리미확보,습기,비,교차로 - 교차로부근,화물,남,55세,상해없음,승용,남,30세,경상
2015062700100339,2015년 6월 27일 13시,토요일,전라남도 순천시 해룡면,중상사고,0,1,0,0,차대차 - 추돌 - 진행중,안전운전불이행,습기,비,단일로 - 기타,승용,남,53세,중상,화물,남,51세,상해없음
2015062700100340,2015년 6월 27일 13시,토요일,전라남도 나주시 남평읍,경상사고,0,0,4,0,차대차 - 측면직각충돌,직진우회전진행방해,건조,흐림,교차로 - 교차로안,승용,여,31세,경상,승용,남,43세,경상
2015062700100370,2015년 6월 27일 14시,토요일,전라남도 여수시 미평동,중상사고,0,1,1,0,차대차 - 추돌 - 주정차중,안전운전불이행,습기,비,단일로 - 기타,승용,남,34세,상해없음,승용,남,63세,경상
2015062700100371,2015년 6월 27일 14시,토요일,전라남도 순천시 주암면,경상사고,0,0,1,0,차대차 - 기타,안전운전불이행,습기,흐림,교차로 - 교차로부근,화물,남,59세,상해없음,화물,남,49세,상해없음
2015062700100372,2015년 6월 27일 14시,토요일,전라남도 영광군 법성면,중상사고,0,1,0,0,차대차 - 측면직각충돌,안전운전불이행,건조,맑음,단일로 - 기타,원동기,남,84세,중상,승용,남,69세,상해없음
2015062700100373,2015년 6월 27일 14시,토요일,전라남도 무안군 운남면,경상사고,0,0,1,0,차량단독 - 공작물충돌,안전운전불이행,건조,흐림,단일로 - 기타,이륜,남,71세,경상,,,,
2015062700100374,2015년 6월 27일 14시,토요일,전라남도 진도군 고군면,중상사고,0,2,0,0,차대차 - 기타,중앙선침범,습기,비,기타 - 기타,화물,남,39세,상해없음,이륜,남,70세,중상
2015062700100410,2015년 6월 27일 15시,토요일,전라남도 화순군 화순읍,경상사고,0,0,2,0,차대차 - 추돌 - 진행중,안전거리미확보,건조,맑음,단일로 - 기타,화물,남,72세,경상,승용,남,48세,경상
2015062700100411,2015년 6월 27일 15시,토요일,전라남도 함평군 함평읍,경상사고,0,0,1,0,차대사람 - 보도통행중,안전운전불이행,건조,맑음,단일로 - 기타,기타불명,기타불명,기타불명,기타불명,보행자,여,6세,경상
2015062700100453,2015년 6월 27일 16시,토요일,전라남도 여수시 소라면,중상사고,0,1,0,0,차량단독 - 공작물충돌,안전운전불이행,습기,비,단일로 - 기타,승합,남,59세,상해없음,,,,
2015062700100454,2015년 6월 27일 16시,토요일,전라남도 순천시 오천동,경상사고,0,0,2,0,차대차 - 측면직각충돌,직진우회전진행방해,건조,흐림,교차로 - 교차로안,승용,여,64세,경상,승용,남,39세,경상
2015062700100455,2015년 6월 27일 16시,토요일,전라남도 구례군 산동면,경상사고,0,0,1,0,차대차 - 기타,안전운전불이행,건조,맑음,단일로 - 기타,건설기계,남,28세,상해없음,이륜,남,63세,경상
2015062700100499,2015년 6월 27일 17시,토요일,전라남도 목포시 상동,경상사고,0,0,2,0,차대차 - 기타,안전거리미확보,건조,맑음,단일로 - 기타,승용,남,54세,상해없음,승용,남,35세,경상
2015062700100500,2015년 6월 27일 17시,토요일,전라남도 목포시 상동,경상사고,0,0,1,0,차대차 - 기타,안전운전불이행,습기,흐림,단일로 - 기타,승용,남,44세,상해없음,승용,여,51세,경상
2015062700100501,2015년 6월 27일 17시,토요일,전라남도 담양군 대전면,중상사고,0,1,0,0,차대사람 - 기타,기타,습기,비,단일로 - 기타,승용,남,54세,상해없음,보행자,남,66세,중상
2015062700100542,2015년 6월 27일 18시,토요일,전라남도 함평군 해보면,경상사고,0,0,2,0,차량단독 - 공작물충돌,안전운전불이행,건조,맑음,단일로 - 기타,승용,남,25세,경상,,,,
2015062700100580,2015년 6월 27일 19시,토요일,전라남도 화순군 동면,경상사고,0,0,1,0,차량단독 - 공작물충돌,안전운전불이행,습기,비,단일로 - 기타,승용,남,26세,상해없음,,,,
2015062700100602,2015년 6월 27일 20시,토요일,전라남도 목포시 죽교동,경상사고,0,0,1,0,차대사람 - 차도통행중,안전운전불이행,건조,맑음,단일로 - 기타,승용,남,23세,상해없음,보행자,남,68세,경상
2015062700100603,2015년 6월 27일 20시,토요일,전라남도 목포시 옥암동,중상사고,0,1,0,0,차대차 - 기타,신호위반,건조,맑음,교차로 - 교차로안,화물,남,41세,기타불명,자전거,남,30세,중상
2015062700100604,2015년 6월 27일 20시,토요일,전라남도 순천시 조례동,경상사고,0,0,1,0,차대차 - 기타,안전운전불이행,습기,비,단일로 - 기타,승용,남,54세,상해없음,승용,남,24세,경상
2015062700100605,2015년 6월 27일 20시,토요일,전라남도 나주시 삼영동,경상사고,0,0,1,0,차대사람 - 기타,안전운전불이행,습기,맑음,단일로 - 기타,이륜,남,28세,상해없음,보행자,남,2세,경상
2015062700100641,2015년 6월 27일 21시,토요일,전라남도 목포시 용해동,경상사고,0,0,1,0,차대차 - 기타,안전운전불이행,습기,흐림,단일로 - 기타,승용,남,29세,상해없음,승용,남,31세,경상
2015062700100642,2015년 6월 27일 21시,토요일,전라남도 함평군 학교면,경상사고,0,0,2,0,차대차 - 측면직각충돌,안전운전불이행,건조,맑음,단일로 - 기타,승용,남,44세,상해없음,승용,여,54세,경상
2015062700100708,2015년 6월 27일 23시,토요일,전라남도 목포시 산정동,경상사고,0,0,1,0,차량단독 - 공작물충돌,안전운전불이행,건조,맑음,교차로 - 교차로안,승용,남,57세,경상,,,,
2015062700100709,2015년 6월 27일 23시,토요일,전라남도 여수시 봉계동,경상사고,0,0,1,0,차량단독 - 공작물충돌,안전운전불이행,습기,기타,단일로 - 기타,승용,남,44세,경상,,,,
2015062700100710,2015년 6월 27일 23시,토요일,전라남도 순천시 조례동,경상사고,0,0,1,0,차대사람 - 기타,안전운전불이행,건조,맑음,단일로 - 기타,승용,남,31세,상해없음,보행자,남,50세,경상
2015062700100711,2015년 6월 27일 23시,토요일,전라남도 영암군 삼호읍,경상사고,0,0,1,0,차대차 - 측면직각충돌,안전운전불이행,건조,맑음,단일로 - 기타,승합,남,46세,상해없음,승용,여,65세,상해없음
2015062800100064,2015년 6월 28일 02시,일요일,전라남도 광양시 중동,경상사고,0,0,1,0,차대차 - 기타,안전운전불이행,건조,맑음,교차로 - 교차로안,승용,남,24세,상해없음,승용,여,31세,경상
2015062800100128,2015년 6월 28일 07시,일요일,전라남도 함평군 해보면,사망사고,1,0,0,0,차량단독 - 전도전복,안전운전불이행,건조,맑음,단일로 - 기타,이륜,남,78세,사망,,,,
2015062800100158,2015년 6월 28일 09시,일요일,전라남도 순천시 남정동,중상사고,0,1,0,0,차대차 - 기타,안전운전불이행,건조,맑음,단일로 - 기타,승용,남,55세,상해없음,승용,여,55세,중상
2015062800100179,2015년 6월 28일 10시,일요일,전라남도 목포시 상동,경상사고,0,0,2,0,차대차 - 측면직각충돌,안전운전불이행,건조,맑음,교차로 - 교차로안,승용,남,62세,경상,승용,여,51세,경상
2015062800100180,2015년 6월 28일 10시,일요일,전라남도 화순군 도곡면,사망사고,1,0,0,0,차량단독 - 전도전복,안전운전불이행,건조,맑음,교차로 - 교차로부근,원동기,여,68세,사망,,,,
2015062800100190,2015년 6월 28일 11시,일요일,전라남도 여수시 신월동,경상사고,0,0,2,0,차대차 - 추돌 - 주정차중,안전운전불이행,건조,맑음,단일로 - 기타,화물,남,34세,상해없음,승용,남,42세,경상
2015062800100191,2015년 6월 28일 11시,일요일,전라남도 화순군 춘양면,경상사고,0,0,1,0,차대차 - 기타,안전운전불이행,건조,맑음,단일로 - 기타,건설기계,남,42세,상해없음,농기계,남,59세,경상
2015062800100251,2015년 6월 28일 14시,일요일,전라남도 담양군 고서면,중상사고,0,1,0,0,차량단독 - 도로외이탈 - 추락,안전운전불이행,건조,맑음,단일로 - 기타,화물,남,54세,상해없음,,,,
2015062800100338,2015년 6월 28일 17시,일요일,전라남도 순천시 덕암동,부상신고사고,0,0,0,1,차대차 - 기타,안전운전불이행,건조,맑음,단일로 - 기타,이륜,남,35세,부상신고,승용,남,26세,상해없음
2015062800100339,2015년 6월 28일 17시,일요일,전라남도 해남군 산이면,중상사고,0,1,0,0,차대사람 - 기타,안전운전불이행,건조,맑음,단일로 - 기타,승용,여,45세,상해없음,보행자,여,73세,중상
2015062800100368,2015년 6월 28일 18시,일요일,전라남도 담양군 고서면,경상사고,0,0,1,0,차대차 - 측면직각충돌,안전운전불이행,건조,맑음,교차로 - 교차로부근,화물,남,67세,상해없음,승용,남,36세,상해없음
2015062800100387,2015년 6월 28일 19시,일요일,전라남도 여수시 봉산동,경상사고,0,0,1,0,차대차 - 측면직각충돌,기타,건조,맑음,교차로 - 교차로안,화물,남,50세,상해없음,이륜,남,51세,경상
2015062800100474,2015년 6월 28일 23시,일요일,전라남도 함평군 신광면,경상사고,0,0,2,0,차대차 - 추돌 - 진행중,안전운전불이행,건조,맑음,단일로 - 기타,승용,여,31세,상해없음,특수,남,38세,상해없음
2015062900100009,2015년 6월 29일 00시,월요일,전라남도 무안군 삼향읍,경상사고,0,0,2,0,차대차 - 추돌 - 주정차중,안전운전불이행,건조,맑음,단일로 - 기타,승용,남,24세,경상,승용,남,30세,상해없음
2015062900100049,2015년 6월 29일 05시,월요일,전라남도 목포시 옥암동,경상사고,0,0,1,0,차대차 - 추돌 - 주정차중,안전운전불이행,건조,맑음,교차로 - 교차로안,승용,남,23세,경상,승합,남,60세,상해없음
2015062900100050,2015년 6월 29일 05시,월요일,전라남도 광양시 마동,중상사고,0,1,0,0,차량단독 - 공작물충돌,안전운전불이행,건조,맑음,단일로 - 기타,승용,여,49세,중상,,,,
2015062900100067,2015년 6월 29일 06시,월요일,전라남도 해남군 황산면,중상사고,0,4,4,0,차대차 - 측면직각충돌,직진우회전진행방해,건조,맑음,교차로 - 교차로안,승합,여,61세,중상,승합,남,59세,중상
2015062900100084,2015년 6월 29일 07시,월요일,전라남도 여수시 소라면,중상사고,0,1,0,0,차대사람 - 횡단중,보행자보호의무위반,건조,맑음,교차로 - 교차로안,화물,남,65세,상해없음,보행자,여,64세,중상
2015062900100127,2015년 6월 29일 08시,월요일,전라남도 목포시 상동,중상사고,0,1,0,0,차대차 - 기타,신호위반,건조,맑음,교차로 - 교차로안,화물,남,24세,상해없음,승합,남,39세,상해없음
2015062900100128,2015년 6월 29일 08시,월요일,전라남도 화순군 화순읍,경상사고,0,0,1,0,차대사람 - 기타,안전운전불이행,건조,맑음,단일로 - 기타,승용,여,34세,상해없음,보행자,여,15세,경상
2015062900100175,2015년 6월 29일 09시,월요일,전라남도 완도군 고금면,경상사고,0,0,2,0,차대차 - 기타,안전운전불이행,건조,맑음,단일로 - 기타,승용,남,64세,상해없음,농기계,남,75세,경상
2015062900100202,2015년 6월 29일 10시,월요일,전라남도 영암군 삼호읍,경상사고,0,0,2,0,차대차 - 추돌 - 진행중,안전거리미확보,건조,흐림,교차로 - 교차로부근,화물,남,75세,경상,승용,남,42세,경상
2015062900100236,2015년 6월 29일 11시,월요일,전라남도 나주시 봉황면,경상사고,0,0,3,0,차대차 - 기타,안전거리미확보,건조,맑음,단일로 - 기타,건설기계,남,42세,상해없음,승용,남,52세,상해없음
2015062900100237,2015년 6월 29일 11시,월요일,전라남도 장성군 남면,경상사고,0,0,2,0,차대차 - 측면직각충돌,안전운전불이행,건조,맑음,교차로 - 교차로안,화물,남,35세,상해없음,승합,남,59세,상해없음
2015062900100238,2015년 6월 29일 11시,월요일,전라남도 진도군 군내면,경상사고,0,0,1,0,차대사람 - 횡단중,안전운전불이행,건조,맑음,단일로 - 기타,승용,남,53세,상해없음,보행자,남,77세,경상
2015062900100239,2015년 6월 29일 11시,월요일,전라남도 구례군 토지면,중상사고,0,1,0,0,차대사람 - 기타,안전운전불이행,건조,맑음,단일로 - 기타,승용,여,47세,상해없음,보행자,남,52세,중상
2015062900100270,2015년 6월 29일 12시,월요일,전라남도 여수시 여서동,경상사고,0,0,1,0,차대사람 - 차도통행중,안전운전불이행,건조,맑음,교차로 - 교차로부근,승용,남,66세,상해없음,보행자,여,41세,경상
2015062900100311,2015년 6월 29일 13시,월요일,전라남도 광양시 진월면,중상사고,0,1,0,0,차량단독 - 공작물충돌,안전운전불이행,건조,맑음,단일로 - 기타,특수,남,54세,중상,,,,
2015062900100340,2015년 6월 29일 14시,월요일,전라남도 목포시 상동,경상사고,0,0,2,0,차대차 - 기타,안전운전불이행,건조,맑음,단일로 - 기타,승용,남,48세,상해없음,승용,남,51세,경상
2015062900100341,2015년 6월 29일 14시,월요일,전라남도 순천시 동외동,경상사고,0,0,2,0,차대차 - 정면충돌,교차로운행방법위반,건조,맑음,교차로 - 교차로안,승용,남,37세,경상,승용,남,47세,경상
2015062900100342,2015년 6월 29일 14시,월요일,전라남도 고흥군 도양읍,경상사고,0,0,1,0,차대차 - 측면직각충돌,신호위반,건조,맑음,교차로 - 교차로안,승용,남,19세,상해없음,화물,남,35세,경상
2015062900100343,2015년 6월 29일 14시,월요일,전라남도 고흥군 영남면,중상사고,0,1,0,0,차대차 - 측면직각충돌,안전운전불이행,건조,맑음,단일로 - 기타,화물,남,55세,상해없음,원동기,남,65세,중상
2015062900100344,2015년 6월 29일 14시,월요일,전라남도 무안군 청계면,경상사고,0,0,2,0,차량단독 - 공작물충돌,안전운전불이행,건조,맑음,단일로 - 기타,화물,남,23세,경상,,,,
2015062900100403,2015년 6월 29일 15시,월요일,전라남도 순천시 별량면,사망사고,1,0,0,0,차량단독 - 전도전복,안전운전불이행,건조,맑음,단일로 - 기타,이륜,남,74세,사망,,,,
2015062900100449,2015년 6월 29일 16시,월요일,전라남도 목포시 남교동,경상사고,0,0,1,0,차대차 - 추돌 - 주정차중,안전운전불이행,건조,맑음,교차로 - 교차로안,화물,남,32세,상해없음,승용,여,46세,경상
2015062900100450,2015년 6월 29일 16시,월요일,전라남도 장흥군 장흥읍,경상사고,0,0,1,0,차대차 - 측면직각충돌,직진우회전진행방해,건조,맑음,교차로 - 교차로안,원동기,남,76세,경상,승용,남,62세,상해없음
2015062900100451,2015년 6월 29일 16시,월요일,전라남도 보성군 보성읍,경상사고,0,0,1,0,차대차 - 측면직각충돌,직진우회전진행방해,건조,맑음,교차로 - 교차로안,승용,남,64세,상해없음,승용,여,65세,경상
2015062900100497,2015년 6월 29일 17시,월요일,전라남도 영암군 삼호읍,사망사고,1,0,0,1,차량단독 - 공작물충돌,안전운전불이행,건조,맑음,단일로 - 기타,화물,남,43세,부상신고,,,,
2015062900100498,2015년 6월 29일 17시,월요일,전라남도 곡성군 오곡면,중상사고,0,1,0,0,차량단독 - 기타,안전운전불이행,습기,흐림,단일로 - 기타,원동기,남,75세,중상,,,,
2015062900100534,2015년 6월 29일 18시,월요일,전라남도 목포시 석현동,경상사고,0,0,1,0,차대차 - 기타,안전운전불이행,건조,맑음,교차로 - 교차로부근,승용,여,26세,상해없음,화물,여,43세,경상
2015062900100535,2015년 6월 29일 18시,월요일,전라남도 순천시 연향동,경상사고,0,0,1,0,차대차 - 정면충돌,안전운전불이행,건조,맑음,교차로 - 교차로안,기타불명,기타불명,기타불명,기타불명,자전거,남,12세,경상
2015062900100577,2015년 6월 29일 19시,월요일,전라남도 순천시 조곡동,부상신고사고,0,0,0,1,차대차 - 기타,안전운전불이행,건조,맑음,단일로 - 기타,승용,남,51세,상해없음,승용,남,22세,부상신고
2015062900100613,2015년 6월 29일 20시,월요일,전라남도 여수시 미평동,경상사고,0,0,1,0,차대사람 - 횡단중,안전운전불이행,건조,맑음,단일로 - 기타,승용,여,48세,상해없음,보행자,남,70세,경상
2015062900100614,2015년 6월 29일 20시,월요일,전라남도 여수시 여서동,경상사고,0,0,1,0,차대사람 - 횡단중,안전운전불이행,건조,맑음,단일로 - 기타,승합,남,48세,상해없음,보행자,남,53세,경상
2015063000100103,2015년 6월 30일 07시,화요일,전라남도 목포시 상동,경상사고,0,0,1,0,차대차 - 기타,안전운전불이행,습기,비,교차로 - 교차로안,승용,여,46세,상해없음,승용,남,50세,경상
2015063000100104,2015년 6월 30일 07시,화요일,전라남도 장흥군 관산읍,중상사고,0,1,0,0,차대사람 - 횡단중,안전운전불이행,건조,맑음,단일로 - 기타,화물,남,54세,상해없음,보행자,여,77세,중상
2015063000100172,2015년 6월 30일 09시,화요일,전라남도 여수시 둔덕동,사망사고,1,0,0,0,차량단독 - 공작물충돌,안전운전불이행,습기,비,단일로 - 기타,승용,남,66세,사망,,,,
2015063000100207,2015년 6월 30일 10시,화요일,전라남도 함평군 월야면,경상사고,0,0,1,0,차대차 - 측면직각충돌,안전운전불이행,습기,비,단일로 - 기타,승합,남,24세,상해없음,자전거,남,48세,경상
2015063000100234,2015년 6월 30일 11시,화요일,전라남도 여수시 돌산읍,경상사고,0,0,1,0,차대차 - 추돌 - 주정차중,안전운전불이행,습기,비,단일로 - 기타,화물,남,49세,상해없음,승용,남,28세,경상
2015063000100235,2015년 6월 30일 11시,화요일,전라남도 나주시 왕곡면,경상사고,0,0,2,0,차대차 - 측면직각충돌,직진우회전진행방해,습기,비,교차로 - 교차로안,화물,여,50세,경상,화물,남,81세,경상
2015063000100269,2015년 6월 30일 12시,화요일,전라남도 순천시 석현동,중상사고,0,1,0,0,차대차 - 기타,신호위반,습기,비,교차로 - 교차로안,승용,여,61세,상해없음,승용,남,43세,중상
2015063000100270,2015년 6월 30일 12시,화요일,전라남도 고흥군 두원면,중상사고,0,1,1,0,차량단독 - 공작물충돌,안전운전불이행,습기,비,단일로 - 기타,승용,남,22세,중상,,,,
2015063000100291,2015년 6월 30일 13시,화요일,전라남도 영암군 삼호읍,경상사고,0,0,1,0,차대차 - 추돌 - 진행중,안전운전불이행,습기,비,교차로 - 교차로부근,승용,남,46세,상해없음,승용,남,33세,경상
2015063000100292,2015년 6월 30일 13시,화요일,전라남도 광양시 중동,중상사고,0,1,1,0,차대차 - 추돌 - 주정차중,안전운전불이행,습기,비,단일로 - 기타,화물,남,48세,중상,건설기계,남,64세,경상
2015063000100315,2015년 6월 30일 14시,화요일,전라남도 신안군 도초면,중상사고,0,1,0,0,차대차 - 측면직각충돌,중앙선침범,습기,비,단일로 - 기타,이륜,남,81세,중상,화물,남,67세,상해없음
2015063000100316,2015년 6월 30일 14시,화요일,전라남도 여수시 소호동,중상사고,0,1,0,0,차대사람 - 횡단중,과속,습기,비,단일로 - 기타,승용,여,57세,상해없음,보행자,남,45세,중상
2015063000100317,2015년 6월 30일 14시,화요일,전라남도 영암군 삼호읍,경상사고,0,0,1,0,차대차 - 추돌 - 진행중,안전운전불이행,건조,맑음,교차로 - 교차로부근,승용,남,48세,상해없음,승용,여,48세,경상
2015063000100318,2015년 6월 30일 14시,화요일,전라남도 광양시 광양읍,경상사고,0,0,1,0,차량단독 - 공작물충돌,안전운전불이행,습기,비,교차로 - 교차로부근,승용,남,31세,경상,,,,
2015063000100349,2015년 6월 30일 15시,화요일,전라남도 영암군 삼호읍,경상사고,0,0,1,0,차대사람 - 횡단중,안전운전불이행,습기,비,교차로 - 교차로부근,승용,남,28세,상해없음,보행자,남,75세,경상
2015063000100350,2015년 6월 30일 15시,화요일,전라남도 광양시 광양읍,경상사고,0,0,1,0,차량단독 - 공작물충돌,안전운전불이행,습기,비,단일로 - 기타,화물,남,22세,경상,,,,
2015063000100384,2015년 6월 30일 16시,화요일,전라남도 무안군 삼향읍,경상사고,0,0,1,0,차대차 - 추돌 - 진행중,안전운전불이행,습기,흐림,단일로 - 기타,이륜,남,18세,경상,승용,여,33세,상해없음
2015063000100385,2015년 6월 30일 16시,화요일,전라남도 구례군 용방면,중상사고,0,1,0,0,차대차 - 기타,교차로운행방법위반,건조,맑음,교차로 - 교차로안,이륜,남,71세,상해없음,이륜,여,60세,중상