사고번호,사고일시,요일,시군구,사고내용,사망자수,중상자수,경상자수,부상신고자수,사고유형,법규위반,노면상태,기상상태,도로형태,가해운전자 차종,가해운전자 성별,가해운전자 연령,가해운전자 상해정도,피해운전자 차종,피해운전자 성별,피해운전자 연령,피해운전자 상해정도
2015070500100395,2015년 7월 5일 18시,일요일,전라남도 여수시 봉강동,경상사고,0,0,2,0,차대차 - 측면직각충돌,안전운전불이행,건조,맑음,단일로 - 기타,승용,남,51세,상해없음,승용,남,42세,경상
2015070500100396,2015년 7월 5일 18시,일요일,전라남도 영암군 삼호읍,경상사고,0,0,2,0,차대차 - 측면직각충돌,안전운전불이행,건조,맑음,교차로 - 교차로안,승용,여,52세,경상,승용,남,59세,경상
2015070500100397,2015년 7월 5일 18시,일요일,전라남도 구례군 문척면,경상사고,0,0,1,1,차대차 - 기타,직진우회전진행방해,건조,맑음,교차로 - 교차로안,승용,여,52세,부상신고,승용,남,35세,경상
2015070500100430,2015년 7월 5일 19시,일요일,전라남도 화순군 화순읍,경상사고,0,0,1,0,차대사람 - 기타,안전운전불이행,건조,맑음,단일로 - 기타,승용,남,55세,상해없음,보행자,남,81세,경상
2015070500100452,2015년 7월 5일 20시,일요일,전라남도 고흥군 대서면,중상사고,0,1,0,0,차대차 - 기타,안전운전불이행,건조,맑음,단일로 - 기타,화물,남,53세,상해없음,자전거,여,66세,중상
2015070600100021,2015년 7월 6일 01시,월요일,전라남도 순천시 별량면,경상사고,0,0,2,0,차량단독 - 공작물충돌,안전운전불이행,건조,맑음,교차로 - 교차로부근,승용,여,28세,경상,,,,
2015070600100060,2015년 7월 6일 06시,월요일,전라남도 해남군 옥천면,중상사고,0,1,0,0,차대차 - 기타,안전운전불이행,건조,맑음,교차로 - 교차로부근,화물,남,46세,상해없음,이륜,여,70세,중상
2015070600100061,2015년 7월 6일 06시,월요일,전라남도 해남군 황산면,부상신고사고,0,0,0,1,차량단독 - 전도전복,안전운전불이행,건조,흐림,단일로 - 기타,화물,남,29세,부상신고,,,,
2015070600100141,2015년 7월 6일 08시,월요일,전라남도 영광군 영광읍,중상사고,0,1,0,0,차대사람 - 보도통행중,보행자보호의무위반,건조,맑음,교차로 - 교차로안,승합,남,48세,상해없음,보행자,남,8세,중상
2015070600100142,2015년 7월 6일 08시,월요일,전라남도 영암군 신북면,경상사고,0,0,1,0,차대차 - 추돌 - 주정차중,안전운전불이행,건조,맑음,단일로 - 기타,승용,남,39세,상해없음,승용,남,52세,경상
2015070600100143,2015년 7월 6일 08시,월요일,전라남도 완도군 고금면,경상사고,0,0,1,0,차대차 - 기타,안전운전불이행,건조,맑음,교차로 - 교차로부근,건설기계,남,46세,상해없음,농기계,남,65세,경상
2015070600100199,2015년 7월 6일 09시,월요일,전라남도 장성군 북이면,경상사고,0,0,1,0,차대사람 - 길가장자리구역통행중,안전운전불이행,건조,맑음,단일로 - 기타,화물,남,42세,상해없음,보행자,남,23세,경상
2015070600100272,2015년 7월 6일 12시,월요일,전라남도 고흥군 도양읍,중상사고,0,2,0,0,차대차 - 기타,차로위반,건조,맑음,교차로 - 교차로부근,승합,남,67세,상해없음,이륜,남,72세,중상
2015070600100304,2015년 7월 6일 13시,월요일,전라남도 목포시 산정동,중상사고,0,1,0,0,차대차 - 기타,중앙선침범,건조,맑음,단일로 - 기타,승합,여,48세,상해없음,승용,여,49세,중상
2015070600100356,2015년 7월 6일 15시,월요일,전라남도 고흥군 도양읍,경상사고,0,0,1,0,차대차 - 기타,안전운전불이행,건조,맑음,단일로 - 기타,화물,남,48세,상해없음,이륜,남,64세,경상
2015070600100357,2015년 7월 6일 15시,월요일,전라남도 영광군 법성면,중상사고,0,1,0,0,차대차 - 정면충돌,안전운전불이행,건조,맑음,단일로 - 기타,승용,남,53세,상해없음,승용,남,60세,중상
2015070600100395,2015년 7월 6일 16시,월요일,전라남도 보성군 조성면,중상사고,0,1,0,0,차대차 - 측면직각충돌,안전운전불이행,건조,맑음,교차로 - 교차로안,승합,남,57세,상해없음,승용,여,36세,중상
2015070600100396,2015년 7월 6일 16시,월요일,전라남도 담양군 담양읍,경상사고,0,0,1,0,차량단독 - 공작물충돌,안전운전불이행,건조,맑음,단일로 - 기타,원동기,남,64세,경상,,,,
2015070600100432,2015년 7월 6일 17시,월요일,전라남도 목포시 상동,경상사고,0,0,2,0,차대차 - 추돌 - 진행중,안전운전불이행,건조,맑음,단일로 - 기타,이륜,남,17세,상해없음,승용,여,33세,경상
2015070600100433,2015년 7월 6일 17시,월요일,전라남도 순천시 조례동,경상사고,0,0,1,0,차대차 - 기타,안전운전불이행,건조,맑음,단일로 - 기타,승용,남,56세,상해없음,원동기,남,27세,경상
2015070600100434,2015년 7월 6일 17시,월요일,전라남도 보성군 벌교읍,중상사고,0,1,0,0,차대사람 - 횡단중,교차로운행방법위반,건조,맑음,교차로 - 교차로안,화물,남,54세,상해없음,보행자,남,81세,중상
2015070600100516,2015년 7월 6일 20시,월요일,전라남도 무안군 청계면,경상사고,0,0,2,0,차대차 - 추돌 - 주정차중,안전운전불이행,건조,맑음,교차로 - 교차로부근,승용,남,52세,경상,화물,남,32세,상해없음
2015070600100547,2015년 7월 6일 21시,월요일,전라남도 순천시 조례동,경상사고,0,0,1,0,차대차 - 추돌 - 주정차중,안전운전불이행,건조,맑음,교차로 - 교차로부근,승용,여,60세,상해없음,승용,여,46세,경상
2015070600100548,2015년 7월 6일 21시,월요일,전라남도 담양군 고서면,경상사고,0,0,2,0,차대차 - 추돌 - 주정차중,안전운전불이행,건조,맑음,교차로 - 교차로부근,승용,남,55세,상해없음,승용,남,52세,경상
2015070600100549,2015년 7월 6일 21시,월요일,전라남도 무안군 현경면,경상사고,0,0,1,0,차대차 - 정면충돌,중앙선침범,건조,맑음,단일로 - 기타,승용,남,58세,상해없음,승용,여,50세,경상
2015070600100596,2015년 7월 6일 23시,월요일,전라남도 순천시 석현동,경상사고,0,0,1,0,차대사람 - 기타,안전운전불이행,건조,맑음,단일로 - 기타,승용,남,22세,상해없음,보행자,남,21세,경상
2015070600100597,2015년 7월 6일 23시,월요일,전라남도 나주시 금천면,경상사고,0,0,1,0,차량단독 - 공작물충돌,안전운전불이행,건조,맑음,교차로 - 교차로안,승합,남,43세,경상,,,,
2015070700100017,2015년 7월 7일 00시,화요일,전라남도 광양시 금호동,경상사고,0,0,2,0,차대차 - 추돌 - 주정차중,안전운전불이행,습기,비,교차로 - 교차로부근,승용,남,46세,상해없음,승용,여,32세,경상
2015070700100042,2015년 7월 7일 01시,화요일,전라남도 목포시 산정동,중상사고,0,2,2,0,차대차 - 측면직각충돌,안전운전불이행,건조,맑음,단일로 - 기타,승용,남,23세,상해없음,승용,남,43세,경상
2015070700100064,2015년 7월 7일 03시,화요일,전라남도 완도군 노화읍,중상사고,0,1,0,0,차대사람 - 길가장자리구역통행중,중앙선침범,습기,비,단일로 - 기타,승용,남,35세,상해없음,보행자,여,80세,중상
2015070700100107,2015년 7월 7일 07시,화요일,전라남도 여수시 교동,중상사고,0,1,0,0,차대사람 - 횡단중,보행자보호의무위반,습기,비,교차로 - 교차로부근,이륜,남,50세,상해없음,보행자,여,65세,중상
2015070700100141,2015년 7월 7일 08시,화요일,전라남도 광양시 광양읍,중상사고,0,1,0,0,차대차 - 기타,안전운전불이행,습기,비,교차로 - 교차로안,자전거,여,63세,중상,화물,남,67세,상해없음
2015070700100169,2015년 7월 7일 09시,화요일,전라남도 목포시 옥암동,중상사고,0,1,1,0,차대차 - 기타,안전운전불이행,건조,맑음,교차로 - 교차로부근,화물,남,50세,상해없음,화물,여,53세,중상
2015070700100170,2015년 7월 7일 09시,화요일,전라남도 화순군 남면,경상사고,0,0,2,0,차량단독 - 도로외이탈 - 기타,안전운전불이행,습기,비,단일로 - 기타,화물,남,46세,상해없음,,,,
2015070700100192,2015년 7월 7일 10시,화요일,전라남도 곡성군 삼기면,중상사고,0,1,3,0,차대차 - 추돌 - 주정차중,안전운전불이행,습기,비,단일로 - 기타,화물,남,50세,상해없음,승합,남,37세,경상
2015070700100219,2015년 7월 7일 11시,화요일,전라남도 나주시 동수동,경상사고,0,0,1,0,차대차 - 추돌 - 진행중,안전거리미확보,습기,비,단일로 - 기타,화물,남,26세,상해없음,승용,여,50세,경상
2015070700100220,2015년 7월 7일 11시,화요일,전라남도 고흥군 도양읍,중상사고,0,1,0,0,차대차 - 측면직각충돌,교차로운행방법위반,습기,비,교차로 - 교차로안,승용,남,51세,상해없음,자전거,남,78세,중상
2015070700100221,2015년 7월 7일 11시,화요일,전라남도 영암군 신북면,중상사고,0,1,1,0,차대차 - 추돌 - 진행중,안전운전불이행,습기,비,교차로 - 교차로부근,화물,남,79세,중상,화물,남,40세,경상
2015070700100222,2015년 7월 7일 11시,화요일,전라남도 광양시 광양읍,경상사고,0,0,1,0,차대차 - 기타,중앙선침범,건조,맑음,단일로 - 기타,원동기,남,73세,경상,승용,남,30세,상해없음
2015070700100293,2015년 7월 7일 13시,화요일,전라남도 광양시 태인동,경상사고,0,0,1,0,차대차 - 기타,중앙선침범,습기,비,교차로 - 교차로안,승용,여,54세,경상,승합,남,55세,상해없음
2015070700100324,2015년 7월 7일 14시,화요일,전라남도 순천시 연향동,부상신고사고,0,0,0,1,차대차 - 기타,안전운전불이행,습기,흐림,단일로 - 기타,자전거,남,69세,부상신고,승용,여,41세,상해없음
2015070700100367,2015년 7월 7일 15시,화요일,전라남도 광양시 중동,경상사고,0,0,1,0,차대차 - 기타,안전운전불이행,습기,비,단일로 - 기타,승용,여,41세,상해없음,원동기,남,38세,경상
2015070700100396,2015년 7월 7일 16시,화요일,전라남도 목포시 상동,경상사고,0,0,1,0,차대차 - 기타,안전운전불이행,건조,맑음,교차로 - 교차로부근,승용,남,79세,기타불명,승합,남,50세,상해없음
2015070700100448,2015년 7월 7일 17시,화요일,전라남도 목포시 무안동,중상사고,0,1,0,0,차대사람 - 기타,안전운전불이행,건조,맑음,교차로 - 교차로안,승용,여,51세,상해없음,보행자,여,83세,중상
2015070700100449,2015년 7월 7일 17시,화요일,전라남도 순천시 덕암동,중상사고,0,1,1,0,차대차 - 추돌 - 진행중,안전거리미확보,습기,흐림,교차로 - 교차로부근,승용,남,70세,중상,승용,남,42세,경상
2015070700100450,2015년 7월 7일 17시,화요일,전라남도 나주시 다도면,중상사고,0,1,0,0,차량단독 - 기타,안전운전불이행,습기,비,단일로 - 기타,화물,남,75세,중상,,,,
2015070700100451,2015년 7월 7일 17시,화요일,전라남도 무안군 삼향읍,경상사고,0,0,2,0,차대사람 - 기타,보행자보호의무위반,건조,맑음,교차로 - 교차로부근,화물,남,55세,상해없음,보행자,여,30세,경상
2015070700100541,2015년 7월 7일 19시,화요일,전라남도 목포시 용당동,경상사고,0,0,2,0,차대차 - 기타,안전운전불이행,기타,기타,기타 - 기타,승용,여,55세,경상,승용,여,45세,경상
2015070700100542,2015년 7월 7일 19시,화요일,전라남도 나주시 삼영동,경상사고,0,0,1,0,차대차 - 추돌 - 주정차중,안전운전불이행,습기,비,단일로 - 기타,승용,남,48세,상해없음,승용,여,37세,경상
2015070700100543,2015년 7월 7일 19시,화요일,전라남도 담양군 월산면,경상사고,0,0,1,0,차대차 - 정면충돌,안전운전불이행,습기,비,단일로 - 기타,화물,여,44세,상해없음,승용,남,62세,경상
2015070700100579,2015년 7월 7일 20시,화요일,전라남도 화순군 화순읍,경상사고,0,0,1,0,차대차 - 기타,안전운전불이행,습기,비,교차로 - 교차로부근,승용,남,54세,상해없음,이륜,남,23세,경상
2015070700100623,2015년 7월 7일 21시,화요일,전라남도 광양시 중동,경상사고,0,0,2,0,차대차 - 추돌 - 주정차중,안전운전불이행,습기,비,교차로 - 교차로부근,승용,남,51세,상해없음,승용,여,27세,경상
2015070700100659,2015년 7월 7일 22시,화요일,전라남도 영암군 삼호읍,경상사고,0,0,1,0,차대차 - 추돌 - 주정차중,안전운전불이행,습기,비,교차로 - 교차로부근,화물,남,56세,상해없음,승용,남,26세,경상
2015070700100697,2015년 7월 7일 23시,화요일,전라남도 여수시 화장동,중상사고,0,1,0,0,차대사람 - 횡단중,안전운전불이행,습기,비,교차로 - 교차로안,승용,여,35세,상해없음,보행자,여,49세,중상
2015070800100058,2015년 7월 8일 03시,수요일,전라남도 여수시 선원동,경상사고,0,0,1,0,차량단독 - 공작물충돌,안전운전불이행,습기,비,단일로 - 기타,화물,남,23세,경상,,,,
2015070800100071,2015년 7월 8일 04시,수요일,전라남도 목포시 죽교동,경상사고,0,0,1,0,차대사람 - 횡단중,안전운전불이행,건조,맑음,기타 - 기타,승용,남,36세,상해없음,보행자,남,34세,경상
2015070800100084,2015년 7월 8일 05시,수요일,전라남도 목포시 남교동,경상사고,0,0,2,0,차대차 - 기타,안전운전불이행,건조,기타,교차로 - 교차로안,승용,남,32세,경상,승용,남,78세,경상
2015070800100156,2015년 7월 8일 08시,수요일,전라남도 순천시 대룡동,경상사고,0,0,1,0,차대차 - 측면직각충돌,교차로운행방법위반,습기,흐림,교차로 - 교차로안,승용,남,74세,상해없음,승용,남,22세,경상
2015070800100157,2015년 7월 8일 08시,수요일,전라남도 장흥군 용산면,중상사고,0,1,1,0,차량단독 - 공작물충돌,안전운전불이행,습기,비,단일로 - 기타,화물,남,74세,경상,,,,
2015070800100263,2015년 7월 8일 12시,수요일,전라남도 목포시 동명동,중상사고,0,1,1,0,차대차 - 측면직각충돌,직진우회전진행방해,건조,흐림,교차로 - 교차로안,승용,남,49세,경상,승용,여,25세,중상
2015070800100264,2015년 7월 8일 12시,수요일,전라남도 영암군 삼호읍,경상사고,0,0,4,0,차대차 - 측면직각충돌,직진우회전진행방해,건조,맑음,교차로 - 교차로안,승용,남,49세,경상,승용,남,35세,경상
2015070800100265,2015년 7월 8일 12시,수요일,전라남도 광양시 광양읍,경상사고,0,0,3,0,차대차 - 추돌 - 진행중,안전운전불이행,습기,비,교차로 - 교차로부근,승합,여,49세,상해없음,승용,여,33세,경상
2015070800100286,2015년 7월 8일 13시,수요일,전라남도 신안군 비금면,경상사고,0,0,1,0,차대차 - 측면직각충돌,안전거리미확보,건조,맑음,단일로 - 기타,이륜,남,66세,상해없음,이륜,남,88세,경상
2015070800100287,2015년 7월 8일 13시,수요일,전라남도 순천시 남정동,중상사고,0,1,0,0,차대사람 - 기타,안전운전불이행,습기,비,단일로 - 기타,승용,남,38세,상해없음,보행자,남,64세,중상
2015070800100288,2015년 7월 8일 13시,수요일,전라남도 장흥군 장흥읍,경상사고,0,0,1,0,차량단독 - 공작물충돌,안전운전불이행,습기,흐림,단일로 - 기타,화물,여,47세,경상,,,,
2015070800100324,2015년 7월 8일 14시,수요일,전라남도 목포시 상동,경상사고,0,0,1,0,차대사람 - 기타,기타,건조,기타,기타 - 기타,승용,남,43세,상해없음,보행자,남,30세,경상
2015070800100356,2015년 7월 8일 15시,수요일,전라남도 나주시 중앙동,중상사고,0,1,0,0,차대사람 - 길가장자리구역통행중,안전운전불이행,습기,비,단일로 - 기타,화물,남,52세,상해없음,보행자,여,86세,중상
2015070800100399,2015년 7월 8일 16시,수요일,전라남도 여수시 학동,경상사고,0,0,1,0,차대차 - 측면직각충돌,교차로운행방법위반,습기,비,교차로 - 교차로안,화물,남,52세,상해없음,승용,여,50세,경상
2015070800100400,2015년 7월 8일 16시,수요일,전라남도 순천시 교량동,경상사고,0,0,4,0,차대차 - 기타,직진우회전진행방해,습기,맑음,교차로 - 교차로안,승합,남,41세,경상,승용,여,37세,경상
2015070800100446,2015년 7월 8일 17시,수요일,전라남도 목포시 산정동,경상사고,0,0,1,0,차대차 - 측면직각충돌,신호위반,기타,기타,교차로 - 교차로안,승용,남,62세,상해없음,승용,남,29세,경상
2015070800100492,2015년 7월 8일 18시,수요일,전라남도 목포시 옥암동,경상사고,0,0,2,0,차대차 - 측면직각충돌,직진우회전진행방해,습기,비,교차로 - 교차로안,승용,남,54세,경상,승용,여,41세,경상
2015070800100517,2015년 7월 8일 19시,수요일,전라남도 영암군 덕진면,경상사고,0,0,1,0,차량단독 - 전도전복,안전운전불이행,습기,맑음,단일로 - 기타,화물,남,70세,경상,,,,
2015070800100558,2015년 7월 8일 20시,수요일,전라남도 보성군 벌교읍,경상사고,0,0,7,0,차대차 - 정면충돌,중앙선침범,습기,비,단일로 - 기타,승용,남,50세,상해없음,승합,남,63세,경상
2015070800100589,2015년 7월 8일 21시,수요일,전라남도 순천시 연향동,중상사고,0,1,0,0,차대사람 - 기타,안전운전불이행,건조,맑음,단일로 - 기타,화물,남,50세,상해없음,보행자,남,43세,중상
2015070800100625,2015년 7월 8일 22시,수요일,전라남도 목포시 산정동,경상사고,0,0,1,0,차대사람 - 횡단중,안전운전불이행,건조,기타,교차로 - 교차로안,승용,남,58세,상해없음,보행자,남,34세,경상
2015070800100626,2015년 7월 8일 22시,수요일,전라남도 여수시 고소동,경상사고,0,0,2,0,차대차 - 정면충돌,안전운전불이행,습기,비,교차로 - 교차로안,승용,남,32세,상해없음,승용,여,38세,경상
2015070800100627,2015년 7월 8일 22시,수요일,전라남도 순천시 조례동,중상사고,0,1,0,0,차대차 - 기타,안전운전불이행,습기,비,교차로 - 교차로안,승용,남,30세,상해없음,원동기,남,44세,중상
2015070800100628,2015년 7월 8일 22시,수요일,전라남도 영광군 영광읍,경상사고,0,0,1,0,차대차 - 추돌 - 주정차중,안전운전불이행,습기,비,교차로 - 교차로부근,승용,남,23세,상해없음,승용,여,55세,상해없음
2015070800100675,2015년 7월 8일 23시,수요일,전라남도 목포시 옥암동,경상사고,0,0,1,0,차대차 - 추돌 - 진행중,안전운전불이행,습기,흐림,기타 - 기타,승용,여,23세,상해없음,이륜,남,22세,경상
2015070800100676,2015년 7월 8일 23시,수요일,전라남도 순천시 연향동,중상사고,0,1,0,0,차대사람 - 횡단중,보행자보호의무위반,습기,비,교차로 - 교차로안,화물,남,46세,상해없음,보행자,여,19세,중상
2015070800100677,2015년 7월 8일 23시,수요일,전라남도 광양시 광양읍,경상사고,0,0,1,0,차대차 - 기타,신호위반,습기,비,교차로 - 교차로안,승용,남,40세,상해없음,승용,남,63세,경상
2015070900100049,2015년 7월 9일 02시,목요일,전라남도 광양시 광영동,경상사고,0,0,1,0,차대차 - 측면직각충돌,안전운전불이행,습기,비,단일로 - 기타,승용,기타불명,기타불명,기타불명,승용,남,40세,상해없음
2015070900100071,2015년 7월 9일 04시,목요일,전라남도 강진군 강진읍,경상사고,0,0,1,0,차대차 - 추돌 - 진행중,안전운전불이행,건조,흐림,단일로 - 기타,승용,남,46세,상해없음,원동기,여,61세,경상
2015070900100105,2015년 7월 9일 07시,목요일,전라남도 여수시 둔덕동,경상사고,0,0,1,0,차대차 - 추돌 - 주정차중,안전거리미확보,습기,흐림,단일로 - 기타,승용,남,49세,상해없음,승용,남,29세,경상
2015070900100106,2015년 7월 9일 07시,목요일,전라남도 영암군 삼호읍,사망사고,1,0,0,0,차대사람 - 횡단중,안전운전불이행,건조,맑음,단일로 - 기타,승용,남,28세,상해없음,보행자,남,55세,사망
2015070900100141,2015년 7월 9일 08시,목요일,전라남도 여수시 관문동,경상사고,0,0,1,0,차대사람 - 차도통행중,안전운전불이행,건조,맑음,단일로 - 기타,승용,남,42세,기타불명,보행자,여,15세,경상
2015070900100142,2015년 7월 9일 08시,목요일,전라남도 화순군 화순읍,경상사고,0,0,1,0,차대사람 - 횡단중,안전운전불이행,습기,비,단일로 - 횡단보도상,승용,여,56세,상해없음,보행자,남,23세,경상
2015070900100143,2015년 7월 9일 08시,목요일,전라남도 화순군 화순읍,중상사고,0,1,0,0,차대사람 - 기타,안전운전불이행,습기,비,단일로 - 기타,승용,여,31세,상해없음,보행자,여,56세,중상
2015070900100170,2015년 7월 9일 09시,목요일,전라남도 장성군 북하면,중상사고,0,1,0,0,차대사람 - 길가장자리구역통행중,안전운전불이행,습기,비,단일로 - 기타,화물,남,50세,상해없음,보행자,남,34세,중상
2015070900100187,2015년 7월 9일 10시,목요일,전라남도 순천시 장천동,중상사고,0,2,0,0,차대차 - 측면직각충돌,직진우회전진행방해,건조,맑음,교차로 - 교차로안,승용,남,66세,상해없음,이륜,남,64세,중상
2015070900100208,2015년 7월 9일 11시,목요일,전라남도 목포시 용당동,중상사고,0,1,1,0,차대차 - 측면직각충돌,안전운전불이행,건조,맑음,교차로 - 교차로안,승용,남,56세,상해없음,승용,남,56세,경상
2015070900100251,2015년 7월 9일 13시,목요일,전라남도 여수시 소라면,경상사고,0,0,1,0,차대차 - 추돌 - 진행중,안전운전불이행,건조,맑음,단일로 - 기타,화물,남,61세,상해없음,승용,남,75세,경상
2015070900100252,2015년 7월 9일 13시,목요일,전라남도 장성군 장성읍,경상사고,0,0,2,1,차대차 - 추돌 - 주정차중,안전운전불이행,건조,맑음,교차로 - 교차로안,승용,여,61세,부상신고,승용,남,75세,경상
2015070900100253,2015년 7월 9일 13시,목요일,전라남도 담양군 담양읍,경상사고,0,0,1,0,차대차 - 측면직각충돌,불법유턴,건조,맑음,단일로 - 기타,화물,남,51세,상해없음,승용,여,49세,경상
2015070900100254,2015년 7월 9일 13시,목요일,전라남도 담양군 무정면,경상사고,0,0,1,0,차량단독 - 기타,안전운전불이행,건조,맑음,단일로 - 기타,원동기,남,65세,경상,,,,
2015070900100255,2015년 7월 9일 13시,목요일,전라남도 완도군 완도읍,중상사고,0,3,0,0,차대차 - 측면직각충돌,신호위반,건조,맑음,교차로 - 교차로안,승용,여,57세,상해없음,승용,남,70세,중상
2015070900100256,2015년 7월 9일 13시,목요일,전라남도 광양시 광양읍,경상사고,0,0,1,0,차대사람 - 기타,안전운전불이행,건조,맑음,기타 - 기타,화물,남,42세,상해없음,보행자,남,33세,경상
2015070900100286,2015년 7월 9일 14시,목요일,전라남도 순천시 가곡동,경상사고,0,0,2,0,차대차 - 추돌 - 진행중,안전거리미확보,건조,맑음,단일로 - 기타,화물,남,59세,상해없음,원동기,남,16세,경상
2015070900100287,2015년 7월 9일 14시,목요일,전라남도 고흥군 도양읍,중상사고,0,1,0,0,차대차 - 기타,안전운전불이행,건조,맑음,단일로 - 기타,승용,남,35세,상해없음,원동기,남,70세,중상
2015070900100288,2015년 7월 9일 14시,목요일,전라남도 영광군 영광읍,경상사고,0,0,2,0,차대차 - 측면직각충돌,교차로운행방법위반,건조,맑음,교차로 - 교차로안,승용,여,31세,경상,승용,여,59세,경상
2015070900100289,2015년 7월 9일 14시,목요일,전라남도 완도군 완도읍,경상사고,0,0,1,0,차대차 - 기타,안전운전불이행,건조,맑음,단일로 - 기타,승용,여,62세,상해없음,승용,남,33세,경상
2015070900100311,2015년 7월 9일 15시,목요일,전라남도 광양시 성황동,경상사고,0,0,1,0,차대차 - 측면직각충돌,안전운전불이행,건조,맑음,교차로 - 교차로부근,건설기계,남,61세,상해없음,승용,여,28세,경상
2015070900100343,2015년 7월 9일 16시,목요일,전라남도 영암군 삼호읍,경상사고,0,0,2,0,차대차 - 측면직각충돌,안전운전불이행,건조,맑음,교차로 - 교차로안,화물,남,40세,기타불명,승용,남,27세,경상
2015070900100426,2015년 7월 9일 18시,목요일,전라남도 여수시 여서동,경상사고,0,0,1,0,차대차 - 추돌 - 주정차중,안전운전불이행,건조,맑음,단일로 - 기타,승용,남,58세,상해없음,승용,남,30세,경상
2015070900100460,2015년 7월 9일 19시,목요일,전라남도 나주시 금천면,중상사고,0,1,0,0,차량단독 - 기타,안전운전불이행,건조,맑음,단일로 - 기타,승용,남,56세,중상,,,,
2015070900100520,2015년 7월 9일 21시,목요일,전라남도 화순군 능주면,중상사고,0,1,0,0,차대차 - 추돌 - 주정차중,안전운전불이행,건조,맑음,단일로 - 기타,승용,남,54세,중상,화물,남,54세,상해없음
2015070900100549,2015년 7월 9일 22시,목요일,전라남도 목포시 산정동,경상사고,0,0,1,0,차대사람 - 기타,기타,건조,맑음,단일로 - 기타,승합,남,55세,상해없음,보행자,남,54세,경상
2015070900100550,2015년 7월 9일 22시,목요일,전라남도 순천시 매곡동,중상사고,0,1,0,0,차대차 - 측면직각충돌,직진우회전진행방해,건조,맑음,교차로 - 교차로안,화물,남,44세,상해없음,이륜,남,24세,중상
2015071000100032,2015년 7월 10일 01시,금요일,전라남도 완도군 완도읍,중상사고,0,2,1,0,차대차 - 추돌 - 진행중,안전운전불이행,습기,흐림,교차로 - 교차로부근,화물,남,66세,경상,승용,남,32세,중상
2015071000100082,2015년 7월 10일 05시,금요일,전라남도 나주시 빛가람동,경상사고,0,0,1,0,차량단독 - 기타,안전운전불이행,건조,맑음,단일로 - 기타,승용,여,41세,경상,,,,
2015071000100161,2015년 7월 10일 08시,금요일,전라남도 순천시 주암면,중상사고,0,1,1,0,차대차 - 기타,안전운전불이행,건조,맑음,단일로 - 기타,승용,여,38세,상해없음,승용,남,42세,경상
2015071000100162,2015년 7월 10일 08시,금요일,전라남도 나주시 세지면,중상사고,0,2,0,0,차대차 - 측면직각충돌,안전운전불이행,건조,맑음,단일로 - 기타,승용,여,61세,상해없음,농기계,남,73세,중상
2015071000100205,2015년 7월 10일 09시,금요일,전라남도 목포시 산정동,경상사고,0,0,2,0,차대차 - 추돌 - 주정차중,안전운전불이행,건조,맑음,교차로 - 교차로부근,승용,남,73세,기타불명,승용,남,71세,경상
2015071000100206,2015년 7월 10일 09시,금요일,전라남도 순천시 조례동,중상사고,0,1,0,0,차대사람 - 횡단중,중앙선침범,건조,맑음,단일로 - 기타,승용,남,70세,상해없음,보행자,여,86세,중상
2015071000100237,2015년 7월 10일 10시,금요일,전라남도 나주시 봉황면,사망사고,1,0,0,0,차대차 - 정면충돌,신호위반,건조,맑음,교차로 - 교차로안,승용,남,52세,상해없음,화물,남,41세,사망
2015071000100238,2015년 7월 10일 10시,금요일,전라남도 고흥군 풍양면,경상사고,0,0,1,0,차대차 - 추돌 - 진행중,안전운전불이행,건조,맑음,단일로 - 기타,화물,남,35세,상해없음,승용,남,76세,경상
2015071000100274,2015년 7월 10일 11시,금요일,전라남도 순천시 조례동,경상사고,0,0,1,0,차대차 - 기타,안전운전불이행,건조,맑음,단일로 - 기타,이륜,남,53세,경상,승용,남,60세,상해없음
2015071000100306,2015년 7월 10일 12시,금요일,전라남도 목포시 무안동,중상사고,0,1,0,0,차대사람 - 횡단중,안전운전불이행,건조,맑음,교차로 - 교차로안,승용,남,48세,상해없음,보행자,여,68세,중상
2015071000100307,2015년 7월 10일 12시,금요일,전라남도 순천시 매곡동,중상사고,0,1,0,0,차대사람 - 기타,안전운전불이행,건조,맑음,단일로 - 기타,이륜,남,16세,상해없음,보행자,남,59세,중상
2015071000100308,2015년 7월 10일 12시,금요일,전라남도 나주시 봉황면,경상사고,0,0,1,0,차량단독 - 공작물충돌,안전운전불이행,건조,맑음,단일로 - 기타,승용,남,57세,경상,,,,
2015071000100309,2015년 7월 10일 12시,금요일,전라남도 장성군 북이면,경상사고,0,0,4,0,차대차 - 측면직각충돌,안전운전불이행,건조,맑음,교차로 - 교차로안,승용,남,75세,경상,화물,남,43세,경상
2015071000100341,2015년 7월 10일 13시,금요일,전라남도 여수시 국동,중상사고,0,1,0,0,차대차 - 측면직각충돌,안전운전불이행,건조,맑음,단일로 - 기타,승용,여,38세,상해없음,이륜,남,67세,중상
2015071000100342,2015년 7월 10일 13시,금요일,전라남도 장흥군 장흥읍,경상사고,0,0,1,0,차대차 - 측면직각충돌,교차로운행방법위반,건조,맑음,교차로 - 교차로안,승용,남,52세,상해없음,화물,남,32세,경상
2015071000100370,2015년 7월 10일 14시,금요일,전라남도 여수시 신기동,경상사고,0,0,1,0,차대사람 - 횡단중,신호위반,건조,맑음,단일로 - 횡단보도상,승용,여,65세,상해없음,보행자,여,7세,경상