사고번호,사고일시,요일,시군구,사고내용,사망자수,중상자수,경상자수,부상신고자수,사고유형,법규위반,노면상태,기상상태,도로형태,가해운전자 차종,가해운전자 성별,가해운전자 연령,가해운전자 상해정도,피해운전자 차종,피해운전자 성별,피해운전자 연령,피해운전자 상해정도
2015071000100371,2015년 7월 10일 14시,금요일,전라남도 고흥군 도양읍,중상사고,0,1,0,0,차대차 - 기타,교차로운행방법위반,건조,맑음,교차로 - 교차로부근,원동기,남,79세,중상,화물,여,61세,상해없음
2015071000100372,2015년 7월 10일 14시,금요일,전라남도 영암군 삼호읍,중상사고,0,1,1,0,차대차 - 기타,신호위반,건조,맑음,교차로 - 교차로안,승용,남,28세,경상,이륜,남,42세,중상
2015071000100409,2015년 7월 10일 15시,금요일,전라남도 나주시 금천면,중상사고,0,1,0,0,차대차 - 측면직각충돌,안전운전불이행,건조,맑음,교차로 - 교차로부근,화물,남,23세,상해없음,원동기,남,74세,중상
2015071000100449,2015년 7월 10일 16시,금요일,전라남도 목포시 옥암동,경상사고,0,0,1,0,차대차 - 측면직각충돌,직진우회전진행방해,건조,맑음,교차로 - 교차로부근,승용,여,37세,경상,화물,남,43세,기타불명
2015071000100450,2015년 7월 10일 16시,금요일,전라남도 여수시 봉계동,중상사고,0,1,0,1,차대차 - 추돌 - 진행중,안전운전불이행,건조,맑음,단일로 - 기타,승용,남,29세,상해없음,승용,남,54세,부상신고
2015071000100451,2015년 7월 10일 16시,금요일,전라남도 고흥군 남양면,경상사고,0,0,1,0,차대차 - 추돌 - 주정차중,안전운전불이행,건조,맑음,단일로 - 기타,승합,남,54세,상해없음,승용,남,67세,경상
2015071000100497,2015년 7월 10일 17시,금요일,전라남도 무안군 삼향읍,경상사고,0,0,8,0,차대차 - 측면직각충돌,직진우회전진행방해,건조,맑음,교차로 - 교차로안,승용,여,38세,경상,화물,남,19세,경상
2015071000100564,2015년 7월 10일 18시,금요일,전라남도 순천시 덕암동,중상사고,0,1,0,0,차대사람 - 기타,안전운전불이행,건조,맑음,교차로 - 교차로안,승용,남,64세,상해없음,보행자,여,13세,중상
2015071000100565,2015년 7월 10일 18시,금요일,전라남도 순천시 연향동,경상사고,0,0,1,0,차대사람 - 횡단중,안전운전불이행,건조,맑음,단일로 - 기타,승용,여,43세,상해없음,보행자,남,10세,경상
2015071000100566,2015년 7월 10일 18시,금요일,전라남도 순천시 해룡면,경상사고,0,0,1,0,차대차 - 기타,안전운전불이행,건조,맑음,교차로 - 교차로부근,승합,남,58세,상해없음,승용,남,30세,경상
2015071000100567,2015년 7월 10일 18시,금요일,전라남도 순천시 서면,경상사고,0,0,7,0,차대차 - 측면직각충돌,안전운전불이행,습기,비,단일로 - 기타,승용,여,35세,상해없음,승용,남,50세,경상
2015071000100613,2015년 7월 10일 19시,금요일,전라남도 목포시 산정동,경상사고,0,0,1,0,차량단독 - 공작물충돌,안전운전불이행,건조,맑음,단일로 - 기타,승용,남,44세,경상,,,,
2015071000100700,2015년 7월 10일 21시,금요일,전라남도 목포시 옥암동,중상사고,0,1,0,0,차대차 - 추돌 - 진행중,안전운전불이행,건조,맑음,단일로 - 기타,이륜,남,35세,중상,화물,남,29세,상해없음
2015071000100701,2015년 7월 10일 21시,금요일,전라남도 순천시 조례동,경상사고,0,0,5,0,차대차 - 측면직각충돌,신호위반,건조,맑음,교차로 - 교차로안,승용,남,71세,상해없음,승용,남,23세,경상
2015071000100702,2015년 7월 10일 21시,금요일,전라남도 담양군 금성면,경상사고,0,0,1,0,차대사람 - 길가장자리구역통행중,안전운전불이행,건조,맑음,단일로 - 기타,승합,남,62세,상해없음,보행자,여,61세,경상
2015071000100774,2015년 7월 10일 23시,금요일,전라남도 목포시 항동,사망사고,1,0,0,0,차대사람 - 횡단중,보행자보호의무위반,건조,맑음,단일로 - 횡단보도상,이륜,남,33세,기타불명,보행자,남,61세,사망
2015071100100017,2015년 7월 11일 00시,토요일,전라남도 영암군 영암읍,경상사고,0,0,2,0,차대차 - 추돌 - 진행중,안전운전불이행,건조,맑음,교차로 - 교차로부근,승용,여,44세,상해없음,승용,남,35세,경상
2015071100100034,2015년 7월 11일 01시,토요일,전라남도 순천시 남정동,중상사고,0,1,0,0,차대차 - 기타,안전운전불이행,건조,맑음,교차로 - 교차로안,이륜,남,16세,중상,승합,남,48세,기타불명
2015071100100092,2015년 7월 11일 05시,토요일,전라남도 목포시 용해동,경상사고,0,0,2,0,차대차 - 측면직각충돌,안전운전불이행,건조,맑음,단일로 - 기타,승용,남,54세,경상,승용,남,39세,경상
2015071100100093,2015년 7월 11일 05시,토요일,전라남도 광양시 중동,중상사고,0,1,0,0,차대차 - 측면직각충돌,신호위반,건조,맑음,교차로 - 교차로안,화물,남,38세,상해없음,이륜,남,75세,상해없음
2015071100100172,2015년 7월 11일 09시,토요일,전라남도 진도군 임회면,중상사고,0,1,0,0,차량단독 - 기타,안전운전불이행,건조,맑음,단일로 - 기타,이륜,남,80세,중상,,,,
2015071100100199,2015년 7월 11일 10시,토요일,전라남도 무안군 일로읍,중상사고,0,1,0,0,차대차 - 측면직각충돌,교차로운행방법위반,건조,맑음,교차로 - 교차로안,이륜,남,84세,중상,승용,남,44세,상해없음
2015071100100237,2015년 7월 11일 11시,토요일,전라남도 순천시 덕암동,중상사고,0,1,2,0,차대차 - 측면직각충돌,교차로운행방법위반,건조,맑음,교차로 - 교차로안,승용,남,42세,경상,승용,여,34세,중상
2015071100100238,2015년 7월 11일 11시,토요일,전라남도 순천시 연향동,중상사고,0,1,0,0,차대사람 - 기타,안전운전불이행,건조,맑음,교차로 - 교차로안,승용,남,70세,상해없음,보행자,남,70세,중상
2015071100100239,2015년 7월 11일 11시,토요일,전라남도 보성군 복내면,중상사고,0,2,2,0,차대차 - 측면직각충돌,직진우회전진행방해,건조,맑음,교차로 - 교차로안,승용,남,44세,상해없음,승용,여,51세,중상
2015071100100240,2015년 7월 11일 11시,토요일,전라남도 영암군 군서면,경상사고,0,0,5,0,차대차 - 측면직각충돌,직진우회전진행방해,건조,맑음,교차로 - 교차로안,승용,남,77세,경상,승용,여,57세,경상
2015071100100274,2015년 7월 11일 12시,토요일,전라남도 신안군 지도읍,중상사고,0,1,0,0,차대사람 - 횡단중,안전운전불이행,습기,비,단일로 - 기타,승용,여,45세,상해없음,보행자,여,66세,중상
2015071100100275,2015년 7월 11일 12시,토요일,전라남도 나주시 문평면,경상사고,0,0,2,0,차량단독 - 공작물충돌,안전운전불이행,건조,기타,단일로 - 기타,승용,남,38세,경상,,,,
2015071100100316,2015년 7월 11일 13시,토요일,전라남도 목포시 상동,경상사고,0,0,1,0,차대사람 - 기타,안전운전불이행,건조,맑음,단일로 - 기타,승용,여,44세,상해없음,보행자,남,8세,경상
2015071100100317,2015년 7월 11일 13시,토요일,전라남도 순천시 저전동,경상사고,0,0,1,0,차대차 - 기타,안전운전불이행,건조,맑음,교차로 - 교차로안,승용,남,72세,상해없음,승합,남,51세,상해없음
2015071100100318,2015년 7월 11일 13시,토요일,전라남도 고흥군 두원면,경상사고,0,0,1,0,차대차 - 측면직각충돌,안전운전불이행,건조,맑음,단일로 - 기타,화물,남,56세,경상,건설기계,남,63세,상해없음
2015071100100319,2015년 7월 11일 13시,토요일,전라남도 강진군 마량면,경상사고,0,0,1,0,차대사람 - 기타,안전운전불이행,습기,비,단일로 - 기타,승용,남,73세,상해없음,보행자,남,49세,경상
2015071100100354,2015년 7월 11일 14시,토요일,전라남도 순천시 해룡면,경상사고,0,0,2,0,차대차 - 정면충돌,안전운전불이행,습기,비,교차로 - 교차로안,승용,남,34세,상해없음,화물,남,55세,경상
2015071100100355,2015년 7월 11일 14시,토요일,전라남도 보성군 벌교읍,경상사고,0,0,3,0,차대차 - 기타,안전운전불이행,습기,비,단일로 - 기타,화물,남,73세,상해없음,승용,남,48세,경상
2015071100100356,2015년 7월 11일 14시,토요일,전라남도 보성군 미력면,중상사고,0,1,0,0,차량단독 - 공작물충돌,안전운전불이행,습기,비,단일로 - 기타,승용,여,23세,중상,,,,
2015071100100391,2015년 7월 11일 15시,토요일,전라남도 나주시 산정동,경상사고,0,0,1,0,차대차 - 기타,안전운전불이행,습기,비,교차로 - 교차로안,승용,남,77세,상해없음,승용,남,30세,경상
2015071100100392,2015년 7월 11일 15시,토요일,전라남도 화순군 동면,경상사고,0,0,1,0,차대차 - 기타,안전운전불이행,건조,맑음,단일로 - 기타,승합,남,36세,상해없음,승용,남,20세,기타불명
2015071100100433,2015년 7월 11일 16시,토요일,전라남도 완도군 완도읍,중상사고,0,1,1,0,차대차 - 기타,신호위반,건조,맑음,교차로 - 교차로안,승용,남,62세,상해없음,승용,여,52세,경상
2015071100100473,2015년 7월 11일 17시,토요일,전라남도 강진군 칠량면,중상사고,0,1,1,0,차대차 - 추돌 - 진행중,안전운전불이행,습기,비,단일로 - 기타,승용,남,20세,상해없음,승용,남,57세,경상
2015071100100474,2015년 7월 11일 17시,토요일,전라남도 담양군 창평면,경상사고,0,0,4,0,차대차 - 측면직각충돌,기타,습기,비,교차로 - 교차로안,화물,남,59세,상해없음,승용,여,33세,경상
2015071100100510,2015년 7월 11일 18시,토요일,전라남도 무안군 청계면,경상사고,0,0,3,0,차대차 - 추돌 - 진행중,안전운전불이행,습기,비,교차로 - 교차로부근,화물,남,27세,상해없음,승용,남,57세,경상
2015071100100538,2015년 7월 11일 19시,토요일,전라남도 목포시 상동,부상신고사고,0,0,0,1,차대차 - 기타,중앙선침범,습기,비,단일로 - 기타,이륜,남,19세,부상신고,승용,남,34세,상해없음
2015071100100539,2015년 7월 11일 19시,토요일,전라남도 목포시 연산동,경상사고,0,0,1,0,차대차 - 기타,안전운전불이행,습기,비,단일로 - 기타,이륜,남,46세,경상,이륜,남,48세,상해없음
2015071100100540,2015년 7월 11일 19시,토요일,전라남도 영광군 영광읍,경상사고,0,0,2,0,차대차 - 측면직각충돌,직진우회전진행방해,습기,흐림,교차로 - 교차로안,승용,남,25세,상해없음,승용,남,69세,경상
2015071100100541,2015년 7월 11일 19시,토요일,전라남도 광양시 금호동,중상사고,0,1,1,0,차량단독 - 공작물충돌,안전운전불이행,습기,비,교차로 - 교차로부근,승용,남,47세,경상,,,,
2015071100100584,2015년 7월 11일 20시,토요일,전라남도 여수시 여서동,경상사고,0,0,4,0,차대차 - 추돌 - 진행중,안전운전불이행,습기,비,교차로 - 교차로부근,승용,남,61세,상해없음,승용,여,49세,경상
2015071100100585,2015년 7월 11일 20시,토요일,전라남도 광양시 광양읍,경상사고,0,0,1,0,차대차 - 기타,안전운전불이행,습기,비,교차로 - 교차로부근,승용,여,34세,상해없음,승용,여,28세,경상
2015071100100586,2015년 7월 11일 20시,토요일,전라남도 구례군 구례읍,중상사고,0,1,1,0,차대차 - 기타,직진우회전진행방해,습기,비,교차로 - 교차로안,원동기,여,17세,경상,승용,여,32세,상해없음
2015071100100620,2015년 7월 11일 21시,토요일,전라남도 광양시 중동,경상사고,0,0,2,0,차대차 - 추돌 - 진행중,안전운전불이행,습기,비,교차로 - 교차로부근,승용,남,51세,상해없음,승용,남,42세,경상
2015071100100651,2015년 7월 11일 22시,토요일,전라남도 목포시 상동,경상사고,0,0,3,0,차대차 - 기타,신호위반,습기,비,교차로 - 교차로안,승용,남,33세,상해없음,승용,여,42세,경상
2015071100100652,2015년 7월 11일 22시,토요일,전라남도 여수시 화장동,중상사고,0,1,6,0,차대차 - 측면직각충돌,신호위반,습기,흐림,교차로 - 교차로안,승용,남,57세,경상,승용,남,23세,경상
2015071100100653,2015년 7월 11일 22시,토요일,전라남도 순천시 남내동,경상사고,0,0,1,0,차대사람 - 횡단중,안전운전불이행,습기,비,단일로 - 기타,화물,남,49세,상해없음,보행자,여,54세,경상
2015071100100654,2015년 7월 11일 22시,토요일,전라남도 순천시 덕암동,경상사고,0,0,3,0,차대차 - 측면직각충돌,안전운전불이행,습기,비,교차로 - 교차로안,승용,남,62세,상해없음,승용,남,19세,경상
2015071100100655,2015년 7월 11일 22시,토요일,전라남도 나주시 금천면,중상사고,0,1,0,0,차대차 - 기타,직진우회전진행방해,습기,비,교차로 - 교차로안,승용,여,40세,상해없음,승용,여,45세,중상
2015071100100688,2015년 7월 11일 23시,토요일,전라남도 순천시 동외동,중상사고,0,1,0,0,차대사람 - 횡단중,안전운전불이행,습기,비,단일로 - 기타,승용,남,33세,상해없음,보행자,여,39세,중상
2015071100100689,2015년 7월 11일 23시,토요일,전라남도 광양시 중동,경상사고,0,0,4,0,차대차 - 추돌 - 주정차중,안전운전불이행,습기,비,교차로 - 교차로부근,승용,남,43세,상해없음,승용,남,56세,경상
2015071200100014,2015년 7월 12일 00시,일요일,전라남도 순천시 조례동,경상사고,0,0,3,0,차대차 - 측면직각충돌,안전운전불이행,습기,비,단일로 - 기타,승용,남,38세,경상,승용,남,53세,경상
2015071200100041,2015년 7월 12일 01시,일요일,전라남도 나주시 송월동,부상신고사고,0,0,0,1,차대사람 - 기타,안전운전불이행,건조,맑음,교차로 - 교차로부근,기타불명,기타불명,기타불명,기타불명,보행자,여,47세,부상신고
2015071200100086,2015년 7월 12일 02시,일요일,전라남도 목포시 산정동,경상사고,0,0,1,0,차대차 - 측면직각충돌,직진우회전진행방해,습기,비,교차로 - 교차로안,승용,남,52세,상해없음,승용,여,55세,경상
2015071200100087,2015년 7월 12일 02시,일요일,전라남도 여수시 둔덕동,경상사고,0,0,1,0,차대차 - 추돌 - 주정차중,안전운전불이행,건조,맑음,단일로 - 기타,승용,여,52세,상해없음,화물,남,36세,상해없음
2015071200100088,2015년 7월 12일 02시,일요일,전라남도 장흥군 장흥읍,중상사고,0,1,0,0,차대사람 - 길가장자리구역통행중,기타,습기,비,단일로 - 기타,승용,남,35세,기타불명,보행자,남,19세,중상
2015071200100138,2015년 7월 12일 04시,일요일,전라남도 목포시 옥암동,중상사고,0,1,0,0,차대사람 - 횡단중,안전운전불이행,습기,비,단일로 - 횡단보도부근,승용,남,34세,상해없음,보행자,남,32세,중상
2015071200100148,2015년 7월 12일 05시,일요일,전라남도 목포시 산정동,중상사고,0,1,3,0,차대차 - 기타,신호위반,습기,비,교차로 - 교차로안,승용,남,52세,상해없음,승용,남,62세,경상
2015071200100186,2015년 7월 12일 08시,일요일,전라남도 영암군 삼호읍,경상사고,0,0,1,0,차대차 - 측면직각충돌,안전운전불이행,습기,비,교차로 - 교차로안,승용,남,31세,상해없음,화물,남,57세,기타불명
2015071200100205,2015년 7월 12일 09시,일요일,전라남도 화순군 도곡면,경상사고,0,0,1,0,차대차 - 기타,신호위반,습기,비,교차로 - 교차로안,승용,여,54세,상해없음,승용,남,37세,경상
2015071200100266,2015년 7월 12일 12시,일요일,전라남도 보성군 미력면,경상사고,0,0,2,0,차량단독 - 전도전복,안전운전불이행,습기,비,단일로 - 교량,승용,여,27세,경상,,,,
2015071200100294,2015년 7월 12일 13시,일요일,전라남도 고흥군 포두면,경상사고,0,0,1,0,차량단독 - 공작물충돌,안전운전불이행,습기,비,단일로 - 기타,승용,남,42세,경상,,,,
2015071200100295,2015년 7월 12일 13시,일요일,전라남도 보성군 미력면,경상사고,0,0,1,0,차량단독 - 공작물충돌,안전운전불이행,습기,비,단일로 - 기타,승용,남,36세,경상,,,,
2015071200100296,2015년 7월 12일 13시,일요일,전라남도 담양군 대덕면,경상사고,0,0,3,0,차대차 - 정면충돌,중앙선침범,습기,비,단일로 - 기타,승용,여,50세,상해없음,승용,남,37세,경상
2015071200100325,2015년 7월 12일 14시,일요일,전라남도 순천시 해룡면,중상사고,0,1,1,0,차대차 - 추돌 - 진행중,안전거리미확보,습기,비,단일로 - 기타,승용,남,62세,상해없음,승용,남,58세,중상
2015071200100326,2015년 7월 12일 14시,일요일,전라남도 함평군 엄다면,경상사고,0,0,2,0,차대차 - 기타,안전운전불이행,습기,비,기타 - 기타,승용,여,39세,경상,승용,남,48세,경상
2015071200100355,2015년 7월 12일 15시,일요일,전라남도 목포시 상동,경상사고,0,0,3,0,차대차 - 기타,중앙선침범,습기,비,교차로 - 교차로부근,승용,남,21세,상해없음,이륜,남,49세,경상
2015071200100356,2015년 7월 12일 15시,일요일,전라남도 순천시 남정동,경상사고,0,0,1,0,차대사람 - 기타,교차로운행방법위반,습기,비,교차로 - 교차로안,승용,남,20세,상해없음,보행자,남,18세,경상
2015071200100387,2015년 7월 12일 16시,일요일,전라남도 나주시 봉황면,경상사고,0,0,3,0,차대차 - 측면직각충돌,안전운전불이행,습기,비,교차로 - 교차로부근,승용,여,35세,경상,화물,여,54세,상해없음
2015071200100388,2015년 7월 12일 16시,일요일,전라남도 해남군 화원면,경상사고,0,0,2,0,차대차 - 기타,중앙선침범,습기,비,단일로 - 기타,승용,남,54세,상해없음,화물,남,62세,경상
2015071200100389,2015년 7월 12일 16시,일요일,전라남도 해남군 해남읍,경상사고,0,0,1,0,차대차 - 기타,안전운전불이행,습기,비,교차로 - 교차로부근,화물,남,48세,기타불명,자전거,남,37세,경상
2015071200100417,2015년 7월 12일 17시,일요일,전라남도 담양군 대덕면,경상사고,0,0,1,0,차대차 - 측면직각충돌,안전운전불이행,습기,비,교차로 - 교차로부근,승용,여,58세,상해없음,승용,남,37세,경상
2015071200100446,2015년 7월 12일 18시,일요일,전라남도 순천시 서면,경상사고,0,0,1,0,차대차 - 추돌 - 주정차중,안전운전불이행,건조,맑음,교차로 - 교차로부근,승용,남,40세,상해없음,승용,여,41세,경상
2015071200100447,2015년 7월 12일 18시,일요일,전라남도 나주시 금천면,경상사고,0,0,2,0,차대차 - 추돌 - 주정차중,안전운전불이행,습기,비,교차로 - 교차로부근,화물,남,48세,상해없음,승용,남,46세,경상
2015071200100477,2015년 7월 12일 19시,일요일,전라남도 여수시 신월동,경상사고,0,0,2,0,차대차 - 추돌 - 진행중,안전운전불이행,습기,비,단일로 - 기타,승용,여,38세,상해없음,승용,여,34세,경상
2015071200100478,2015년 7월 12일 19시,일요일,전라남도 영암군 삼호읍,경상사고,0,0,3,0,차대차 - 추돌 - 주정차중,안전운전불이행,습기,비,교차로 - 교차로부근,승용,남,30세,상해없음,승용,남,32세,경상
2015071200100511,2015년 7월 12일 20시,일요일,전라남도 순천시 조례동,중상사고,0,1,0,0,차대사람 - 기타,안전운전불이행,습기,비,교차로 - 교차로안,승용,남,49세,상해없음,보행자,남,46세,중상
2015071200100512,2015년 7월 12일 20시,일요일,전라남도 화순군 화순읍,경상사고,0,0,1,0,차대사람 - 기타,기타,습기,비,단일로 - 기타,승용,여,59세,상해없음,보행자,여,61세,경상
2015071200100539,2015년 7월 12일 21시,일요일,전라남도 광양시 광영동,경상사고,0,0,1,0,차대차 - 측면직각충돌,중앙선침범,건조,맑음,단일로 - 기타,승용,남,46세,상해없음,승용,남,51세,경상
2015071200100575,2015년 7월 12일 22시,일요일,전라남도 순천시 조례동,경상사고,0,0,2,0,차량단독 - 공작물충돌,안전운전불이행,습기,비,교차로 - 교차로부근,승용,여,38세,경상,,,,
2015071200100576,2015년 7월 12일 22시,일요일,전라남도 영암군 삼호읍,중상사고,0,1,0,0,차대차 - 추돌 - 진행중,안전운전불이행,습기,비,교차로 - 교차로부근,승용,여,34세,상해없음,승용,여,52세,중상
2015071200100577,2015년 7월 12일 22시,일요일,전라남도 무안군 삼향읍,경상사고,0,0,1,0,차량단독 - 공작물충돌,안전운전불이행,습기,비,단일로 - 기타,승용,남,26세,경상,,,,
2015071200100609,2015년 7월 12일 23시,일요일,전라남도 여수시 광무동,중상사고,0,2,0,0,차량단독 - 공작물충돌,안전운전불이행,습기,비,단일로 - 기타,승용,남,35세,중상,,,,
2015071300100014,2015년 7월 13일 00시,월요일,전라남도 목포시 산정동,경상사고,0,0,1,0,차대차 - 기타,안전운전불이행,습기,비,교차로 - 교차로부근,승용,남,56세,상해없음,승합,남,39세,경상
2015071300100066,2015년 7월 13일 06시,월요일,전라남도 고흥군 도양읍,경상사고,0,0,1,0,차대차 - 측면직각충돌,교차로운행방법위반,건조,맑음,교차로 - 교차로안,승용,남,55세,상해없음,승용,여,49세,경상
2015071300100124,2015년 7월 13일 08시,월요일,전라남도 광양시 중동,경상사고,0,0,2,0,차대차 - 측면직각충돌,교차로운행방법위반,건조,맑음,교차로 - 교차로안,승용,여,30세,경상,승용,여,36세,경상
2015071300100125,2015년 7월 13일 08시,월요일,전라남도 구례군 구례읍,중상사고,0,1,0,0,차대차 - 기타,안전운전불이행,건조,맑음,교차로 - 교차로안,승용,여,50세,상해없음,이륜,남,71세,중상
2015071300100175,2015년 7월 13일 09시,월요일,전라남도 장흥군 안양면,중상사고,0,2,1,0,차대차 - 측면직각충돌,직진우회전진행방해,습기,흐림,교차로 - 교차로안,화물,남,54세,중상,화물,남,51세,중상
2015071300100176,2015년 7월 13일 09시,월요일,전라남도 담양군 담양읍,경상사고,0,0,1,0,차대차 - 측면직각충돌,불법유턴,습기,비,교차로 - 교차로안,승용,남,74세,상해없음,승용,여,36세,경상
2015071300100209,2015년 7월 13일 10시,월요일,전라남도 영암군 삼호읍,경상사고,0,0,1,0,차대차 - 기타,안전운전불이행,습기,비,교차로 - 교차로부근,승용,남,32세,상해없음,승용,남,53세,경상
2015071300100210,2015년 7월 13일 10시,월요일,전라남도 장성군 북이면,중상사고,0,1,0,1,차량단독 - 도로외이탈 - 기타,안전운전불이행,습기,비,단일로 - 기타,화물,남,54세,부상신고,,,,
2015071300100211,2015년 7월 13일 10시,월요일,전라남도 담양군 대덕면,중상사고,0,1,28,0,차량단독 - 공작물충돌,안전운전불이행,습기,비,단일로 - 기타,승합,남,72세,상해없음,,,,
2015071300100246,2015년 7월 13일 11시,월요일,전라남도 무안군 삼향읍,중상사고,0,1,0,0,차대차 - 측면직각충돌,신호위반,건조,맑음,교차로 - 교차로안,이륜,남,75세,중상,승용,여,41세,상해없음
2015071300100290,2015년 7월 13일 12시,월요일,전라남도 보성군 미력면,경상사고,0,0,3,0,차대차 - 추돌 - 주정차중,안전운전불이행,습기,비,단일로 - 기타,승용,여,31세,상해없음,화물,남,29세,경상
2015071300100321,2015년 7월 13일 13시,월요일,전라남도 목포시 상동,경상사고,0,0,1,0,차대차 - 추돌 - 주정차중,안전거리미확보,건조,맑음,교차로 - 교차로부근,승용,여,32세,상해없음,승용,남,52세,경상
2015071300100396,2015년 7월 13일 15시,월요일,전라남도 목포시 산정동,경상사고,0,0,1,0,차량단독 - 기타,안전운전불이행,건조,맑음,단일로 - 기타,자전거,남,11세,경상,,,,
2015071300100509,2015년 7월 13일 18시,월요일,전라남도 해남군 해남읍,경상사고,0,0,1,1,차대차 - 정면충돌,안전운전불이행,건조,맑음,단일로 - 기타,이륜,남,17세,부상신고,이륜,남,19세,경상
2015071300100566,2015년 7월 13일 19시,월요일,전라남도 나주시 문평면,중상사고,0,1,0,0,차대차 - 정면충돌,안전운전불이행,건조,맑음,단일로 - 기타,화물,남,57세,상해없음,화물,남,64세,중상
2015071300100598,2015년 7월 13일 20시,월요일,전라남도 순천시 남정동,경상사고,0,0,1,0,차대사람 - 횡단중,보행자보호의무위반,건조,맑음,단일로 - 횡단보도상,승용,여,47세,상해없음,보행자,여,16세,경상
2015071300100636,2015년 7월 13일 21시,월요일,전라남도 목포시 상동,경상사고,0,0,3,0,차대차 - 추돌 - 주정차중,안전운전불이행,건조,흐림,교차로 - 교차로부근,승용,남,43세,상해없음,승용,여,23세,경상
2015071300100637,2015년 7월 13일 21시,월요일,전라남도 여수시 안산동,경상사고,0,0,2,0,차대차 - 추돌 - 주정차중,안전운전불이행,건조,맑음,단일로 - 기타,승용,남,60세,상해없음,승용,남,30세,경상
2015071300100638,2015년 7월 13일 21시,월요일,전라남도 나주시 송월동,경상사고,0,0,2,0,차대차 - 추돌 - 주정차중,안전운전불이행,건조,맑음,단일로 - 기타,화물,남,34세,경상,승용,남,45세,기타불명
2015071300100669,2015년 7월 13일 22시,월요일,전라남도 목포시 옥암동,중상사고,0,2,1,0,차대차 - 측면직각충돌,신호위반,건조,맑음,교차로 - 교차로안,승용,남,23세,중상,승용,남,56세,경상
2015071300100703,2015년 7월 13일 23시,월요일,전라남도 목포시 용해동,중상사고,0,1,0,0,차대사람 - 길가장자리구역통행중,안전운전불이행,건조,맑음,단일로 - 기타,승용,남,29세,상해없음,보행자,남,44세,중상
2015071400100016,2015년 7월 14일 00시,화요일,전라남도 순천시 연향동,경상사고,0,0,4,0,차대차 - 기타,안전운전불이행,건조,맑음,교차로 - 교차로안,승용,남,33세,경상,승용,남,22세,경상
2015071400100029,2015년 7월 14일 01시,화요일,전라남도 여수시 봉계동,경상사고,0,0,1,0,차량단독 - 도로외이탈 - 기타,안전운전불이행,건조,맑음,단일로 - 기타,승용,남,69세,경상,,,,
2015071400100073,2015년 7월 14일 06시,화요일,전라남도 여수시 신기동,경상사고,0,0,1,0,차량단독 - 전도전복,안전운전불이행,건조,맑음,단일로 - 기타,승합,남,54세,상해없음,,,,
2015071400100182,2015년 7월 14일 10시,화요일,전라남도 고흥군 동일면,경상사고,0,0,3,0,차대차 - 기타,안전운전불이행,건조,맑음,단일로 - 기타,승용,여,62세,상해없음,승용,남,65세,경상
2015071400100183,2015년 7월 14일 10시,화요일,전라남도 무안군 무안읍,경상사고,0,0,1,0,차대차 - 측면직각충돌,안전운전불이행,건조,맑음,교차로 - 교차로부근,승용,남,71세,상해없음,이륜,남,74세,경상
2015071400100184,2015년 7월 14일 10시,화요일,전라남도 광양시 광양읍,경상사고,0,0,1,0,차대차 - 측면직각충돌,교차로운행방법위반,건조,맑음,교차로 - 교차로안,화물,남,57세,상해없음,자전거,여,78세,경상
2015071400100213,2015년 7월 14일 11시,화요일,전라남도 장흥군 장평면,중상사고,0,1,0,0,차대사람 - 길가장자리구역통행중,안전운전불이행,건조,맑음,단일로 - 기타,화물,남,73세,상해없음,보행자,남,46세,중상
2015071400100214,2015년 7월 14일 11시,화요일,전라남도 해남군 현산면,부상신고사고,0,0,0,1,차대차 - 측면직각충돌,직진우회전진행방해,건조,맑음,교차로 - 교차로안,농기계,남,72세,부상신고,승용,남,44세,상해없음
2015071400100215,2015년 7월 14일 11시,화요일,전라남도 영광군 영광읍,경상사고,0,0,1,0,차대사람 - 횡단중,안전운전불이행,건조,맑음,단일로 - 기타,승합,남,44세,상해없음,보행자,남,19세,경상
2015071400100216,2015년 7월 14일 11시,화요일,전라남도 강진군 성전면,중상사고,0,1,0,0,차대차 - 측면직각충돌,직진우회전진행방해,건조,맑음,교차로 - 교차로안,건설기계,남,43세,상해없음,원동기,남,78세,중상
2015071400100246,2015년 7월 14일 12시,화요일,전라남도 목포시 죽교동,경상사고,0,0,3,0,차대차 - 기타,안전운전불이행,건조,맑음,단일로 - 기타,승용,남,23세,경상,화물,남,60세,경상
2015071400100277,2015년 7월 14일 13시,화요일,전라남도 무안군 삼향읍,중상사고,0,1,0,0,차대사람 - 횡단중,보행자보호의무위반,건조,맑음,교차로 - 교차로부근,승용,여,33세,상해없음,보행자,여,6세,중상
2015071400100305,2015년 7월 14일 14시,화요일,전라남도 광양시 광영동,중상사고,0,1,0,0,차대차 - 기타,신호위반,건조,맑음,교차로 - 교차로안,승용,여,39세,상해없음,자전거,남,42세,중상
2015071400100340,2015년 7월 14일 15시,화요일,전라남도 무안군 몽탄면,경상사고,0,0,1,0,차대차 - 측면직각충돌,안전운전불이행,건조,맑음,단일로 - 기타,화물,남,64세,상해없음,이륜,남,68세,경상