사고번호,사고일시,요일,시군구,사고내용,사망자수,중상자수,경상자수,부상신고자수,사고유형,법규위반,노면상태,기상상태,도로형태,가해운전자 차종,가해운전자 성별,가해운전자 연령,가해운전자 상해정도,피해운전자 차종,피해운전자 성별,피해운전자 연령,피해운전자 상해정도
2015071400100382,2015년 7월 14일 16시,화요일,전라남도 무안군 삼향읍,경상사고,0,0,1,0,차대차 - 추돌 - 주정차중,안전운전불이행,건조,맑음,단일로 - 기타,승용,남,57세,상해없음,승용,여,34세,경상
2015071400100426,2015년 7월 14일 17시,화요일,전라남도 고흥군 도양읍,중상사고,0,2,0,0,차대차 - 측면직각충돌,교차로운행방법위반,건조,맑음,교차로 - 교차로안,승용,남,67세,중상,승용,여,44세,중상
2015071400100427,2015년 7월 14일 17시,화요일,전라남도 담양군 무정면,경상사고,0,0,2,0,차대차 - 기타,불법유턴,습기,비,단일로 - 기타,농기계,남,74세,경상,승용,남,25세,경상
2015071400100428,2015년 7월 14일 17시,화요일,전라남도 광양시 다압면,중상사고,0,1,0,0,차대차 - 측면직각충돌,중앙선침범,건조,맑음,단일로 - 기타,자전거,여,69세,중상,승용,여,40세,상해없음
2015071400100466,2015년 7월 14일 18시,화요일,전라남도 여수시 선원동,경상사고,0,0,1,0,차대사람 - 보도통행중,중앙선침범,건조,맑음,단일로 - 기타,승용,남,49세,상해없음,보행자,여,14세,경상
2015071400100507,2015년 7월 14일 19시,화요일,전라남도 여수시 화장동,경상사고,0,0,1,0,차대차 - 추돌 - 진행중,안전운전불이행,건조,맑음,단일로 - 기타,승용,남,44세,상해없음,화물,남,57세,경상
2015071400100508,2015년 7월 14일 19시,화요일,전라남도 광양시 광양읍,부상신고사고,0,0,0,1,차대차 - 추돌 - 주정차중,안전운전불이행,건조,맑음,단일로 - 기타,승용,남,70세,부상신고,화물,남,80세,기타불명
2015071400100545,2015년 7월 14일 20시,화요일,전라남도 담양군 수북면,경상사고,0,0,2,0,차대차 - 추돌 - 주정차중,안전운전불이행,건조,맑음,교차로 - 교차로부근,승용,남,56세,상해없음,승용,남,53세,경상
2015071400100587,2015년 7월 14일 21시,화요일,전라남도 순천시 서면,경상사고,0,0,2,0,차대차 - 기타,안전운전불이행,건조,맑음,교차로 - 교차로부근,승용,남,56세,상해없음,승용,남,41세,경상
2015071400100588,2015년 7월 14일 21시,화요일,전라남도 강진군 성전면,경상사고,0,0,1,0,차량단독 - 공작물충돌,안전운전불이행,건조,맑음,단일로 - 기타,승용,여,27세,경상,,,,
2015071400100612,2015년 7월 14일 22시,화요일,전라남도 순천시 풍덕동,경상사고,0,0,2,0,차대차 - 추돌 - 주정차중,안전운전불이행,건조,맑음,교차로 - 교차로부근,승용,남,47세,상해없음,승용,남,28세,경상
2015071400100613,2015년 7월 14일 22시,화요일,전라남도 함평군 학교면,사망사고,1,0,0,0,차량단독 - 도로외이탈 - 추락,안전운전불이행,건조,맑음,단일로 - 기타,원동기,남,55세,사망,,,,
2015071400100641,2015년 7월 14일 23시,화요일,전라남도 나주시 대호동,경상사고,0,0,1,0,차대사람 - 기타,안전운전불이행,건조,맑음,단일로 - 기타,승용,남,25세,상해없음,보행자,남,61세,경상
2015071500100029,2015년 7월 15일 01시,수요일,전라남도 광양시 광양읍,경상사고,0,0,1,0,차량단독 - 공작물충돌,안전운전불이행,건조,흐림,단일로 - 기타,승용,여,49세,경상,,,,
2015071500100101,2015년 7월 15일 07시,수요일,전라남도 여수시 공화동,중상사고,0,1,0,0,차대사람 - 횡단중,안전운전불이행,건조,맑음,교차로 - 교차로안,승용,여,42세,상해없음,보행자,여,70세,중상
2015071500100102,2015년 7월 15일 07시,수요일,전라남도 여수시 여서동,경상사고,0,0,1,0,차대사람 - 보도통행중,안전운전불이행,건조,맑음,단일로 - 기타,이륜,남,32세,상해없음,보행자,여,73세,경상
2015071500100132,2015년 7월 15일 08시,수요일,전라남도 여수시 안산동,경상사고,0,0,2,0,차대차 - 측면직각충돌,중앙선침범,건조,맑음,단일로 - 기타,승용,여,66세,상해없음,승용,남,46세,경상
2015071500100133,2015년 7월 15일 08시,수요일,전라남도 순천시 해룡면,경상사고,0,0,1,0,차대차 - 기타,신호위반,건조,맑음,교차로 - 교차로안,승용,여,39세,상해없음,자전거,남,13세,경상
2015071500100134,2015년 7월 15일 08시,수요일,전라남도 광양시 금호동,경상사고,0,0,3,0,차대차 - 추돌 - 진행중,안전운전불이행,건조,맑음,단일로 - 기타,화물,남,53세,경상,화물,남,65세,경상
2015071500100177,2015년 7월 15일 09시,수요일,전라남도 해남군 화산면,중상사고,0,1,0,0,차량단독 - 공작물충돌,안전운전불이행,건조,맑음,단일로 - 기타,화물,남,73세,상해없음,,,,
2015071500100203,2015년 7월 15일 10시,수요일,전라남도 장성군 삼계면,중상사고,0,1,0,0,차대차 - 측면직각충돌,안전운전불이행,건조,맑음,교차로 - 교차로안,화물,남,29세,중상,승용,남,49세,상해없음
2015071500100239,2015년 7월 15일 11시,수요일,전라남도 여수시 문수동,경상사고,0,0,1,0,차대사람 - 횡단중,안전운전불이행,건조,맑음,단일로 - 기타,승용,남,37세,상해없음,보행자,여,65세,경상
2015071500100240,2015년 7월 15일 11시,수요일,전라남도 순천시 대룡동,중상사고,0,1,0,0,차대차 - 기타,안전운전불이행,건조,맑음,단일로 - 기타,승용,남,60세,상해없음,이륜,남,67세,중상
2015071500100241,2015년 7월 15일 11시,수요일,전라남도 광양시 옥곡면,중상사고,0,1,0,0,차대차 - 측면직각충돌,안전운전불이행,건조,맑음,단일로 - 기타,화물,남,50세,상해없음,승용,남,69세,중상
2015071500100271,2015년 7월 15일 12시,수요일,전라남도 순천시 송광면,경상사고,0,0,1,0,차대차 - 추돌 - 진행중,안전운전불이행,건조,맑음,단일로 - 기타,승용,여,46세,상해없음,승용,여,56세,경상
2015071500100304,2015년 7월 15일 13시,수요일,전라남도 순천시 매곡동,중상사고,0,1,0,0,차대차 - 기타,안전운전불이행,건조,맑음,단일로 - 기타,승용,여,46세,상해없음,자전거,여,56세,중상
2015071500100305,2015년 7월 15일 13시,수요일,전라남도 나주시 금천면,부상신고사고,0,0,0,1,차대차 - 추돌 - 진행중,안전운전불이행,건조,맑음,단일로 - 기타,원동기,남,65세,부상신고,승합,여,48세,상해없음
2015071500100306,2015년 7월 15일 13시,수요일,전라남도 장흥군 대덕읍,중상사고,0,1,0,0,차대차 - 측면직각충돌,직진우회전진행방해,건조,맑음,교차로 - 교차로안,건설기계,남,46세,상해없음,원동기,남,77세,중상
2015071500100337,2015년 7월 15일 14시,수요일,전라남도 목포시 옥암동,경상사고,0,0,1,0,차대차 - 정면충돌,안전운전불이행,건조,맑음,단일로 - 기타,이륜,남,23세,상해없음,이륜,남,19세,경상
2015071500100338,2015년 7월 15일 14시,수요일,전라남도 여수시 신기동,중상사고,0,2,0,0,차대차 - 정면충돌,신호위반,건조,맑음,교차로 - 교차로안,승용,여,49세,중상,승용,여,54세,중상
2015071500100339,2015년 7월 15일 14시,수요일,전라남도 순천시 해룡면,중상사고,0,1,0,0,차대사람 - 기타,기타,건조,맑음,단일로 - 기타,화물,남,46세,상해없음,보행자,남,8세,중상
2015071500100340,2015년 7월 15일 14시,수요일,전라남도 고흥군 포두면,중상사고,0,1,0,0,차대사람 - 횡단중,기타,건조,맑음,단일로 - 기타,승용,여,26세,상해없음,보행자,여,6세,중상
2015071500100377,2015년 7월 15일 15시,수요일,전라남도 강진군 병영면,중상사고,0,1,2,0,차대차 - 측면직각충돌,직진우회전진행방해,건조,맑음,교차로 - 교차로안,화물,남,54세,경상,승용,남,47세,중상
2015071500100378,2015년 7월 15일 15시,수요일,전라남도 담양군 담양읍,경상사고,0,0,1,0,차대사람 - 차도통행중,안전운전불이행,건조,흐림,단일로 - 기타,승용,남,50세,상해없음,보행자,여,76세,경상
2015071500100416,2015년 7월 15일 16시,수요일,전라남도 영광군 염산면,경상사고,0,0,1,0,차대차 - 측면직각충돌,안전운전불이행,건조,맑음,단일로 - 기타,승용,남,37세,상해없음,원동기,남,55세,경상
2015071500100417,2015년 7월 15일 16시,수요일,전라남도 무안군 청계면,중상사고,0,1,2,0,차대차 - 추돌 - 진행중,안전운전불이행,건조,맑음,단일로 - 기타,자전거,여,15세,기타불명,자전거,남,14세,경상
2015071500100418,2015년 7월 15일 16시,수요일,전라남도 광양시 중동,중상사고,0,1,0,0,차대차 - 추돌 - 진행중,안전거리미확보,건조,맑음,교차로 - 교차로부근,승합,남,52세,상해없음,승용,여,41세,중상
2015071500100459,2015년 7월 15일 17시,수요일,전라남도 순천시 낙안면,경상사고,0,0,1,0,차대차 - 기타,중앙선침범,건조,맑음,단일로 - 기타,승용,여,55세,상해없음,승용,남,64세,경상
2015071500100460,2015년 7월 15일 17시,수요일,전라남도 광양시 중동,중상사고,0,1,0,0,차대차 - 추돌 - 진행중,안전운전불이행,건조,맑음,단일로 - 기타,승용,남,47세,상해없음,승용,남,63세,중상
2015071500100520,2015년 7월 15일 18시,수요일,전라남도 목포시 용당동,경상사고,0,0,2,0,차대차 - 측면직각충돌,안전운전불이행,건조,맑음,교차로 - 교차로안,승용,남,24세,상해없음,승용,남,75세,경상
2015071500100521,2015년 7월 15일 18시,수요일,전라남도 영광군 영광읍,사망사고,1,0,0,0,차대차 - 측면직각충돌,교차로운행방법위반,습기,비,교차로 - 교차로안,화물,남,70세,사망,화물,남,35세,상해없음
2015071500100522,2015년 7월 15일 18시,수요일,전라남도 영암군 삼호읍,경상사고,0,0,1,0,차대차 - 기타,안전운전불이행,건조,맑음,교차로 - 교차로안,자전거,남,22세,경상,승용,여,42세,상해없음
2015071500100591,2015년 7월 15일 20시,수요일,전라남도 영암군 삼호읍,경상사고,0,0,1,0,차대차 - 추돌 - 주정차중,안전운전불이행,건조,맑음,단일로 - 기타,승용,남,34세,상해없음,승합,남,35세,경상
2015071500100666,2015년 7월 15일 22시,수요일,전라남도 여수시 웅천동,경상사고,0,0,2,0,차대차 - 측면직각충돌,안전운전불이행,건조,맑음,교차로 - 교차로안,승합,남,66세,경상,승용,남,55세,경상
2015071600100029,2015년 7월 16일 01시,목요일,전라남도 목포시 상동,중상사고,0,2,0,0,차대차 - 측면직각충돌,신호위반,건조,맑음,교차로 - 교차로안,승용,여,21세,상해없음,이륜,여,22세,중상
2015071600100061,2015년 7월 16일 05시,목요일,전라남도 목포시 상동,사망사고,1,0,0,0,차대사람 - 횡단중,안전운전불이행,건조,맑음,단일로 - 기타,승합,남,45세,상해없음,보행자,남,79세,사망
2015071600100137,2015년 7월 16일 08시,목요일,전라남도 목포시 산정동,경상사고,0,0,2,0,차대차 - 측면직각충돌,신호위반,건조,맑음,교차로 - 교차로안,화물,남,42세,상해없음,승용,남,59세,경상
2015071600100138,2015년 7월 16일 08시,목요일,전라남도 해남군 북평면,중상사고,0,1,0,0,차대사람 - 횡단중,안전운전불이행,건조,흐림,단일로 - 기타,승용,여,36세,상해없음,보행자,여,85세,중상
2015071600100205,2015년 7월 16일 10시,목요일,전라남도 순천시 황전면,중상사고,0,3,2,0,차량단독 - 공작물충돌,안전운전불이행,건조,맑음,교차로 - 교차로부근,승합,여,30세,경상,,,,
2015071600100206,2015년 7월 16일 10시,목요일,전라남도 담양군 담양읍,경상사고,0,0,2,0,차대차 - 측면직각충돌,직진우회전진행방해,건조,맑음,교차로 - 교차로안,승용,여,54세,경상,승용,여,45세,경상
2015071600100270,2015년 7월 16일 12시,목요일,전라남도 고흥군 금산면,중상사고,0,1,0,0,차량단독 - 공작물충돌,안전운전불이행,건조,맑음,단일로 - 기타,승용,여,58세,중상,,,,
2015071600100299,2015년 7월 16일 13시,목요일,전라남도 신안군 증도면,중상사고,0,3,1,0,차대차 - 측면직각충돌,교차로운행방법위반,건조,맑음,교차로 - 교차로안,화물,여,56세,중상,화물,남,74세,경상
2015071600100300,2015년 7월 16일 13시,목요일,전라남도 순천시 왕지동,경상사고,0,0,1,0,차대사람 - 횡단중,안전운전불이행,건조,맑음,단일로 - 기타,승용,여,30세,상해없음,보행자,여,43세,경상
2015071600100335,2015년 7월 16일 14시,목요일,전라남도 목포시 산정동,중상사고,0,1,0,0,차대사람 - 횡단중,교차로운행방법위반,건조,맑음,교차로 - 교차로안,승용,여,40세,상해없음,보행자,여,80세,중상
2015071600100336,2015년 7월 16일 14시,목요일,전라남도 순천시 연향동,경상사고,0,0,1,0,차대차 - 측면직각충돌,교차로운행방법위반,건조,맑음,교차로 - 교차로안,승용,남,33세,상해없음,원동기,남,26세,경상
2015071600100337,2015년 7월 16일 14시,목요일,전라남도 담양군 대전면,경상사고,0,0,4,0,차대차 - 측면직각충돌,직진우회전진행방해,건조,맑음,교차로 - 교차로안,승용,여,50세,경상,승용,남,41세,경상
2015071600100369,2015년 7월 16일 15시,목요일,전라남도 장성군 삼서면,부상신고사고,0,0,0,1,차대차 - 측면직각충돌,중앙선침범,건조,맑음,단일로 - 기타,농기계,남,74세,부상신고,특수,남,21세,상해없음
2015071600100407,2015년 7월 16일 16시,목요일,전라남도 순천시 조례동,경상사고,0,0,1,0,차대차 - 추돌 - 진행중,안전운전불이행,건조,맑음,기타 - 기타,승용,남,53세,상해없음,승용,여,36세,경상
2015071600100456,2015년 7월 16일 17시,목요일,전라남도 목포시 연산동,경상사고,0,0,5,0,차대차 - 기타,안전운전불이행,건조,맑음,단일로 - 기타,승용,남,55세,경상,화물,남,47세,경상
2015071600100503,2015년 7월 16일 18시,목요일,전라남도 화순군 화순읍,사망사고,1,0,2,0,차대차 - 기타,안전운전불이행,건조,맑음,단일로 - 기타,승용,남,81세,사망,승용,남,56세,경상
2015071600100504,2015년 7월 16일 18시,목요일,전라남도 담양군 수북면,경상사고,0,0,1,0,차대차 - 측면직각충돌,안전운전불이행,건조,맑음,단일로 - 기타,화물,남,74세,상해없음,자전거,남,73세,경상
2015071600100575,2015년 7월 16일 20시,목요일,전라남도 순천시 삼거동,중상사고,0,2,0,0,차량단독 - 기타,안전운전불이행,건조,맑음,단일로 - 기타,승용,남,48세,중상,,,,
2015071600100576,2015년 7월 16일 20시,목요일,전라남도 담양군 고서면,경상사고,0,0,2,0,차대차 - 정면충돌,중앙선침범,건조,맑음,단일로 - 기타,원동기,남,62세,경상,승용,남,65세,경상
2015071600100618,2015년 7월 16일 21시,목요일,전라남도 순천시 조례동,경상사고,0,0,2,0,차대차 - 추돌 - 주정차중,안전운전불이행,건조,맑음,교차로 - 교차로부근,승용,남,47세,상해없음,승용,여,24세,경상
2015071600100684,2015년 7월 16일 23시,목요일,전라남도 목포시 대성동,중상사고,0,1,0,0,차대사람 - 기타,안전운전불이행,건조,맑음,기타 - 기타,승용,남,36세,상해없음,보행자,남,58세,중상
2015071600100685,2015년 7월 16일 23시,목요일,전라남도 순천시 매곡동,경상사고,0,0,1,0,차대사람 - 횡단중,안전운전불이행,건조,맑음,교차로 - 교차로안,승용,남,53세,상해없음,보행자,남,58세,경상
2015071700100051,2015년 7월 17일 03시,금요일,전라남도 함평군 엄다면,중상사고,0,1,1,0,차량단독 - 기타,안전운전불이행,건조,맑음,단일로 - 기타,원동기,남,19세,경상,,,,
2015071700100073,2015년 7월 17일 06시,금요일,전라남도 여수시 월하동,경상사고,0,0,1,0,차대차 - 측면직각충돌,차로위반,건조,맑음,단일로 - 기타,건설기계,남,55세,상해없음,승용,남,26세,경상
2015071700100130,2015년 7월 17일 08시,금요일,전라남도 여수시 공화동,중상사고,0,1,0,0,차량단독 - 공작물충돌,기타,건조,맑음,단일로 - 기타,승합,남,55세,상해없음,,,,
2015071700100131,2015년 7월 17일 08시,금요일,전라남도 순천시 동외동,경상사고,0,0,1,0,차대차 - 기타,안전운전불이행,건조,맑음,단일로 - 기타,자전거,남,14세,경상,승용,여,41세,상해없음
2015071700100132,2015년 7월 17일 08시,금요일,전라남도 담양군 담양읍,중상사고,0,1,2,0,차대차 - 기타,직진우회전진행방해,건조,맑음,교차로 - 교차로안,승용,남,47세,중상,건설기계,남,48세,경상
2015071700100133,2015년 7월 17일 08시,금요일,전라남도 무안군 무안읍,경상사고,0,0,4,0,차대차 - 정면충돌,안전운전불이행,건조,맑음,교차로 - 교차로안,화물,남,52세,경상,승용,여,32세,경상
2015071700100205,2015년 7월 17일 10시,금요일,전라남도 장성군 장성읍,경상사고,0,0,1,0,차량단독 - 전도전복,안전운전불이행,건조,맑음,단일로 - 기타,이륜,남,77세,경상,,,,
2015071700100227,2015년 7월 17일 11시,금요일,전라남도 목포시 상동,중상사고,0,1,0,0,차대사람 - 횡단중,보행자보호의무위반,건조,맑음,단일로 - 기타,화물,남,28세,상해없음,보행자,여,52세,중상
2015071700100228,2015년 7월 17일 11시,금요일,전라남도 나주시 부덕동,사망사고,1,0,0,0,차대사람 - 기타,안전운전불이행,건조,맑음,교차로 - 교차로부근,화물,남,54세,상해없음,보행자,남,77세,사망
2015071700100229,2015년 7월 17일 11시,금요일,전라남도 무안군 청계면,경상사고,0,0,1,0,차대사람 - 길가장자리구역통행중,안전운전불이행,건조,맑음,단일로 - 기타,화물,기타불명,기타불명,기타불명,보행자,여,71세,경상
2015071700100260,2015년 7월 17일 12시,금요일,전라남도 목포시 상동,중상사고,0,1,1,0,차대차 - 기타,신호위반,건조,맑음,교차로 - 교차로안,이륜,남,67세,중상,승용,여,36세,경상
2015071700100287,2015년 7월 17일 13시,금요일,전라남도 목포시 옥암동,경상사고,0,0,3,0,차대차 - 기타,교차로운행방법위반,건조,맑음,교차로 - 교차로안,승용,여,51세,상해없음,화물,남,42세,경상
2015071700100288,2015년 7월 17일 13시,금요일,전라남도 순천시 가곡동,중상사고,0,1,0,0,차대사람 - 기타,안전운전불이행,건조,맑음,단일로 - 기타,승합,남,71세,상해없음,보행자,남,45세,중상
2015071700100289,2015년 7월 17일 13시,금요일,전라남도 곡성군 석곡면,경상사고,0,0,1,0,차대차 - 측면직각충돌,안전운전불이행,건조,맑음,교차로 - 교차로안,원동기,남,74세,경상,승용,여,41세,상해없음
2015071700100290,2015년 7월 17일 13시,금요일,전라남도 광양시 옥곡면,경상사고,0,0,2,0,차량단독 - 공작물충돌,안전운전불이행,건조,맑음,단일로 - 기타,승합,남,55세,경상,,,,
2015071700100357,2015년 7월 17일 15시,금요일,전라남도 나주시 빛가람동,경상사고,0,0,1,0,차대차 - 기타,안전운전불이행,건조,맑음,교차로 - 교차로안,승용,남,83세,상해없음,자전거,여,10세,경상
2015071700100358,2015년 7월 17일 15시,금요일,전라남도 영광군 영광읍,중상사고,0,1,0,0,차대사람 - 횡단중,보행자보호의무위반,건조,맑음,교차로 - 교차로안,이륜,남,79세,상해없음,보행자,남,83세,중상
2015071700100404,2015년 7월 17일 16시,금요일,전라남도 목포시 죽동,중상사고,0,1,0,0,차대사람 - 횡단중,안전운전불이행,건조,맑음,단일로 - 기타,승용,여,25세,상해없음,보행자,여,14세,중상
2015071700100405,2015년 7월 17일 16시,금요일,전라남도 목포시 수강동1가,경상사고,0,0,1,0,차대사람 - 횡단중,안전운전불이행,건조,맑음,단일로 - 기타,승용,남,32세,상해없음,보행자,남,38세,경상
2015071700100452,2015년 7월 17일 17시,금요일,전라남도 여수시 율촌면,경상사고,0,0,1,0,차량단독 - 공작물충돌,안전운전불이행,건조,맑음,단일로 - 기타,화물,남,41세,경상,,,,
2015071700100453,2015년 7월 17일 17시,금요일,전라남도 광양시 중동,경상사고,0,0,1,0,차대차 - 기타,신호위반,건조,맑음,교차로 - 교차로안,승용,남,40세,상해없음,화물,남,57세,경상
2015071700100494,2015년 7월 17일 18시,금요일,전라남도 완도군 신지면,경상사고,0,0,1,0,차대사람 - 기타,안전운전불이행,건조,맑음,기타 - 기타,승용,남,30세,상해없음,보행자,여,11세,경상
2015071700100495,2015년 7월 17일 18시,금요일,전라남도 무안군 삼향읍,경상사고,0,0,1,0,차대차 - 측면직각충돌,중앙선침범,건조,맑음,단일로 - 기타,자전거,남,13세,경상,승용,여,46세,상해없음
2015071700100536,2015년 7월 17일 19시,금요일,전라남도 목포시 산정동,경상사고,0,0,1,0,차대차 - 기타,안전운전불이행,건조,맑음,교차로 - 교차로부근,승용,남,28세,상해없음,승용,남,35세,경상
2015071700100566,2015년 7월 17일 20시,금요일,전라남도 순천시 조례동,경상사고,0,0,1,0,차대차 - 기타,신호위반,건조,맑음,교차로 - 교차로안,승용,남,27세,상해없음,원동기,남,44세,경상
2015071700100605,2015년 7월 17일 21시,금요일,전라남도 순천시 조례동,경상사고,0,0,2,0,차대차 - 추돌 - 진행중,안전거리미확보,건조,맑음,교차로 - 교차로부근,승용,남,45세,상해없음,승용,남,29세,경상
2015071700100606,2015년 7월 17일 21시,금요일,전라남도 강진군 강진읍,경상사고,0,0,2,0,차대차 - 기타,안전운전불이행,건조,맑음,단일로 - 기타,승용,남,54세,상해없음,화물,남,48세,경상
2015071700100645,2015년 7월 17일 22시,금요일,전라남도 목포시 옥암동,경상사고,0,0,2,0,차대차 - 기타,중앙선침범,건조,맑음,교차로 - 교차로부근,이륜,남,17세,경상,이륜,남,23세,경상
2015071700100682,2015년 7월 17일 23시,금요일,전라남도 광양시 중동,중상사고,0,1,0,0,차대사람 - 기타,안전운전불이행,건조,맑음,기타 - 기타,화물,여,46세,상해없음,보행자,남,47세,중상
2015071800100010,2015년 7월 18일 00시,토요일,전라남도 순천시 조례동,경상사고,0,0,1,0,차대차 - 추돌 - 진행중,안전거리미확보,건조,맑음,교차로 - 교차로부근,승용,남,28세,상해없음,승용,남,43세,경상
2015071800100011,2015년 7월 18일 00시,토요일,전라남도 무안군 삼향읍,경상사고,0,0,2,0,차대차 - 측면직각충돌,직진우회전진행방해,건조,맑음,교차로 - 교차로안,승용,남,44세,경상,승용,남,38세,경상
2015071800100040,2015년 7월 18일 01시,토요일,전라남도 화순군 화순읍,중상사고,0,4,1,0,차대차 - 기타,신호위반,건조,맑음,교차로 - 교차로안,승용,여,52세,경상,승용,남,44세,중상
2015071800100125,2015년 7월 18일 07시,토요일,전라남도 나주시 금천면,경상사고,0,0,1,0,차량단독 - 공작물충돌,안전운전불이행,건조,맑음,교차로 - 교차로부근,승용,남,29세,경상,,,,
2015071800100126,2015년 7월 18일 07시,토요일,전라남도 나주시 송월동,경상사고,0,0,2,0,차대차 - 기타,불법유턴,건조,맑음,단일로 - 기타,승용,남,47세,경상,승용,남,33세,경상
2015071800100148,2015년 7월 18일 08시,토요일,전라남도 여수시 덕충동,경상사고,0,0,1,0,차대차 - 추돌 - 진행중,안전운전불이행,건조,맑음,단일로 - 기타,승용,여,41세,상해없음,승용,남,57세,상해없음
2015071800100149,2015년 7월 18일 08시,토요일,전라남도 영광군 염산면,중상사고,0,1,0,0,차대사람 - 차도통행중,안전운전불이행,건조,맑음,단일로 - 기타,특수,남,42세,상해없음,보행자,여,66세,중상
2015071800100150,2015년 7월 18일 08시,토요일,전라남도 광양시 마동,중상사고,0,1,0,0,차대차 - 측면직각충돌,안전운전불이행,건조,맑음,단일로 - 기타,기타불명,기타불명,기타불명,기타불명,화물,남,68세,중상
2015071800100173,2015년 7월 18일 09시,토요일,전라남도 순천시 연향동,중상사고,0,1,5,0,차대차 - 기타,안전운전불이행,건조,맑음,단일로 - 기타,승용,남,49세,상해없음,승용,남,60세,경상
2015071800100203,2015년 7월 18일 10시,토요일,전라남도 나주시 다시면,중상사고,0,1,0,0,차대차 - 측면직각충돌,직진우회전진행방해,건조,맑음,교차로 - 교차로안,건설기계,남,35세,상해없음,원동기,남,53세,중상
2015071800100235,2015년 7월 18일 11시,토요일,전라남도 순천시 해룡면,중상사고,0,1,0,0,차대차 - 기타,안전운전불이행,건조,맑음,교차로 - 교차로안,화물,남,58세,상해없음,원동기,남,50세,중상
2015071800100302,2015년 7월 18일 13시,토요일,전라남도 목포시 상동,경상사고,0,0,1,0,차대차 - 기타,안전운전불이행,건조,맑음,단일로 - 기타,승용,여,50세,상해없음,원동기,남,78세,경상
2015071800100303,2015년 7월 18일 13시,토요일,전라남도 나주시 반남면,중상사고,0,1,2,0,차대차 - 측면직각충돌,기타,건조,맑음,교차로 - 교차로안,승용,남,65세,경상,화물,남,44세,경상
2015071800100304,2015년 7월 18일 13시,토요일,전라남도 영광군 영광읍,경상사고,0,0,4,0,차대차 - 정면충돌,안전운전불이행,건조,맑음,미분류 - 미분류,승용,여,52세,상해없음,승용,여,31세,경상
2015071800100342,2015년 7월 18일 14시,토요일,전라남도 곡성군 곡성읍,경상사고,0,0,1,0,차대차 - 측면직각충돌,직진우회전진행방해,건조,맑음,교차로 - 교차로안,승용,남,54세,상해없음,원동기,여,48세,경상
2015071800100373,2015년 7월 18일 15시,토요일,전라남도 고흥군 도양읍,경상사고,0,0,2,0,차대차 - 기타,안전운전불이행,건조,맑음,단일로 - 기타,승용,남,54세,상해없음,이륜,남,54세,경상
2015071800100374,2015년 7월 18일 15시,토요일,전라남도 보성군 보성읍,경상사고,0,0,1,0,차대차 - 측면직각충돌,안전운전불이행,건조,맑음,단일로 - 기타,승용,남,52세,상해없음,자전거,남,8세,경상
2015071800100375,2015년 7월 18일 15시,토요일,전라남도 진도군 진도읍,경상사고,0,0,1,0,차대차 - 측면직각충돌,중앙선침범,건조,맑음,교차로 - 교차로안,특수,남,25세,상해없음,화물,남,54세,경상
2015071800100443,2015년 7월 18일 17시,토요일,전라남도 무안군 삼향읍,부상신고사고,0,0,0,1,차대차 - 측면직각충돌,교차로운행방법위반,건조,맑음,교차로 - 교차로안,이륜,남,18세,부상신고,승용,여,49세,상해없음
2015071800100507,2015년 7월 18일 19시,토요일,전라남도 함평군 엄다면,부상신고사고,0,0,0,1,차대차 - 측면직각충돌,안전거리미확보,건조,맑음,단일로 - 교량,이륜,남,21세,부상신고,승용,남,51세,상해없음
2015071800100547,2015년 7월 18일 20시,토요일,전라남도 목포시 용해동,사망사고,1,0,0,0,차대차 - 측면직각충돌,중앙선침범,건조,흐림,교차로 - 교차로안,승용,남,64세,상해없음,원동기,남,58세,사망
2015071800100548,2015년 7월 18일 20시,토요일,전라남도 함평군 함평읍,중상사고,0,1,0,0,차대사람 - 횡단중,안전운전불이행,건조,맑음,단일로 - 기타,승용,남,19세,상해없음,보행자,여,68세,중상
2015071800100578,2015년 7월 18일 21시,토요일,전라남도 목포시 상동,경상사고,0,0,1,0,차대사람 - 기타,안전운전불이행,건조,맑음,단일로 - 기타,승용,남,31세,상해없음,보행자,여,41세,경상
2015071800100579,2015년 7월 18일 21시,토요일,전라남도 순천시 남정동,경상사고,0,0,1,0,차대차 - 기타,안전운전불이행,건조,맑음,교차로 - 교차로부근,승용,남,47세,상해없음,승용,여,54세,경상
2015071800100580,2015년 7월 18일 21시,토요일,전라남도 광양시 중동,중상사고,0,1,0,0,차대차 - 측면직각충돌,교차로운행방법위반,건조,맑음,교차로 - 교차로안,승용,남,22세,상해없음,이륜,남,21세,중상
2015071800100609,2015년 7월 18일 22시,토요일,전라남도 목포시 대성동,경상사고,0,0,5,0,차대차 - 정면충돌,신호위반,건조,흐림,교차로 - 교차로안,승용,여,35세,상해없음,승용,남,27세,경상
2015071800100610,2015년 7월 18일 22시,토요일,전라남도 여수시 둔덕동,중상사고,0,1,0,0,차대차 - 측면직각충돌,안전운전불이행,건조,맑음,단일로 - 기타,승용,남,55세,상해없음,자전거,남,64세,중상
2015071800100638,2015년 7월 18일 23시,토요일,전라남도 장흥군 유치면,경상사고,0,0,4,0,차대차 - 측면직각충돌,안전운전불이행,건조,흐림,단일로 - 기타,승용,남,51세,상해없음,승용,남,50세,경상