사고번호,사고일시,요일,시군구,사고내용,사망자수,중상자수,경상자수,부상신고자수,사고유형,법규위반,노면상태,기상상태,도로형태,가해운전자 차종,가해운전자 성별,가해운전자 연령,가해운전자 상해정도,피해운전자 차종,피해운전자 성별,피해운전자 연령,피해운전자 상해정도
2015071800100639,2015년 7월 18일 23시,토요일,전라남도 광양시 금호동,경상사고,0,0,1,0,차대차 - 추돌 - 주정차중,안전운전불이행,건조,맑음,단일로 - 기타,승용,남,50세,상해없음,승용,남,44세,경상
2015071900100011,2015년 7월 19일 00시,일요일,전라남도 광양시 광양읍,중상사고,0,1,0,0,차대사람 - 횡단중,안전운전불이행,건조,맑음,단일로 - 기타,승용,남,44세,상해없음,보행자,여,36세,중상
2015071900100059,2015년 7월 19일 03시,일요일,전라남도 목포시 연산동,중상사고,0,2,0,0,차량단독 - 공작물충돌,안전운전불이행,건조,맑음,교차로 - 교차로부근,승용,여,20세,중상,,,,
2015071900100078,2015년 7월 19일 04시,일요일,전라남도 여수시 학동,경상사고,0,0,1,0,차대사람 - 길가장자리구역통행중,안전운전불이행,건조,맑음,교차로 - 교차로부근,승용,남,33세,상해없음,보행자,남,25세,경상
2015071900100095,2015년 7월 19일 05시,일요일,전라남도 해남군 해남읍,부상신고사고,0,0,0,1,차대차 - 기타,직진우회전진행방해,건조,맑음,교차로 - 교차로안,화물,남,60세,부상신고,화물,남,73세,상해없음
2015071900100096,2015년 7월 19일 05시,일요일,전라남도 화순군 화순읍,중상사고,0,1,0,0,차대차 - 측면직각충돌,신호위반,건조,맑음,교차로 - 교차로안,승합,남,20세,상해없음,승용,남,77세,중상
2015071900100174,2015년 7월 19일 10시,일요일,전라남도 담양군 대전면,경상사고,0,0,1,0,차대차 - 추돌 - 진행중,안전운전불이행,건조,맑음,교차로 - 교차로부근,농기계,남,63세,상해없음,승용,남,21세,상해없음
2015071900100195,2015년 7월 19일 11시,일요일,전라남도 목포시 용당동,중상사고,0,1,1,0,차대차 - 측면직각충돌,신호위반,건조,맑음,교차로 - 교차로안,이륜,남,52세,중상,승용,여,54세,경상
2015071900100196,2015년 7월 19일 11시,일요일,전라남도 완도군 완도읍,경상사고,0,0,1,0,차대사람 - 기타,안전운전불이행,건조,맑음,교차로 - 교차로부근,화물,남,66세,상해없음,보행자,남,7세,경상
2015071900100244,2015년 7월 19일 13시,일요일,전라남도 순천시 풍덕동,경상사고,0,0,1,0,차대사람 - 기타,보행자보호의무위반,건조,맑음,단일로 - 기타,화물,남,65세,상해없음,보행자,남,77세,경상
2015071900100245,2015년 7월 19일 13시,일요일,전라남도 화순군 화순읍,중상사고,0,1,3,1,차대차 - 측면직각충돌,안전운전불이행,건조,맑음,단일로 - 기타,승용,남,63세,부상신고,승용,여,50세,경상
2015071900100246,2015년 7월 19일 13시,일요일,전라남도 곡성군 오산면,경상사고,0,0,2,0,차대차 - 정면충돌,안전운전불이행,건조,맑음,교차로 - 교차로안,승용,남,37세,경상,승용,남,61세,경상
2015071900100281,2015년 7월 19일 14시,일요일,전라남도 담양군 남면,중상사고,0,1,1,0,차대차 - 기타,중앙선침범,건조,맑음,교차로 - 교차로부근,화물,남,63세,상해없음,승용,여,57세,중상
2015071900100318,2015년 7월 19일 15시,일요일,전라남도 신안군 지도읍,중상사고,0,1,7,0,차대차 - 정면충돌,중앙선침범,건조,맑음,교차로 - 교차로부근,화물,남,52세,중상,승용,남,53세,경상
2015071900100319,2015년 7월 19일 15시,일요일,전라남도 여수시 종화동,중상사고,0,1,0,0,차대사람 - 보도통행중,안전운전불이행,건조,맑음,단일로 - 기타,자전거,남,9세,상해없음,보행자,남,7세,중상
2015071900100320,2015년 7월 19일 15시,일요일,전라남도 순천시 조례동,경상사고,0,0,2,0,차대차 - 측면직각충돌,신호위반,건조,맑음,교차로 - 교차로안,원동기,남,50세,경상,원동기,남,18세,경상
2015071900100357,2015년 7월 19일 16시,일요일,전라남도 고흥군 풍양면,중상사고,0,1,0,0,차량단독 - 도로외이탈 - 추락,안전운전불이행,건조,맑음,교차로 - 교차로안,원동기,여,72세,중상,,,,
2015071900100390,2015년 7월 19일 17시,일요일,전라남도 목포시 상동,경상사고,0,0,1,0,차대사람 - 기타,안전운전불이행,건조,맑음,교차로 - 교차로부근,승합,남,47세,상해없음,보행자,여,58세,경상
2015071900100391,2015년 7월 19일 17시,일요일,전라남도 광양시 진상면,경상사고,0,0,2,1,차대차 - 측면직각충돌,신호위반,건조,맑음,교차로 - 교차로안,승합,여,37세,부상신고,승합,남,79세,경상
2015071900100425,2015년 7월 19일 18시,일요일,전라남도 나주시 송월동,경상사고,0,0,1,0,차대차 - 측면직각충돌,안전운전불이행,건조,맑음,교차로 - 교차로부근,기타불명,기타불명,기타불명,기타불명,자전거,여,18세,경상
2015071900100521,2015년 7월 19일 22시,일요일,전라남도 순천시 조곡동,중상사고,0,1,0,0,차대차 - 기타,중앙선침범,건조,맑음,단일로 - 기타,승용,남,34세,상해없음,이륜,남,18세,중상
2015072000100012,2015년 7월 20일 00시,월요일,전라남도 목포시 용당동,중상사고,0,1,0,0,차량단독 - 공작물충돌,안전운전불이행,건조,맑음,단일로 - 기타,승용,남,29세,중상,,,,
2015072000100084,2015년 7월 20일 07시,월요일,전라남도 나주시 봉황면,경상사고,0,0,1,0,차대차 - 기타,안전운전불이행,건조,맑음,교차로 - 교차로안,건설기계,남,49세,상해없음,자전거,여,13세,경상
2015072000100126,2015년 7월 20일 08시,월요일,전라남도 여수시 학동,경상사고,0,0,1,0,차대차 - 측면직각충돌,안전운전불이행,건조,맑음,단일로 - 기타,승용,남,55세,상해없음,승용,남,56세,경상
2015072000100127,2015년 7월 20일 08시,월요일,전라남도 담양군 무정면,중상사고,0,1,0,0,차대차 - 기타,직진우회전진행방해,건조,맑음,교차로 - 교차로안,원동기,남,56세,중상,화물,남,49세,상해없음
2015072000100158,2015년 7월 20일 09시,월요일,전라남도 목포시 옥암동,경상사고,0,0,1,0,차대차 - 기타,안전운전불이행,습기,비,단일로 - 기타,승용,여,36세,상해없음,승용,남,29세,경상
2015072000100159,2015년 7월 20일 09시,월요일,전라남도 순천시 조례동,중상사고,0,1,1,0,차대차 - 기타,직진우회전진행방해,건조,맑음,교차로 - 교차로안,승용,남,40세,상해없음,승용,남,27세,경상
2015072000100160,2015년 7월 20일 09시,월요일,전라남도 고흥군 도양읍,경상사고,0,0,2,0,차대차 - 측면직각충돌,안전운전불이행,건조,맑음,단일로 - 기타,승합,남,76세,상해없음,화물,남,55세,상해없음
2015072000100191,2015년 7월 20일 10시,월요일,전라남도 여수시 돌산읍,중상사고,0,1,2,0,차대차 - 측면직각충돌,신호위반,건조,맑음,교차로 - 교차로안,승용,남,22세,상해없음,승용,남,36세,경상
2015072000100192,2015년 7월 20일 10시,월요일,전라남도 순천시 조곡동,중상사고,0,1,0,0,차대차 - 기타,안전운전불이행,건조,맑음,단일로 - 기타,화물,남,38세,상해없음,자전거,남,65세,중상
2015072000100193,2015년 7월 20일 10시,월요일,전라남도 나주시 노안면,중상사고,0,1,0,0,차대차 - 기타,안전운전불이행,건조,흐림,단일로 - 기타,화물,남,67세,상해없음,원동기,남,77세,중상
2015072000100194,2015년 7월 20일 10시,월요일,전라남도 해남군 현산면,중상사고,0,2,1,1,차대차 - 기타,안전운전불이행,건조,흐림,단일로 - 기타,화물,남,60세,부상신고,승합,남,54세,경상
2015072000100195,2015년 7월 20일 10시,월요일,전라남도 강진군 마량면,중상사고,0,1,0,0,차대사람 - 기타,안전운전불이행,건조,맑음,단일로 - 기타,화물,남,56세,상해없음,보행자,여,70세,중상
2015072000100196,2015년 7월 20일 10시,월요일,전라남도 완도군 완도읍,중상사고,0,1,0,0,차대차 - 기타,안전운전불이행,건조,맑음,단일로 - 기타,자전거,남,84세,중상,화물,남,52세,상해없음
2015072000100232,2015년 7월 20일 11시,월요일,전라남도 완도군 완도읍,경상사고,0,0,1,0,차대사람 - 기타,안전운전불이행,건조,맑음,단일로 - 기타,승용,남,49세,상해없음,보행자,남,42세,경상
2015072000100305,2015년 7월 20일 13시,월요일,전라남도 영암군 영암읍,경상사고,0,0,1,0,차대차 - 측면직각충돌,안전운전불이행,건조,맑음,교차로 - 교차로부근,승용,여,31세,경상,화물,남,46세,기타불명
2015072000100341,2015년 7월 20일 14시,월요일,전라남도 목포시 산정동,중상사고,0,1,1,0,차대차 - 기타,안전운전불이행,습기,비,교차로 - 교차로부근,화물,남,35세,상해없음,화물,남,43세,경상
2015072000100342,2015년 7월 20일 14시,월요일,전라남도 고흥군 고흥읍,경상사고,0,0,1,0,차대차 - 측면직각충돌,안전운전불이행,건조,맑음,단일로 - 기타,승용,여,34세,상해없음,승용,여,60세,경상
2015072000100343,2015년 7월 20일 14시,월요일,전라남도 무안군 일로읍,경상사고,0,0,1,0,차대차 - 추돌 - 진행중,교차로운행방법위반,건조,맑음,교차로 - 교차로부근,승용,남,55세,상해없음,승용,여,59세,경상
2015072000100383,2015년 7월 20일 15시,월요일,전라남도 나주시 이창동,경상사고,0,0,1,0,차대차 - 기타,안전운전불이행,건조,흐림,교차로 - 교차로안,승용,여,64세,상해없음,원동기,남,48세,경상
2015072000100384,2015년 7월 20일 15시,월요일,전라남도 장흥군 회진면,중상사고,0,1,0,0,차대사람 - 횡단중,안전운전불이행,건조,흐림,단일로 - 기타,화물,남,58세,상해없음,보행자,여,64세,중상
2015072000100385,2015년 7월 20일 15시,월요일,전라남도 영암군 삼호읍,경상사고,0,0,2,0,차대차 - 추돌 - 진행중,안전거리미확보,건조,맑음,단일로 - 기타,화물,남,55세,기타불명,승용,남,70세,경상
2015072000100386,2015년 7월 20일 15시,월요일,전라남도 광양시 중동,경상사고,0,0,1,1,차대차 - 추돌 - 진행중,교차로운행방법위반,건조,맑음,교차로 - 교차로안,승용,여,49세,부상신고,승용,여,55세,경상
2015072000100417,2015년 7월 20일 16시,월요일,전라남도 목포시 석현동,경상사고,0,0,1,0,차대차 - 기타,신호위반,건조,맑음,교차로 - 교차로안,승용,남,22세,상해없음,승용,여,39세,경상
2015072000100452,2015년 7월 20일 17시,월요일,전라남도 목포시 상동,경상사고,0,0,1,0,차대사람 - 기타,안전운전불이행,건조,맑음,단일로 - 기타,기타불명,기타불명,기타불명,기타불명,보행자,여,19세,경상
2015072000100453,2015년 7월 20일 17시,월요일,전라남도 여수시 국동,경상사고,0,0,2,0,차대차 - 측면직각충돌,신호위반,건조,맑음,단일로 - 기타,승용,여,39세,상해없음,이륜,남,70세,경상
2015072000100494,2015년 7월 20일 18시,월요일,전라남도 순천시 장천동,경상사고,0,0,1,0,차대차 - 기타,안전거리미확보,건조,맑음,교차로 - 교차로부근,화물,남,54세,상해없음,승용,여,64세,경상
2015072000100550,2015년 7월 20일 20시,월요일,전라남도 목포시 옥암동,중상사고,0,2,0,0,차대차 - 기타,중앙선침범,건조,맑음,단일로 - 기타,승용,여,37세,중상,승용,여,46세,중상
2015072000100585,2015년 7월 20일 21시,월요일,전라남도 순천시 송광면,중상사고,0,2,0,0,차량단독 - 도로외이탈 - 기타,안전운전불이행,건조,흐림,단일로 - 기타,화물,여,54세,중상,,,,
2015072000100586,2015년 7월 20일 21시,월요일,전라남도 영암군 삼호읍,경상사고,0,0,1,0,차량단독 - 기타,안전운전불이행,건조,맑음,단일로 - 기타,승용,남,33세,경상,,,,
2015072000100632,2015년 7월 20일 22시,월요일,전라남도 여수시 봉산동,사망사고,1,0,0,0,차대사람 - 횡단중,안전운전불이행,습기,비,단일로 - 횡단보도상,승용,남,45세,상해없음,보행자,여,85세,사망
2015072000100660,2015년 7월 20일 23시,월요일,전라남도 목포시 산정동,경상사고,0,0,1,0,차대차 - 기타,안전운전불이행,건조,맑음,단일로 - 기타,승용,남,41세,상해없음,화물,남,35세,경상
2015072100100014,2015년 7월 21일 00시,화요일,전라남도 목포시 상동,경상사고,0,0,1,0,차대차 - 기타,안전운전불이행,건조,맑음,단일로 - 기타,승용,남,45세,상해없음,승용,남,23세,경상
2015072100100015,2015년 7월 21일 00시,화요일,전라남도 여수시 평여동,경상사고,0,0,1,0,차량단독 - 공작물충돌,안전운전불이행,습기,비,단일로 - 기타,승용,남,30세,상해없음,,,,
2015072100100031,2015년 7월 21일 01시,화요일,전라남도 신안군 안좌면,중상사고,0,3,0,0,차량단독 - 도로외이탈 - 기타,안전운전불이행,습기,비,교차로 - 교차로안,화물,남,18세,중상,,,,
2015072100100032,2015년 7월 21일 01시,화요일,전라남도 고흥군 고흥읍,경상사고,0,0,1,0,차대차 - 추돌 - 진행중,안전운전불이행,습기,비,단일로 - 기타,승용,남,38세,상해없음,화물,남,44세,경상
2015072100100033,2015년 7월 21일 01시,화요일,전라남도 광양시 도이동,경상사고,0,0,1,0,차대차 - 추돌 - 주정차중,안전운전불이행,습기,비,단일로 - 기타,승용,남,35세,경상,화물,남,50세,기타불명
2015072100100045,2015년 7월 21일 02시,화요일,전라남도 목포시 옥암동,경상사고,0,0,1,0,차대차 - 측면직각충돌,안전운전불이행,건조,맑음,단일로 - 기타,승용,여,37세,상해없음,승용,남,38세,경상
2015072100100046,2015년 7월 21일 02시,화요일,전라남도 광양시 중동,경상사고,0,0,1,0,차대차 - 추돌 - 진행중,신호위반,습기,흐림,교차로 - 교차로안,승용,남,51세,상해없음,승용,남,22세,경상
2015072100100054,2015년 7월 21일 03시,화요일,전라남도 목포시 용해동,중상사고,0,1,0,0,차대사람 - 기타,안전운전불이행,건조,맑음,교차로 - 교차로안,승용,남,24세,상해없음,보행자,여,46세,중상
2015072100100064,2015년 7월 21일 04시,화요일,전라남도 목포시 옥암동,경상사고,0,0,1,0,차대사람 - 기타,안전운전불이행,건조,맑음,단일로 - 기타,승용,남,34세,상해없음,보행자,남,49세,경상
2015072100100076,2015년 7월 21일 05시,화요일,전라남도 광양시 옥곡면,경상사고,0,0,1,0,차량단독 - 공작물충돌,안전운전불이행,습기,비,단일로 - 기타,승용,여,23세,경상,,,,
2015072100100171,2015년 7월 21일 09시,화요일,전라남도 순천시 낙안면,중상사고,0,2,0,0,차대차 - 측면직각충돌,신호위반,건조,맑음,교차로 - 교차로안,승용,남,76세,상해없음,원동기,남,77세,중상
2015072100100172,2015년 7월 21일 09시,화요일,전라남도 순천시 동외동,경상사고,0,0,2,0,차대차 - 측면직각충돌,안전운전불이행,건조,맑음,교차로 - 교차로안,승용,남,68세,상해없음,승용,여,57세,경상
2015072100100173,2015년 7월 21일 09시,화요일,전라남도 광양시 진상면,중상사고,0,1,1,0,차대차 - 기타,안전운전불이행,습기,비,단일로 - 기타,승용,여,66세,경상,승용,여,39세,중상
2015072100100214,2015년 7월 21일 10시,화요일,전라남도 강진군 칠량면,경상사고,0,0,1,0,차대차 - 추돌 - 진행중,안전거리미확보,건조,맑음,단일로 - 기타,화물,남,42세,상해없음,승용,남,68세,경상
2015072100100240,2015년 7월 21일 11시,화요일,전라남도 화순군 도곡면,경상사고,0,0,1,0,차대차 - 기타,안전운전불이행,건조,맑음,단일로 - 기타,자전거,남,74세,경상,승용,남,49세,상해없음
2015072100100241,2015년 7월 21일 11시,화요일,전라남도 화순군 화순읍,경상사고,0,0,1,0,차대차 - 추돌 - 진행중,안전운전불이행,건조,맑음,교차로 - 교차로부근,화물,남,81세,상해없음,승용,남,51세,경상
2015072100100242,2015년 7월 21일 11시,화요일,전라남도 광양시 태인동,중상사고,0,1,0,0,차대차 - 측면직각충돌,안전운전불이행,습기,비,교차로 - 교차로안,자전거,여,67세,중상,화물,남,35세,상해없음
2015072100100299,2015년 7월 21일 13시,화요일,전라남도 여수시 중앙동,중상사고,0,1,0,0,차대차 - 추돌 - 주정차중,안전운전불이행,건조,흐림,단일로 - 기타,승용,남,25세,상해없음,자전거,남,73세,중상
2015072100100350,2015년 7월 21일 15시,화요일,전라남도 목포시 동명동,경상사고,0,0,1,0,차대차 - 측면직각충돌,안전운전불이행,건조,맑음,단일로 - 기타,승용,여,36세,상해없음,승용,남,54세,경상
2015072100100351,2015년 7월 21일 15시,화요일,전라남도 화순군 도곡면,경상사고,0,0,2,0,차대차 - 측면직각충돌,안전운전불이행,건조,맑음,교차로 - 교차로안,승용,남,52세,상해없음,승용,여,42세,경상
2015072100100386,2015년 7월 21일 16시,화요일,전라남도 목포시 용당동,경상사고,0,0,1,0,차대차 - 측면직각충돌,안전운전불이행,건조,맑음,단일로 - 기타,승용,남,19세,상해없음,이륜,남,68세,경상
2015072100100387,2015년 7월 21일 16시,화요일,전라남도 화순군 화순읍,경상사고,0,0,1,0,차대차 - 기타,신호위반,건조,맑음,교차로 - 교차로안,이륜,남,17세,상해없음,승용,여,27세,경상
2015072100100417,2015년 7월 21일 17시,화요일,전라남도 고흥군 풍양면,중상사고,0,1,0,0,차량단독 - 기타,안전운전불이행,건조,맑음,단일로 - 기타,승용,남,64세,중상,,,,
2015072100100462,2015년 7월 21일 18시,화요일,전라남도 화순군 남면,중상사고,0,1,0,0,차량단독 - 도로외이탈 - 추락,안전운전불이행,건조,맑음,단일로 - 기타,농기계,남,73세,중상,,,,
2015072100100519,2015년 7월 21일 20시,화요일,전라남도 목포시 석현동,경상사고,0,0,1,0,차대차 - 측면직각충돌,안전운전불이행,건조,맑음,단일로 - 기타,승용,남,56세,상해없음,이륜,남,16세,경상
2015072100100555,2015년 7월 21일 21시,화요일,전라남도 순천시 조례동,경상사고,0,0,1,0,차대차 - 추돌 - 진행중,안전운전불이행,건조,맑음,단일로 - 기타,기타불명,기타불명,기타불명,기타불명,승용,남,44세,경상
2015072100100556,2015년 7월 21일 21시,화요일,전라남도 장성군 황룡면,경상사고,0,0,2,0,차대차 - 측면직각충돌,안전운전불이행,건조,맑음,교차로 - 교차로안,화물,여,65세,상해없음,승용,여,55세,경상
2015072100100586,2015년 7월 21일 22시,화요일,전라남도 목포시 옥암동,경상사고,0,0,1,0,차대차 - 측면직각충돌,안전운전불이행,건조,맑음,단일로 - 기타,승용,남,37세,상해없음,승용,남,35세,경상
2015072200100045,2015년 7월 22일 02시,수요일,전라남도 순천시 연향동,경상사고,0,0,2,2,차대차 - 측면직각충돌,교차로운행방법위반,습기,비,교차로 - 교차로안,승용,남,40세,상해없음,승용,남,74세,경상
2015072200100068,2015년 7월 22일 04시,수요일,전라남도 목포시 용당동,경상사고,0,0,2,0,차대차 - 기타,기타,건조,맑음,교차로 - 교차로안,기타불명,기타불명,기타불명,기타불명,승용,남,31세,경상
2015072200100081,2015년 7월 22일 05시,수요일,전라남도 장성군 장성읍,경상사고,0,0,1,0,차대차 - 측면직각충돌,신호위반,건조,맑음,교차로 - 교차로안,승용,남,75세,상해없음,승용,남,56세,경상
2015072200100159,2015년 7월 22일 08시,수요일,전라남도 순천시 덕암동,경상사고,0,0,1,0,차대차 - 기타,안전운전불이행,건조,맑음,교차로 - 교차로안,자전거,남,17세,경상,승용,남,42세,상해없음
2015072200100160,2015년 7월 22일 08시,수요일,전라남도 장흥군 대덕읍,경상사고,0,0,1,0,차량단독 - 공작물충돌,안전운전불이행,건조,맑음,단일로 - 기타,승용,남,75세,경상,,,,
2015072200100161,2015년 7월 22일 08시,수요일,전라남도 장성군 장성읍,경상사고,0,0,1,0,차대차 - 정면충돌,안전운전불이행,건조,맑음,단일로 - 기타,승합,남,67세,경상,승용,남,48세,상해없음
2015072200100215,2015년 7월 22일 10시,수요일,전라남도 여수시 화장동,중상사고,0,1,0,0,차대차 - 추돌 - 진행중,안전운전불이행,건조,맑음,단일로 - 기타,승용,남,40세,상해없음,승용,여,39세,중상
2015072200100252,2015년 7월 22일 11시,수요일,전라남도 나주시 세지면,중상사고,0,1,0,0,차대사람 - 기타,안전운전불이행,건조,맑음,단일로 - 횡단보도부근,화물,남,72세,상해없음,보행자,여,75세,중상
2015072200100253,2015년 7월 22일 11시,수요일,전라남도 강진군 강진읍,경상사고,0,0,1,0,차대차 - 측면직각충돌,직진우회전진행방해,건조,맑음,교차로 - 교차로안,승용,남,49세,상해없음,승합,남,58세,경상
2015072200100254,2015년 7월 22일 11시,수요일,전라남도 진도군 진도읍,중상사고,0,1,0,0,차대차 - 기타,안전운전불이행,건조,맑음,단일로 - 기타,기타불명,기타불명,기타불명,기타불명,이륜,남,74세,중상
2015072200100285,2015년 7월 22일 12시,수요일,전라남도 목포시 상동,경상사고,0,0,4,0,차대차 - 기타,안전운전불이행,건조,맑음,기타 - 기타,승용,여,50세,기타불명,승용,남,43세,경상
2015072200100286,2015년 7월 22일 12시,수요일,전라남도 무안군 삼향읍,중상사고,0,1,0,0,차대사람 - 횡단중,보행자보호의무위반,건조,맑음,교차로 - 교차로안,화물,남,41세,상해없음,보행자,여,19세,중상
2015072200100320,2015년 7월 22일 13시,수요일,전라남도 장흥군 장흥읍,경상사고,0,0,3,0,차대차 - 측면직각충돌,안전운전불이행,건조,맑음,단일로 - 기타,승합,남,44세,상해없음,승용,여,58세,경상
2015072200100321,2015년 7월 22일 13시,수요일,전라남도 장흥군 장흥읍,중상사고,0,1,0,0,차대차 - 측면직각충돌,교차로운행방법위반,건조,맑음,교차로 - 교차로부근,화물,남,56세,상해없음,승용,남,60세,상해없음
2015072200100360,2015년 7월 22일 14시,수요일,전라남도 목포시 용해동,경상사고,0,0,1,0,차대차 - 기타,안전운전불이행,건조,기타,기타 - 기타,승용,남,55세,기타불명,승용,남,41세,경상
2015072200100361,2015년 7월 22일 14시,수요일,전라남도 화순군 북면,중상사고,0,1,1,0,차량단독 - 공작물충돌,안전운전불이행,건조,맑음,단일로 - 기타,승용,남,34세,경상,,,,
2015072200100362,2015년 7월 22일 14시,수요일,전라남도 함평군 신광면,중상사고,0,1,0,0,차대차 - 측면직각충돌,안전운전불이행,건조,맑음,단일로 - 기타,화물,남,64세,상해없음,원동기,남,68세,중상
2015072200100363,2015년 7월 22일 14시,수요일,전라남도 광양시 중동,경상사고,0,0,1,0,차대차 - 기타,교차로운행방법위반,건조,흐림,교차로 - 교차로안,승용,남,67세,상해없음,이륜,남,18세,경상
2015072200100364,2015년 7월 22일 14시,수요일,전라남도 광양시 중동,경상사고,0,0,3,0,차대차 - 기타,신호위반,건조,맑음,교차로 - 교차로안,승용,남,53세,상해없음,승용,남,65세,경상
2015072200100408,2015년 7월 22일 15시,수요일,전라남도 영암군 삼호읍,경상사고,0,0,1,0,차대차 - 기타,안전운전불이행,건조,맑음,교차로 - 교차로안,화물,남,63세,상해없음,화물,남,52세,경상
2015072200100483,2015년 7월 22일 17시,수요일,전라남도 나주시 금천면,경상사고,0,0,3,0,차대차 - 추돌 - 주정차중,안전거리미확보,건조,맑음,단일로 - 기타,승합,남,35세,상해없음,화물,남,28세,상해없음
2015072200100534,2015년 7월 22일 18시,수요일,전라남도 순천시 조례동,경상사고,0,0,3,0,차대차 - 기타,안전운전불이행,건조,맑음,교차로 - 교차로부근,승용,여,36세,상해없음,승용,남,48세,경상
2015072200100535,2015년 7월 22일 18시,수요일,전라남도 영암군 시종면,경상사고,0,0,1,0,차대차 - 기타,안전운전불이행,건조,맑음,단일로 - 기타,화물,남,57세,상해없음,이륜,남,52세,경상
2015072200100568,2015년 7월 22일 19시,수요일,전라남도 해남군 송지면,중상사고,0,1,0,0,차대사람 - 기타,안전운전불이행,건조,맑음,단일로 - 기타,승용,남,64세,상해없음,보행자,여,56세,중상
2015072200100569,2015년 7월 22일 19시,수요일,전라남도 영암군 삼호읍,경상사고,0,0,1,0,차대차 - 기타,중앙선침범,건조,맑음,교차로 - 교차로부근,원동기,남,27세,경상,승용,남,56세,상해없음
2015072200100570,2015년 7월 22일 19시,수요일,전라남도 무안군 청계면,경상사고,0,0,1,0,차대사람 - 횡단중,안전운전불이행,건조,맑음,기타 - 기타,승용,남,59세,상해없음,보행자,남,38세,경상
2015072200100603,2015년 7월 22일 20시,수요일,전라남도 순천시 조례동,중상사고,0,1,0,0,차대사람 - 기타,안전운전불이행,건조,맑음,기타 - 기타,승용,남,63세,상해없음,보행자,남,65세,중상
2015072200100604,2015년 7월 22일 20시,수요일,전라남도 순천시 조례동,경상사고,0,0,1,0,차대차 - 기타,안전운전불이행,건조,맑음,기타 - 기타,승용,남,70세,상해없음,이륜,남,41세,경상
2015072200100702,2015년 7월 22일 23시,수요일,전라남도 해남군 송지면,경상사고,0,0,1,0,차대사람 - 보도통행중,안전운전불이행,건조,맑음,단일로 - 기타,승용,남,47세,상해없음,보행자,남,49세,경상
2015072300100011,2015년 7월 23일 00시,목요일,전라남도 여수시 여서동,경상사고,0,0,2,0,차대사람 - 길가장자리구역통행중,안전운전불이행,습기,비,교차로 - 교차로부근,원동기,남,38세,상해없음,보행자,남,58세,경상
2015072300100028,2015년 7월 23일 01시,목요일,전라남도 나주시 성북동,경상사고,0,0,1,0,차대차 - 추돌 - 주정차중,안전운전불이행,습기,흐림,교차로 - 교차로부근,승용,남,26세,상해없음,승용,남,25세,경상
2015072300100029,2015년 7월 23일 01시,목요일,전라남도 광양시 중동,경상사고,0,0,2,0,차대차 - 측면직각충돌,안전운전불이행,습기,비,단일로 - 기타,승용,남,18세,경상,승용,남,18세,상해없음
2015072300100090,2015년 7월 23일 07시,목요일,전라남도 강진군 군동면,경상사고,0,0,3,0,차량단독 - 공작물충돌,안전운전불이행,습기,비,단일로 - 기타,승합,남,53세,상해없음,,,,
2015072300100162,2015년 7월 23일 09시,목요일,전라남도 장성군 삼서면,경상사고,0,0,2,0,차대차 - 기타,안전운전불이행,습기,비,교차로 - 교차로부근,화물,남,53세,상해없음,승용,남,56세,경상
2015072300100188,2015년 7월 23일 10시,목요일,전라남도 목포시 상동,경상사고,0,0,2,0,차대차 - 추돌 - 진행중,중앙선침범,습기,흐림,기타 - 기타,승용,남,38세,상해없음,승용,남,46세,경상
2015072300100189,2015년 7월 23일 10시,목요일,전라남도 신안군 비금면,중상사고,0,1,0,0,차대차 - 기타,안전운전불이행,습기,흐림,기타 - 기타,이륜,남,72세,중상,화물,남,29세,상해없음
2015072300100190,2015년 7월 23일 10시,목요일,전라남도 순천시 서면,경상사고,0,0,3,0,차대차 - 기타,안전운전불이행,습기,비,교차로 - 교차로부근,특수,남,50세,상해없음,승용,여,39세,경상
2015072300100191,2015년 7월 23일 10시,목요일,전라남도 고흥군 금산면,경상사고,0,0,1,0,차대사람 - 차도통행중,안전운전불이행,건조,맑음,단일로 - 기타,화물,남,58세,상해없음,보행자,여,58세,경상
2015072300100192,2015년 7월 23일 10시,목요일,전라남도 화순군 화순읍,중상사고,0,1,0,0,차대사람 - 길가장자리구역통행중,안전운전불이행,습기,비,단일로 - 기타,승용,여,44세,상해없음,보행자,남,54세,중상
2015072300100193,2015년 7월 23일 10시,목요일,전라남도 무안군 삼향읍,경상사고,0,0,4,0,차대차 - 추돌 - 주정차중,안전운전불이행,습기,비,교차로 - 교차로부근,승용,남,45세,기타불명,승용,남,43세,경상
2015072300100229,2015년 7월 23일 11시,목요일,전라남도 순천시 연향동,경상사고,0,0,1,0,차대사람 - 기타,안전운전불이행,건조,맑음,교차로 - 교차로안,승용,남,28세,상해없음,보행자,여,45세,경상
2015072300100258,2015년 7월 23일 12시,목요일,전라남도 목포시 옥암동,경상사고,0,0,1,0,차대차 - 기타,안전운전불이행,건조,기타,교차로 - 교차로안,승합,남,47세,상해없음,이륜,남,19세,경상
2015072300100259,2015년 7월 23일 12시,목요일,전라남도 순천시 덕암동,중상사고,0,1,0,0,차대차 - 기타,신호위반,건조,맑음,교차로 - 교차로안,승용,여,50세,상해없음,승용,남,71세,중상