사고번호,사고일시,요일,시군구,사고내용,사망자수,중상자수,경상자수,부상신고자수,사고유형,법규위반,노면상태,기상상태,도로형태,가해운전자 차종,가해운전자 성별,가해운전자 연령,가해운전자 상해정도,피해운전자 차종,피해운전자 성별,피해운전자 연령,피해운전자 상해정도
2015072700100503,2015년 7월 27일 19시,월요일,전라남도 목포시 옥암동,경상사고,0,0,1,0,차대차 - 기타,안전운전불이행,건조,맑음,단일로 - 기타,승용,남,44세,상해없음,승용,여,28세,경상
2015072700100533,2015년 7월 27일 20시,월요일,전라남도 여수시 봉산동,경상사고,0,0,1,0,차대사람 - 차도통행중,안전운전불이행,건조,맑음,단일로 - 기타,승용,남,38세,상해없음,보행자,남,44세,경상
2015072700100534,2015년 7월 27일 20시,월요일,전라남도 곡성군 입면,경상사고,0,0,1,0,차대사람 - 횡단중,안전운전불이행,습기,흐림,단일로 - 기타,승용,여,31세,상해없음,보행자,여,6세,경상
2015072700100566,2015년 7월 27일 21시,월요일,전라남도 목포시 옥암동,중상사고,0,1,1,0,차대사람 - 기타,안전운전불이행,건조,맑음,교차로 - 교차로부근,화물,남,54세,상해없음,보행자,남,16세,중상
2015072700100567,2015년 7월 27일 21시,월요일,전라남도 여수시 돌산읍,중상사고,0,1,1,0,차대사람 - 보도통행중,보행자보호의무위반,건조,맑음,단일로 - 횡단보도상,승용,남,42세,상해없음,보행자,여,20세,경상
2015072700100568,2015년 7월 27일 21시,월요일,전라남도 여수시 중앙동,중상사고,0,1,0,0,차대사람 - 횡단중,안전운전불이행,건조,맑음,단일로 - 기타,승용,여,25세,상해없음,보행자,남,72세,중상
2015072700100569,2015년 7월 27일 21시,월요일,전라남도 광양시 광양읍,경상사고,0,0,2,0,차대차 - 측면직각충돌,안전운전불이행,건조,흐림,교차로 - 교차로부근,화물,남,55세,상해없음,승용,남,40세,기타불명
2015072700100599,2015년 7월 27일 22시,월요일,전라남도 순천시 해룡면,경상사고,0,0,1,0,차대차 - 기타,안전운전불이행,건조,맑음,교차로 - 교차로안,승용,남,47세,상해없음,자전거,남,16세,경상
2015072700100600,2015년 7월 27일 22시,월요일,전라남도 나주시 금천면,중상사고,0,1,3,1,차대차 - 측면직각충돌,교차로운행방법위반,건조,맑음,교차로 - 교차로안,승용,남,39세,부상신고,승용,여,45세,경상
2015072800100064,2015년 7월 28일 04시,화요일,전라남도 여수시 신기동,경상사고,0,0,1,0,차대사람 - 차도통행중,안전운전불이행,건조,맑음,단일로 - 기타,승용,남,64세,상해없음,보행자,남,32세,경상
2015072800100065,2015년 7월 28일 04시,화요일,전라남도 고흥군 점암면,경상사고,0,0,1,0,차량단독 - 공작물충돌,안전운전불이행,건조,맑음,단일로 - 기타,승용,남,48세,경상,,,,
2015072800100073,2015년 7월 28일 05시,화요일,전라남도 목포시 용당동,경상사고,0,0,1,0,차대차 - 기타,신호위반,건조,맑음,교차로 - 교차로안,화물,남,31세,상해없음,승용,남,59세,경상
2015072800100093,2015년 7월 28일 06시,화요일,전라남도 장흥군 장흥읍,경상사고,0,0,1,0,차대차 - 측면직각충돌,신호위반,건조,맑음,교차로 - 교차로안,승용,남,59세,상해없음,화물,남,38세,경상
2015072800100162,2015년 7월 28일 09시,화요일,전라남도 영광군 백수읍,사망사고,1,0,0,0,차대차 - 측면직각충돌,교차로운행방법위반,건조,흐림,교차로 - 교차로안,이륜,남,79세,사망,승용,남,28세,상해없음
2015072800100225,2015년 7월 28일 11시,화요일,전라남도 순천시 중앙동,경상사고,0,0,1,0,차대사람 - 기타,보행자보호의무위반,건조,맑음,단일로 - 기타,승용,여,74세,상해없음,보행자,여,38세,경상
2015072800100259,2015년 7월 28일 12시,화요일,전라남도 해남군 해남읍,경상사고,0,0,1,0,차대차 - 추돌 - 진행중,안전운전불이행,건조,맑음,교차로 - 교차로안,승용,남,65세,상해없음,승용,남,74세,상해없음
2015072800100260,2015년 7월 28일 12시,화요일,전라남도 영광군 백수읍,중상사고,0,1,0,0,차대차 - 정면충돌,안전운전불이행,습기,비,단일로 - 기타,화물,남,31세,상해없음,이륜,여,56세,중상
2015072800100294,2015년 7월 28일 13시,화요일,전라남도 순천시 조례동,중상사고,0,1,0,0,차대차 - 기타,직진우회전진행방해,건조,맑음,교차로 - 교차로안,원동기,남,50세,상해없음,원동기,여,38세,중상
2015072800100295,2015년 7월 28일 13시,화요일,전라남도 장흥군 회진면,중상사고,0,1,3,0,차대차 - 측면직각충돌,안전운전불이행,건조,맑음,단일로 - 기타,승용,남,34세,상해없음,원동기,여,68세,중상
2015072800100296,2015년 7월 28일 13시,화요일,전라남도 광양시 금호동,중상사고,0,1,0,0,차대차 - 기타,안전운전불이행,습기,비,단일로 - 교량,특수,남,55세,상해없음,화물,남,49세,중상
2015072800100338,2015년 7월 28일 14시,화요일,전라남도 나주시 세지면,경상사고,0,0,3,0,차대차 - 추돌 - 진행중,안전운전불이행,기타,흐림,단일로 - 기타,승용,남,24세,경상,화물,남,57세,경상
2015072800100339,2015년 7월 28일 14시,화요일,전라남도 장성군 장성읍,중상사고,0,2,0,0,차대차 - 기타,안전운전불이행,습기,비,단일로 - 기타,화물,남,52세,상해없음,승용,남,28세,중상
2015072800100340,2015년 7월 28일 14시,화요일,전라남도 구례군 구례읍,중상사고,0,1,0,0,차대차 - 기타,직진우회전진행방해,건조,맑음,교차로 - 교차로안,화물,여,48세,상해없음,이륜,남,47세,중상
2015072800100414,2015년 7월 28일 16시,화요일,전라남도 고흥군 동일면,경상사고,0,0,1,0,차대사람 - 기타,안전운전불이행,건조,맑음,단일로 - 기타,승용,남,36세,상해없음,보행자,남,57세,경상
2015072800100415,2015년 7월 28일 16시,화요일,전라남도 담양군 수북면,사망사고,1,0,0,0,차대차 - 기타,과속,건조,맑음,교차로 - 교차로부근,화물,남,51세,상해없음,자전거,남,60세,사망
2015072800100443,2015년 7월 28일 17시,화요일,전라남도 해남군 해남읍,경상사고,0,0,1,0,차대차 - 추돌 - 진행중,안전운전불이행,건조,맑음,단일로 - 기타,화물,남,42세,상해없음,승용,남,66세,경상
2015072800100444,2015년 7월 28일 17시,화요일,전라남도 함평군 대동면,부상신고사고,0,0,0,1,차량단독 - 공작물충돌,안전운전불이행,건조,맑음,교차로 - 교차로안,승용,남,21세,부상신고,,,,
2015072800100445,2015년 7월 28일 17시,화요일,전라남도 강진군 강진읍,경상사고,0,0,1,0,차대차 - 측면직각충돌,안전운전불이행,건조,맑음,교차로 - 교차로안,원동기,남,75세,경상,승용,여,37세,상해없음
2015072800100481,2015년 7월 28일 18시,화요일,전라남도 영암군 삼호읍,경상사고,0,0,2,0,차대차 - 측면직각충돌,안전운전불이행,건조,맑음,단일로 - 기타,승용,남,48세,상해없음,승용,남,48세,경상
2015072800100588,2015년 7월 28일 21시,화요일,전라남도 순천시 연향동,경상사고,0,0,2,0,차대차 - 기타,안전운전불이행,건조,맑음,교차로 - 교차로안,승용,남,25세,상해없음,승용,남,42세,경상
2015072800100655,2015년 7월 28일 23시,화요일,전라남도 순천시 남정동,중상사고,0,1,0,0,차대사람 - 차도통행중,안전운전불이행,건조,맑음,교차로 - 교차로안,승용,남,27세,상해없음,보행자,남,58세,중상
2015072900100015,2015년 7월 29일 00시,수요일,전라남도 순천시 조례동,중상사고,0,1,1,0,차대차 - 기타,안전운전불이행,건조,맑음,교차로 - 교차로안,승용,남,25세,상해없음,승용,남,22세,경상
2015072900100016,2015년 7월 29일 00시,수요일,전라남도 해남군 해남읍,경상사고,0,0,2,0,차대사람 - 기타,안전운전불이행,건조,기타,기타 - 기타,승용,남,48세,상해없음,보행자,남,59세,경상
2015072900100043,2015년 7월 29일 02시,수요일,전라남도 목포시 옥암동,경상사고,0,0,1,0,차대차 - 측면직각충돌,중앙선침범,건조,맑음,교차로 - 교차로부근,승용,남,41세,상해없음,승용,여,41세,경상
2015072900100055,2015년 7월 29일 04시,수요일,전라남도 목포시 용당동,중상사고,0,1,0,0,차대사람 - 차도통행중,안전운전불이행,건조,맑음,단일로 - 기타,승합,남,42세,상해없음,보행자,남,49세,중상
2015072900100056,2015년 7월 29일 04시,수요일,전라남도 순천시 덕암동,중상사고,0,1,0,0,차대차 - 기타,신호위반,건조,맑음,교차로 - 교차로안,승용,남,77세,상해없음,자전거,남,60세,중상
2015072900100090,2015년 7월 29일 07시,수요일,전라남도 보성군 조성면,중상사고,0,1,0,0,차대사람 - 횡단중,안전운전불이행,건조,맑음,교차로 - 교차로안,승용,남,72세,상해없음,보행자,남,30세,중상
2015072900100118,2015년 7월 29일 08시,수요일,전라남도 나주시 금천면,중상사고,0,1,0,0,차대차 - 측면직각충돌,신호위반,건조,맑음,교차로 - 교차로안,이륜,남,74세,중상,승용,여,24세,상해없음
2015072900100149,2015년 7월 29일 09시,수요일,전라남도 목포시 명륜동,경상사고,0,0,1,0,차대차 - 기타,안전운전불이행,건조,맑음,단일로 - 기타,승용,남,75세,상해없음,원동기,남,58세,경상
2015072900100150,2015년 7월 29일 09시,수요일,전라남도 여수시 학동,중상사고,0,1,0,0,차대사람 - 차도통행중,안전운전불이행,건조,맑음,단일로 - 기타,승용,여,30세,상해없음,보행자,남,45세,중상
2015072900100151,2015년 7월 29일 09시,수요일,전라남도 보성군 벌교읍,중상사고,0,1,0,0,차대차 - 측면직각충돌,안전운전불이행,건조,맑음,단일로 - 기타,화물,남,51세,상해없음,이륜,여,72세,중상
2015072900100152,2015년 7월 29일 09시,수요일,전라남도 화순군 화순읍,경상사고,0,0,1,1,차대차 - 측면직각충돌,직진우회전진행방해,건조,맑음,교차로 - 교차로안,승용,여,54세,부상신고,화물,남,66세,경상
2015072900100187,2015년 7월 29일 10시,수요일,전라남도 순천시 조례동,경상사고,0,0,3,0,차대차 - 추돌 - 진행중,안전거리미확보,건조,맑음,단일로 - 기타,승용,여,58세,경상,승용,남,49세,경상
2015072900100188,2015년 7월 29일 10시,수요일,전라남도 광양시 광양읍,경상사고,0,0,3,1,차대차 - 추돌 - 주정차중,안전운전불이행,건조,맑음,교차로 - 교차로부근,승용,남,44세,경상,승용,남,51세,경상
2015072900100219,2015년 7월 29일 11시,수요일,전라남도 순천시 주암면,중상사고,0,1,0,0,차대차 - 측면직각충돌,안전운전불이행,건조,맑음,단일로 - 기타,승용,남,55세,상해없음,이륜,남,77세,중상
2015072900100243,2015년 7월 29일 12시,수요일,전라남도 무안군 현경면,중상사고,0,1,0,0,차대사람 - 보도통행중,안전운전불이행,건조,맑음,단일로 - 기타,승합,남,46세,상해없음,보행자,여,69세,중상
2015072900100273,2015년 7월 29일 13시,수요일,전라남도 목포시 석현동,경상사고,0,0,1,0,차대차 - 기타,안전운전불이행,건조,맑음,기타 - 기타,특수,남,44세,상해없음,승용,남,60세,경상
2015072900100274,2015년 7월 29일 13시,수요일,전라남도 여수시 돌산읍,경상사고,0,0,5,0,차대차 - 측면직각충돌,중앙선침범,건조,맑음,단일로 - 기타,화물,남,56세,상해없음,승용,남,31세,경상
2015072900100312,2015년 7월 29일 14시,수요일,전라남도 순천시 인제동,경상사고,0,0,1,0,차대차 - 기타,안전운전불이행,건조,맑음,교차로 - 교차로부근,승합,남,22세,상해없음,승용,남,31세,경상
2015072900100313,2015년 7월 29일 14시,수요일,전라남도 영암군 덕진면,경상사고,0,0,1,0,차량단독 - 공작물충돌,안전운전불이행,건조,맑음,단일로 - 기타,승용,남,70세,경상,,,,
2015072900100314,2015년 7월 29일 14시,수요일,전라남도 순천시 승주읍,경상사고,0,0,2,0,차대차 - 추돌 - 진행중,안전운전불이행,건조,맑음,단일로 - 기타,승용,여,44세,상해없음,승용,여,41세,경상
2015072900100342,2015년 7월 29일 15시,수요일,전라남도 여수시 율촌면,경상사고,0,0,1,0,차대차 - 측면직각충돌,차로위반,건조,맑음,단일로 - 기타,승용,남,53세,상해없음,승용,남,44세,상해없음
2015072900100343,2015년 7월 29일 15시,수요일,전라남도 해남군 산이면,경상사고,0,0,2,0,차대차 - 추돌 - 진행중,안전거리미확보,건조,맑음,단일로 - 기타,이륜,남,77세,경상,승용,남,75세,경상
2015072900100420,2015년 7월 29일 17시,수요일,전라남도 목포시 상동,중상사고,0,1,0,0,차대사람 - 기타,중앙선침범,건조,맑음,단일로 - 기타,승용,남,24세,상해없음,보행자,남,34세,중상
2015072900100421,2015년 7월 29일 17시,수요일,전라남도 나주시 남평읍,경상사고,0,0,2,0,차대차 - 측면직각충돌,안전운전불이행,건조,맑음,교차로 - 교차로안,승용,남,53세,경상,화물,남,49세,경상
2015072900100422,2015년 7월 29일 17시,수요일,전라남도 영광군 영광읍,경상사고,0,0,2,0,차대차 - 기타,중앙선침범,건조,맑음,교차로 - 교차로안,승용,남,77세,상해없음,승용,남,58세,경상
2015072900100423,2015년 7월 29일 17시,수요일,전라남도 광양시 광양읍,경상사고,0,0,1,0,차대차 - 추돌 - 진행중,안전거리미확보,건조,맑음,단일로 - 기타,화물,남,65세,상해없음,승용,남,59세,경상
2015072900100461,2015년 7월 29일 18시,수요일,전라남도 장흥군 장흥읍,경상사고,0,0,2,0,차대차 - 측면직각충돌,안전운전불이행,건조,맑음,단일로 - 기타,승용,남,57세,상해없음,승용,남,29세,경상
2015072900100462,2015년 7월 29일 18시,수요일,전라남도 고흥군 포두면,중상사고,0,1,0,0,차대차 - 측면직각충돌,안전운전불이행,건조,맑음,교차로 - 교차로부근,이륜,남,74세,중상,승용,여,33세,상해없음
2015072900100463,2015년 7월 29일 18시,수요일,전라남도 무안군 삼향읍,경상사고,0,0,1,0,차대차 - 측면직각충돌,차로위반,건조,맑음,교차로 - 교차로부근,승용,남,28세,상해없음,원동기,남,16세,경상
2015072900100464,2015년 7월 29일 18시,수요일,전라남도 나주시 문평면,사망사고,1,0,0,0,차대사람 - 횡단중,안전운전불이행,건조,맑음,단일로 - 기타,승용,남,33세,상해없음,보행자,남,49세,사망
2015072900100505,2015년 7월 29일 19시,수요일,전라남도 장성군 장성읍,경상사고,0,0,1,0,차대차 - 측면직각충돌,안전운전불이행,건조,맑음,교차로 - 교차로부근,승용,남,50세,상해없음,화물,남,52세,경상
2015072900100538,2015년 7월 29일 20시,수요일,전라남도 목포시 상동,경상사고,0,0,1,0,차대차 - 기타,안전운전불이행,건조,맑음,교차로 - 교차로부근,승용,남,46세,상해없음,승용,남,22세,경상
2015072900100539,2015년 7월 29일 20시,수요일,전라남도 장흥군 장흥읍,경상사고,0,0,1,0,차대차 - 측면직각충돌,직진우회전진행방해,건조,맑음,교차로 - 교차로안,승용,남,70세,상해없음,원동기,남,26세,경상
2015072900100540,2015년 7월 29일 20시,수요일,전라남도 고흥군 포두면,중상사고,0,1,0,0,차대차 - 추돌 - 진행중,안전운전불이행,건조,맑음,단일로 - 기타,화물,남,26세,상해없음,기타불명,남,53세,중상
2015072900100584,2015년 7월 29일 21시,수요일,전라남도 목포시 상동,사망사고,1,0,0,0,차대사람 - 기타,안전운전불이행,건조,맑음,교차로 - 교차로부근,승합,남,36세,상해없음,보행자,남,51세,사망
2015072900100585,2015년 7월 29일 21시,수요일,전라남도 목포시 죽교동,경상사고,0,0,1,0,차대차 - 기타,안전운전불이행,건조,맑음,단일로 - 기타,승용,남,30세,상해없음,승용,여,44세,상해없음
2015072900100586,2015년 7월 29일 21시,수요일,전라남도 목포시 상동,경상사고,0,0,1,0,차대차 - 측면직각충돌,교차로운행방법위반,건조,맑음,교차로 - 교차로안,승용,남,21세,상해없음,승용,남,66세,상해없음
2015072900100649,2015년 7월 29일 23시,수요일,전라남도 목포시 상동,경상사고,0,0,1,0,차대사람 - 기타,안전운전불이행,건조,맑음,단일로 - 기타,승용,남,39세,상해없음,보행자,남,65세,경상
2015073000100047,2015년 7월 30일 02시,목요일,전라남도 강진군 성전면,부상신고사고,0,0,0,1,차량단독 - 공작물충돌,안전운전불이행,건조,맑음,단일로 - 기타,승용,남,45세,부상신고,,,,
2015073000100066,2015년 7월 30일 04시,목요일,전라남도 고흥군 점암면,사망사고,1,0,0,0,차대차 - 추돌 - 진행중,안전운전불이행,건조,맑음,단일로 - 기타,승용,남,50세,상해없음,자전거,남,39세,사망
2015073000100071,2015년 7월 30일 05시,목요일,전라남도 목포시 상동,경상사고,0,0,2,0,차대차 - 기타,안전운전불이행,건조,맑음,단일로 - 기타,승용,남,52세,경상,승합,남,61세,경상
2015073000100097,2015년 7월 30일 07시,목요일,전라남도 장성군 황룡면,경상사고,0,0,1,0,차대차 - 측면직각충돌,교차로운행방법위반,건조,맑음,교차로 - 교차로안,승용,여,51세,상해없음,이륜,남,61세,경상
2015073000100118,2015년 7월 30일 08시,목요일,전라남도 순천시 덕암동,경상사고,0,0,1,0,차대차 - 측면직각충돌,직진우회전진행방해,건조,맑음,교차로 - 교차로안,화물,남,54세,경상,승용,남,76세,상해없음
2015073000100119,2015년 7월 30일 08시,목요일,전라남도 순천시 가곡동,부상신고사고,0,0,0,1,차대차 - 기타,안전운전불이행,건조,맑음,교차로 - 교차로안,화물,여,53세,상해없음,승용,여,26세,부상신고
2015073000100120,2015년 7월 30일 08시,목요일,전라남도 순천시 조례동,경상사고,0,0,2,0,차대차 - 기타,안전거리미확보,건조,맑음,교차로 - 교차로안,승용,여,25세,기타불명,승합,남,47세,상해없음
2015073000100121,2015년 7월 30일 08시,목요일,전라남도 화순군 화순읍,중상사고,0,1,0,0,차대사람 - 길가장자리구역통행중,안전운전불이행,건조,맑음,단일로 - 기타,승용,여,41세,상해없음,보행자,여,20세,중상
2015073000100147,2015년 7월 30일 09시,목요일,전라남도 여수시 신기동,중상사고,0,1,0,0,차량단독 - 공작물충돌,기타,건조,맑음,단일로 - 기타,승용,여,50세,중상,,,,
2015073000100148,2015년 7월 30일 09시,목요일,전라남도 해남군 삼산면,중상사고,0,1,3,1,차대차 - 기타,안전운전불이행,건조,맑음,교차로 - 교차로안,승합,남,69세,부상신고,화물,남,41세,경상
2015073000100149,2015년 7월 30일 09시,목요일,전라남도 영광군 영광읍,경상사고,0,0,1,0,차대차 - 측면직각충돌,안전운전불이행,건조,맑음,교차로 - 교차로부근,승용,남,52세,상해없음,승용,여,46세,경상
2015073000100150,2015년 7월 30일 09시,목요일,전라남도 담양군 대전면,경상사고,0,0,1,0,차대차 - 측면직각충돌,신호위반,건조,맑음,교차로 - 교차로안,승용,여,42세,상해없음,승용,남,27세,경상
2015073000100174,2015년 7월 30일 10시,목요일,전라남도 완도군 고금면,중상사고,0,1,0,0,차량단독 - 기타,안전운전불이행,건조,맑음,단일로 - 기타,승용,여,42세,중상,,,,
2015073000100175,2015년 7월 30일 10시,목요일,전라남도 광양시 중동,중상사고,0,1,0,0,차대사람 - 차도통행중,안전운전불이행,건조,맑음,단일로 - 기타,승용,여,56세,상해없음,보행자,여,76세,중상
2015073000100224,2015년 7월 30일 11시,목요일,전라남도 순천시 해룡면,중상사고,0,1,0,0,차대차 - 측면직각충돌,안전운전불이행,건조,맑음,교차로 - 교차로부근,승용,여,43세,상해없음,승용,남,56세,상해없음
2015073000100257,2015년 7월 30일 12시,목요일,전라남도 완도군 군외면,중상사고,0,3,1,0,차량단독 - 전도전복,안전운전불이행,건조,맑음,단일로 - 기타,승용,남,19세,중상,,,,
2015073000100258,2015년 7월 30일 12시,목요일,전라남도 구례군 산동면,경상사고,0,0,1,0,차대차 - 추돌 - 진행중,기타,건조,맑음,단일로 - 기타,승용,여,61세,상해없음,승용,남,50세,경상
2015073000100291,2015년 7월 30일 13시,목요일,전라남도 해남군 해남읍,중상사고,0,1,0,0,차대차 - 기타,직진우회전진행방해,건조,맑음,교차로 - 교차로안,승용,남,67세,상해없음,원동기,남,80세,중상
2015073000100292,2015년 7월 30일 13시,목요일,전라남도 영광군 묘량면,중상사고,0,1,0,0,차대사람 - 보도통행중,안전운전불이행,건조,맑음,기타 - 기타,화물,남,60세,상해없음,보행자,남,47세,중상
2015073000100293,2015년 7월 30일 13시,목요일,전라남도 순천시 별량면,중상사고,0,1,1,0,차대차 - 측면직각충돌,안전운전불이행,건조,맑음,단일로 - 기타,화물,남,33세,상해없음,승용,남,26세,경상
2015073000100380,2015년 7월 30일 15시,목요일,전라남도 순천시 가곡동,중상사고,0,1,0,0,차대사람 - 기타,안전운전불이행,건조,맑음,교차로 - 교차로부근,승용,남,39세,상해없음,보행자,남,17세,중상
2015073000100381,2015년 7월 30일 15시,목요일,전라남도 순천시 송광면,중상사고,0,1,0,0,차량단독 - 전도전복,안전운전불이행,건조,맑음,단일로 - 기타,승용,여,35세,상해없음,,,,
2015073000100382,2015년 7월 30일 15시,목요일,전라남도 나주시 반남면,중상사고,0,1,0,0,차대차 - 측면직각충돌,기타,건조,맑음,교차로 - 교차로안,화물,여,62세,상해없음,원동기,남,73세,중상
2015073000100383,2015년 7월 30일 15시,목요일,전라남도 완도군 완도읍,경상사고,0,0,1,0,차대차 - 측면직각충돌,교차로운행방법위반,건조,맑음,교차로 - 교차로부근,승합,남,47세,기타불명,승용,남,35세,상해없음
2015073000100422,2015년 7월 30일 16시,목요일,전라남도 장흥군 장흥읍,중상사고,0,1,0,0,차대사람 - 횡단중,안전운전불이행,건조,맑음,교차로 - 교차로안,건설기계,남,25세,상해없음,보행자,여,15세,중상
2015073000100450,2015년 7월 30일 17시,목요일,전라남도 목포시 상동,경상사고,0,0,1,0,차대차 - 추돌 - 주정차중,안전거리미확보,건조,맑음,단일로 - 기타,화물,남,52세,상해없음,승용,여,25세,경상
2015073000100451,2015년 7월 30일 17시,목요일,전라남도 화순군 남면,중상사고,0,3,3,0,차대차 - 기타,안전운전불이행,건조,맑음,교차로 - 교차로부근,승합,남,52세,상해없음,승용,남,63세,중상
2015073000100452,2015년 7월 30일 17시,목요일,전라남도 함평군 함평읍,부상신고사고,0,0,0,1,차대차 - 추돌 - 진행중,안전운전불이행,건조,맑음,단일로 - 기타,원동기,여,40세,부상신고,승용,남,74세,상해없음
2015073000100453,2015년 7월 30일 17시,목요일,전라남도 장성군 장성읍,경상사고,0,0,1,0,차대차 - 기타,교차로운행방법위반,건조,맑음,교차로 - 교차로안,승용,여,63세,상해없음,승용,여,43세,경상
2015073000100498,2015년 7월 30일 18시,목요일,전라남도 여수시 소라면,중상사고,0,2,4,0,차대차 - 추돌 - 주정차중,안전거리미확보,건조,맑음,교차로 - 교차로부근,승합,남,54세,상해없음,승용,여,32세,경상
2015073000100499,2015년 7월 30일 18시,목요일,전라남도 보성군 조성면,중상사고,0,1,0,0,차량단독 - 공작물충돌,안전운전불이행,건조,맑음,단일로 - 기타,자전거,남,65세,중상,,,,
2015073000100539,2015년 7월 30일 19시,목요일,전라남도 목포시 상동,중상사고,0,1,0,0,차대차 - 측면직각충돌,안전운전불이행,건조,맑음,단일로 - 기타,기타불명,기타불명,기타불명,기타불명,이륜,남,29세,중상
2015073000100540,2015년 7월 30일 19시,목요일,전라남도 순천시 연향동,경상사고,0,0,3,0,차대차 - 기타,안전운전불이행,건조,맑음,교차로 - 교차로안,승용,남,73세,상해없음,승합,여,33세,경상
2015073000100541,2015년 7월 30일 19시,목요일,전라남도 영암군 영암읍,중상사고,0,1,0,0,차대차 - 측면직각충돌,직진우회전진행방해,건조,맑음,교차로 - 교차로안,원동기,여,57세,중상,승용,여,53세,상해없음
2015073000100611,2015년 7월 30일 21시,목요일,전라남도 무안군 몽탄면,사망사고,1,2,1,0,차대차 - 정면충돌,안전운전불이행,건조,맑음,교차로 - 교차로안,화물,남,52세,중상,승용,남,36세,경상
2015073000100649,2015년 7월 30일 22시,목요일,전라남도 목포시 동명동,중상사고,0,1,0,0,차대차 - 정면충돌,중앙선침범,건조,맑음,단일로 - 기타,승용,남,22세,상해없음,이륜,남,32세,중상
2015073100100039,2015년 7월 31일 02시,금요일,전라남도 여수시 화양면,경상사고,0,0,1,0,차량단독 - 도로외이탈 - 추락,안전운전불이행,건조,맑음,단일로 - 기타,승용,여,24세,경상,,,,
2015073100100055,2015년 7월 31일 03시,금요일,전라남도 순천시 조례동,경상사고,0,0,1,0,차량단독 - 기타,안전운전불이행,건조,맑음,단일로 - 기타,이륜,남,15세,경상,,,,
2015073100100082,2015년 7월 31일 06시,금요일,전라남도 곡성군 오산면,경상사고,0,0,1,0,차대차 - 정면충돌,중앙선침범,건조,맑음,단일로 - 기타,승용,남,53세,상해없음,승용,남,47세,경상
2015073100100099,2015년 7월 31일 07시,금요일,전라남도 여수시 돌산읍,중상사고,0,1,4,0,차대차 - 추돌 - 주정차중,안전운전불이행,건조,맑음,단일로 - 기타,승용,여,25세,상해없음,승합,남,52세,경상
2015073100100100,2015년 7월 31일 07시,금요일,전라남도 광양시 광양읍,경상사고,0,0,2,0,차대차 - 측면직각충돌,교차로운행방법위반,건조,맑음,교차로 - 교차로안,승용,남,31세,상해없음,승용,남,20세,경상
2015073100100180,2015년 7월 31일 10시,금요일,전라남도 순천시 가곡동,경상사고,0,0,3,0,차대차 - 추돌 - 주정차중,안전거리미확보,건조,맑음,단일로 - 기타,화물,남,54세,상해없음,승용,남,62세,경상
2015073100100181,2015년 7월 31일 10시,금요일,전라남도 담양군 담양읍,경상사고,0,0,2,0,차대차 - 측면직각충돌,교차로운행방법위반,건조,맑음,교차로 - 교차로안,승용,여,43세,상해없음,승용,여,40세,경상
2015073100100182,2015년 7월 31일 10시,금요일,전라남도 광양시 태인동,경상사고,0,0,8,0,차대차 - 측면직각충돌,직진우회전진행방해,건조,맑음,교차로 - 교차로안,승용,여,47세,경상,승합,여,25세,경상
2015073100100183,2015년 7월 31일 10시,금요일,전라남도 구례군 용방면,중상사고,0,1,0,0,차량단독 - 전도전복,안전운전불이행,건조,맑음,단일로 - 기타,승용,남,39세,상해없음,,,,
2015073100100219,2015년 7월 31일 11시,금요일,전라남도 여수시 선원동,경상사고,0,0,1,0,차대차 - 추돌 - 진행중,안전운전불이행,건조,맑음,교차로 - 교차로안,이륜,남,56세,상해없음,승용,남,64세,경상
2015073100100220,2015년 7월 31일 11시,금요일,전라남도 여수시 신기동,경상사고,0,0,1,0,차대차 - 측면직각충돌,안전거리미확보,기타,맑음,단일로 - 기타,승용,남,36세,상해없음,승용,여,39세,경상
2015073100100221,2015년 7월 31일 11시,금요일,전라남도 고흥군 도화면,중상사고,0,1,0,0,차대차 - 추돌 - 주정차중,중앙선침범,건조,맑음,단일로 - 기타,화물,남,51세,상해없음,원동기,남,80세,중상
2015073100100222,2015년 7월 31일 11시,금요일,전라남도 광양시 금호동,중상사고,0,2,0,0,차대차 - 추돌 - 진행중,안전운전불이행,건조,맑음,단일로 - 교량,화물,남,53세,상해없음,승용,남,41세,중상
2015073100100289,2015년 7월 31일 13시,금요일,전라남도 담양군 창평면,경상사고,0,0,1,0,차대차 - 측면직각충돌,기타,건조,맑음,교차로 - 교차로안,승용,여,53세,상해없음,승용,여,62세,경상
2015073100100328,2015년 7월 31일 14시,금요일,전라남도 목포시 상동,중상사고,0,1,1,0,차대차 - 측면직각충돌,신호위반,건조,맑음,교차로 - 교차로안,화물,남,32세,경상,승용,남,49세,중상
2015073100100359,2015년 7월 31일 15시,금요일,전라남도 화순군 화순읍,경상사고,0,0,1,0,차대차 - 측면직각충돌,안전운전불이행,건조,맑음,단일로 - 기타,농기계,남,68세,경상,승용,남,33세,상해없음
2015073100100360,2015년 7월 31일 15시,금요일,전라남도 영암군 영암읍,경상사고,0,0,1,0,차대차 - 측면직각충돌,안전운전불이행,건조,맑음,교차로 - 교차로안,화물,남,59세,상해없음,화물,여,47세,경상
2015073100100361,2015년 7월 31일 15시,금요일,전라남도 완도군 노화읍,경상사고,0,0,1,0,차량단독 - 공작물충돌,기타,건조,맑음,단일로 - 기타,이륜,남,77세,경상,,,,