사고번호,사고일시,요일,시군구,사고내용,사망자수,중상자수,경상자수,부상신고자수,사고유형,법규위반,노면상태,기상상태,도로형태,가해운전자 차종,가해운전자 성별,가해운전자 연령,가해운전자 상해정도,피해운전자 차종,피해운전자 성별,피해운전자 연령,피해운전자 상해정도
2015080400100129,2015년 8월 4일 08시,화요일,전라남도 완도군 완도읍,중상사고,0,1,0,0,차대차 - 기타,안전운전불이행,건조,맑음,교차로 - 교차로안,화물,남,73세,상해없음,이륜,남,63세,중상
2015080400100151,2015년 8월 4일 09시,화요일,전라남도 나주시 봉황면,중상사고,0,2,0,0,차대차 - 정면충돌,신호위반,건조,맑음,교차로 - 교차로안,화물,남,71세,중상,화물,남,55세,상해없음
2015080400100227,2015년 8월 4일 11시,화요일,전라남도 신안군 압해읍,경상사고,0,0,1,0,차대차 - 기타,기타,건조,맑음,단일로 - 기타,화물,남,64세,상해없음,승용,여,30세,경상
2015080400100228,2015년 8월 4일 11시,화요일,전라남도 해남군 해남읍,경상사고,0,0,2,0,차대차 - 기타,안전거리미확보,건조,맑음,단일로 - 기타,승용,남,56세,상해없음,승용,남,58세,경상
2015080400100308,2015년 8월 4일 13시,화요일,전라남도 여수시 돌산읍,경상사고,0,0,1,0,차대사람 - 횡단중,보행자보호의무위반,건조,맑음,단일로 - 횡단보도상,승용,남,65세,상해없음,보행자,남,7세,경상
2015080400100309,2015년 8월 4일 13시,화요일,전라남도 장성군 장성읍,중상사고,0,1,0,0,차대사람 - 횡단중,안전운전불이행,건조,맑음,단일로 - 기타,승용,남,32세,상해없음,보행자,여,52세,중상
2015080400100338,2015년 8월 4일 14시,화요일,전라남도 여수시 화치동,경상사고,0,0,1,0,차대차 - 측면직각충돌,신호위반,건조,맑음,교차로 - 교차로안,승용,남,36세,상해없음,승용,남,32세,경상
2015080400100339,2015년 8월 4일 14시,화요일,전라남도 여수시 월내동,중상사고,0,1,3,0,차대차 - 정면충돌,신호위반,건조,맑음,교차로 - 교차로안,승용,남,47세,중상,화물,남,50세,경상
2015080400100340,2015년 8월 4일 14시,화요일,전라남도 영암군 삼호읍,중상사고,0,1,0,0,차대차 - 측면직각충돌,안전운전불이행,건조,맑음,교차로 - 교차로안,이륜,남,52세,중상,승합,남,62세,상해없음
2015080400100341,2015년 8월 4일 14시,화요일,전라남도 장성군 남면,경상사고,0,0,5,0,차대차 - 추돌 - 진행중,안전거리미확보,건조,맑음,단일로 - 기타,승용,남,22세,상해없음,승용,남,37세,경상
2015080400100457,2015년 8월 4일 17시,화요일,전라남도 목포시 대안동,경상사고,0,0,1,1,차대차 - 기타,교차로운행방법위반,건조,맑음,교차로 - 교차로안,승용,여,41세,부상신고,승용,남,33세,경상
2015080400100501,2015년 8월 4일 18시,화요일,전라남도 순천시 조례동,경상사고,0,0,1,0,차대차 - 기타,안전운전불이행,건조,맑음,단일로 - 기타,승용,남,55세,상해없음,승용,여,37세,경상
2015080400100502,2015년 8월 4일 18시,화요일,전라남도 고흥군 영남면,중상사고,0,1,1,0,차대차 - 측면직각충돌,교차로운행방법위반,건조,맑음,교차로 - 교차로안,승용,남,30세,상해없음,기타불명,남,62세,중상
2015080400100503,2015년 8월 4일 18시,화요일,전라남도 강진군 강진읍,경상사고,0,0,1,0,차대차 - 측면직각충돌,직진우회전진행방해,건조,맑음,교차로 - 교차로안,승용,남,65세,상해없음,원동기,남,44세,경상
2015080400100644,2015년 8월 4일 22시,화요일,전라남도 무안군 삼향읍,경상사고,0,0,4,0,차대차 - 추돌 - 주정차중,안전운전불이행,건조,맑음,교차로 - 교차로부근,승용,남,43세,경상,승용,여,29세,기타불명
2015080400100674,2015년 8월 4일 23시,화요일,전라남도 나주시 봉황면,부상신고사고,0,0,0,1,차량단독 - 공작물충돌,안전운전불이행,건조,맑음,교차로 - 교차로부근,승용,여,30세,부상신고,,,,
2015080500100055,2015년 8월 5일 03시,수요일,전라남도 목포시 상동,경상사고,0,0,1,0,차대차 - 기타,신호위반,건조,맑음,교차로 - 교차로안,승용,여,56세,상해없음,승용,남,25세,경상
2015080500100118,2015년 8월 5일 08시,수요일,전라남도 여수시 소라면,경상사고,0,0,4,0,차대차 - 추돌 - 진행중,안전거리미확보,건조,맑음,단일로 - 기타,승용,남,69세,경상,승용,남,34세,경상
2015080500100119,2015년 8월 5일 08시,수요일,전라남도 순천시 해룡면,경상사고,0,0,1,0,차대차 - 기타,안전거리미확보,건조,맑음,단일로 - 기타,승용,여,46세,상해없음,화물,남,59세,경상
2015080500100120,2015년 8월 5일 08시,수요일,전라남도 해남군 해남읍,경상사고,0,0,1,0,차대차 - 기타,안전거리미확보,건조,맑음,단일로 - 기타,승용,남,41세,상해없음,승합,남,55세,상해없음
2015080500100121,2015년 8월 5일 08시,수요일,전라남도 무안군 무안읍,경상사고,0,0,1,0,차대차 - 기타,안전운전불이행,건조,맑음,교차로 - 교차로안,승용,여,49세,기타불명,승용,여,38세,경상
2015080500100122,2015년 8월 5일 08시,수요일,전라남도 광양시 광양읍,중상사고,0,1,2,0,차대차 - 추돌 - 진행중,신호위반,건조,맑음,교차로 - 교차로안,승용,여,36세,상해없음,승용,남,63세,중상
2015080500100159,2015년 8월 5일 09시,수요일,전라남도 담양군 담양읍,경상사고,0,0,1,0,차대사람 - 기타,안전운전불이행,건조,맑음,단일로 - 기타,승용,남,41세,상해없음,보행자,남,38세,경상
2015080500100160,2015년 8월 5일 09시,수요일,전라남도 광양시 광영동,중상사고,0,1,0,0,차대사람 - 기타,안전운전불이행,건조,맑음,단일로 - 기타,화물,남,51세,상해없음,보행자,여,65세,중상
2015080500100196,2015년 8월 5일 10시,수요일,전라남도 순천시 석현동,중상사고,0,1,0,0,차대차 - 측면직각충돌,안전운전불이행,건조,맑음,단일로 - 기타,승용,여,49세,상해없음,이륜,남,70세,중상
2015080500100197,2015년 8월 5일 10시,수요일,전라남도 무안군 운남면,사망사고,1,0,3,0,차대차 - 측면직각충돌,신호위반,건조,맑음,교차로 - 교차로안,승용,남,40세,경상,승용,남,61세,경상
2015080500100198,2015년 8월 5일 10시,수요일,전라남도 광양시 마동,경상사고,0,0,1,0,차량단독 - 공작물충돌,안전운전불이행,건조,맑음,단일로 - 기타,화물,남,48세,경상,,,,
2015080500100224,2015년 8월 5일 11시,수요일,전라남도 광양시 광양읍,사망사고,1,0,0,0,차대차 - 추돌 - 주정차중,안전운전불이행,건조,맑음,단일로 - 기타,승용,남,54세,상해없음,농기계,남,74세,사망
2015080500100245,2015년 8월 5일 12시,수요일,전라남도 화순군 화순읍,중상사고,0,1,0,0,차대차 - 측면직각충돌,기타,건조,맑음,교차로 - 교차로안,이륜,남,16세,상해없음,승용,남,35세,상해없음
2015080500100276,2015년 8월 5일 13시,수요일,전라남도 순천시 왕지동,경상사고,0,0,1,0,차대차 - 기타,안전운전불이행,건조,맑음,교차로 - 교차로부근,승용,남,58세,상해없음,승용,여,40세,경상
2015080500100277,2015년 8월 5일 13시,수요일,전라남도 해남군 현산면,중상사고,0,4,1,0,차대차 - 추돌 - 진행중,과속,건조,맑음,단일로 - 기타,화물,남,47세,상해없음,승용,남,53세,중상
2015080500100278,2015년 8월 5일 13시,수요일,전라남도 담양군 담양읍,경상사고,0,0,1,0,차대사람 - 횡단중,안전운전불이행,건조,맑음,단일로 - 기타,승용,남,58세,상해없음,보행자,남,6세,경상
2015080500100279,2015년 8월 5일 13시,수요일,전라남도 담양군 창평면,경상사고,0,0,1,0,차대사람 - 횡단중,안전운전불이행,건조,맑음,단일로 - 기타,승용,남,81세,상해없음,보행자,여,81세,경상
2015080500100280,2015년 8월 5일 13시,수요일,전라남도 순천시 승주읍,경상사고,0,0,2,0,차대차 - 추돌 - 진행중,안전운전불이행,건조,맑음,단일로 - 기타,화물,남,36세,상해없음,승용,남,24세,경상
2015080500100321,2015년 8월 5일 14시,수요일,전라남도 장흥군 장흥읍,경상사고,0,0,2,0,차대사람 - 차도통행중,안전운전불이행,건조,맑음,단일로 - 기타,원동기,남,73세,상해없음,보행자,여,34세,경상
2015080500100389,2015년 8월 5일 16시,수요일,전라남도 여수시 소라면,경상사고,0,0,3,0,차대차 - 측면직각충돌,중앙선침범,건조,맑음,단일로 - 기타,승용,여,49세,상해없음,승용,여,32세,경상
2015080500100429,2015년 8월 5일 17시,수요일,전라남도 목포시 대양동,경상사고,0,0,1,0,차대차 - 측면직각충돌,안전운전불이행,건조,맑음,단일로 - 기타,승용,남,60세,상해없음,승용,남,30세,경상
2015080500100430,2015년 8월 5일 17시,수요일,전라남도 나주시 성북동,중상사고,0,1,0,0,차대사람 - 기타,안전운전불이행,건조,맑음,단일로 - 기타,승용,여,34세,상해없음,보행자,여,64세,중상
2015080500100431,2015년 8월 5일 17시,수요일,전라남도 강진군 칠량면,경상사고,0,0,5,0,차대차 - 추돌 - 주정차중,안전거리미확보,건조,맑음,단일로 - 기타,화물,남,42세,상해없음,승용,남,51세,경상
2015080500100432,2015년 8월 5일 17시,수요일,전라남도 곡성군 석곡면,경상사고,0,0,2,0,차대차 - 측면직각충돌,안전운전불이행,건조,맑음,교차로 - 교차로안,화물,남,44세,상해없음,승용,여,47세,경상
2015080500100479,2015년 8월 5일 18시,수요일,전라남도 목포시 상동,경상사고,0,0,1,0,차대차 - 측면직각충돌,안전운전불이행,건조,맑음,단일로 - 기타,승용,남,54세,상해없음,승용,남,45세,경상
2015080500100480,2015년 8월 5일 18시,수요일,전라남도 장성군 서삼면,경상사고,0,0,1,0,차량단독 - 공작물충돌,안전운전불이행,건조,맑음,단일로 - 기타,승용,여,53세,경상,,,,
2015080500100481,2015년 8월 5일 18시,수요일,전라남도 광양시 광양읍,중상사고,0,1,1,0,차대차 - 추돌 - 진행중,직진우회전진행방해,건조,맑음,교차로 - 교차로안,승용,남,65세,상해없음,승용,남,54세,경상
2015080500100517,2015년 8월 5일 19시,수요일,전라남도 목포시 산정동,경상사고,0,0,5,0,차대차 - 측면직각충돌,안전운전불이행,건조,맑음,단일로 - 기타,승용,여,67세,경상,승용,남,38세,경상
2015080500100518,2015년 8월 5일 19시,수요일,전라남도 고흥군 도화면,중상사고,0,2,0,0,차대사람 - 기타,안전운전불이행,건조,맑음,단일로 - 기타,화물,남,65세,상해없음,보행자,여,83세,중상
2015080500100544,2015년 8월 5일 20시,수요일,전라남도 순천시 풍덕동,중상사고,0,2,1,0,차대차 - 추돌 - 주정차중,안전운전불이행,건조,맑음,교차로 - 교차로부근,화물,남,45세,경상,승용,여,39세,중상
2015080500100545,2015년 8월 5일 20시,수요일,전라남도 해남군 해남읍,중상사고,0,1,1,0,차대차 - 기타,직진우회전진행방해,건조,맑음,교차로 - 교차로안,승용,여,61세,상해없음,승용,여,44세,중상
2015080500100547,2015년 8월 5일 20시,수요일,전라남도 무안군 망운면,중상사고,0,1,0,0,차량단독 - 기타,안전운전불이행,건조,맑음,단일로 - 기타,이륜,남,76세,중상,,,,
2015080500100615,2015년 8월 5일 22시,수요일,전라남도 목포시 용당동,경상사고,0,0,1,0,차대차 - 측면직각충돌,안전운전불이행,건조,맑음,단일로 - 기타,승용,남,28세,상해없음,승용,남,27세,경상
2015080600100052,2015년 8월 6일 04시,목요일,전라남도 여수시 신월동,부상신고사고,0,0,0,1,차대차 - 추돌 - 진행중,안전운전불이행,건조,맑음,단일로 - 기타,승용,남,50세,상해없음,승용,남,38세,부상신고
2015080600100072,2015년 8월 6일 06시,목요일,전라남도 나주시 문평면,중상사고,0,2,0,0,차대차 - 기타,안전운전불이행,기타,안개,교차로 - 교차로안,화물,남,55세,중상,승용,남,45세,중상
2015080600100121,2015년 8월 6일 08시,목요일,전라남도 나주시 공산면,경상사고,0,0,1,1,차대차 - 기타,직진우회전진행방해,건조,맑음,교차로 - 교차로안,승용,남,73세,부상신고,승용,여,37세,경상
2015080600100153,2015년 8월 6일 09시,목요일,전라남도 여수시 서교동,경상사고,0,0,1,0,차대차 - 측면직각충돌,안전운전불이행,건조,맑음,단일로 - 기타,이륜,남,21세,경상,승용,남,66세,상해없음
2015080600100154,2015년 8월 6일 09시,목요일,전라남도 곡성군 곡성읍,중상사고,0,1,0,0,차대차 - 추돌 - 진행중,기타,건조,맑음,단일로 - 기타,화물,남,34세,상해없음,원동기,남,76세,중상
2015080600100180,2015년 8월 6일 10시,목요일,전라남도 여수시 화양면,경상사고,0,0,1,0,차량단독 - 공작물충돌,안전운전불이행,건조,맑음,단일로 - 기타,승합,남,27세,경상,,,,
2015080600100181,2015년 8월 6일 10시,목요일,전라남도 강진군 강진읍,경상사고,0,0,3,0,차대차 - 측면직각충돌,기타,건조,맑음,교차로 - 교차로안,승용,여,54세,경상,승용,남,20세,경상
2015080600100217,2015년 8월 6일 11시,목요일,전라남도 나주시 세지면,경상사고,0,0,1,0,차대사람 - 기타,안전운전불이행,건조,맑음,단일로 - 기타,기타불명,기타불명,기타불명,기타불명,보행자,여,72세,경상
2015080600100218,2015년 8월 6일 11시,목요일,전라남도 영광군 군서면,경상사고,0,0,1,0,차대차 - 측면직각충돌,직진우회전진행방해,건조,맑음,교차로 - 교차로안,화물,남,54세,상해없음,이륜,남,70세,경상
2015080600100219,2015년 8월 6일 11시,목요일,전라남도 장성군 북하면,경상사고,0,0,1,0,차대사람 - 횡단중,안전운전불이행,건조,맑음,단일로 - 기타,승용,남,26세,상해없음,보행자,여,23세,경상
2015080600100249,2015년 8월 6일 12시,목요일,전라남도 여수시 웅천동,경상사고,0,0,2,0,차대차 - 측면직각충돌,안전운전불이행,건조,맑음,단일로 - 기타,승용,남,72세,상해없음,승용,여,48세,경상
2015080600100280,2015년 8월 6일 13시,목요일,전라남도 여수시 돌산읍,경상사고,0,0,4,0,차대차 - 측면직각충돌,교차로운행방법위반,건조,맑음,교차로 - 교차로안,승용,남,58세,상해없음,승용,남,37세,경상
2015080600100281,2015년 8월 6일 13시,목요일,전라남도 여수시 광무동,경상사고,0,0,3,0,차대차 - 추돌 - 진행중,교차로운행방법위반,건조,맑음,교차로 - 교차로부근,화물,남,61세,상해없음,승용,남,38세,경상
2015080600100315,2015년 8월 6일 14시,목요일,전라남도 여수시 중흥동,경상사고,0,0,2,0,차대차 - 측면직각충돌,교차로운행방법위반,건조,맑음,교차로 - 교차로안,승용,남,54세,경상,승용,남,51세,경상
2015080600100354,2015년 8월 6일 15시,목요일,전라남도 순천시 덕월동,중상사고,0,1,0,0,차대차 - 기타,안전거리미확보,건조,맑음,단일로 - 기타,승용,남,42세,상해없음,원동기,남,53세,중상
2015080600100355,2015년 8월 6일 15시,목요일,전라남도 나주시 삼영동,경상사고,0,0,1,0,차대차 - 측면직각충돌,신호위반,건조,맑음,교차로 - 교차로안,승용,남,33세,경상,화물,남,47세,상해없음
2015080600100356,2015년 8월 6일 15시,목요일,전라남도 광양시 옥룡면,중상사고,0,1,2,0,차량단독 - 도로외이탈 - 기타,안전운전불이행,건조,맑음,기타 - 기타,승용,남,54세,경상,,,,
2015080600100406,2015년 8월 6일 16시,목요일,전라남도 여수시 미평동,중상사고,0,1,0,0,차대사람 - 횡단중,보행자보호의무위반,건조,맑음,단일로 - 기타,승용,여,33세,상해없음,보행자,여,42세,중상
2015080600100407,2015년 8월 6일 16시,목요일,전라남도 영암군 영암읍,중상사고,0,1,1,0,차대차 - 측면직각충돌,신호위반,건조,맑음,교차로 - 교차로안,승용,여,43세,중상,화물,남,52세,경상
2015080600100447,2015년 8월 6일 17시,목요일,전라남도 여수시 화장동,경상사고,0,0,1,0,차대차 - 측면직각충돌,신호위반,건조,맑음,교차로 - 교차로안,승용,남,58세,상해없음,승용,여,39세,경상
2015080600100448,2015년 8월 6일 17시,목요일,전라남도 장흥군 장흥읍,경상사고,0,0,2,0,차대차 - 추돌 - 진행중,안전운전불이행,건조,맑음,단일로 - 기타,화물,남,62세,상해없음,승용,남,62세,경상
2015080600100449,2015년 8월 6일 17시,목요일,전라남도 장성군 장성읍,경상사고,0,0,1,0,차대차 - 측면직각충돌,안전운전불이행,건조,맑음,교차로 - 교차로안,원동기,남,79세,경상,승용,여,57세,상해없음
2015080600100488,2015년 8월 6일 18시,목요일,전라남도 목포시 산정동,경상사고,0,0,1,0,차대차 - 기타,안전운전불이행,기타,기타,기타 - 기타,이륜,남,17세,경상,승용,남,44세,상해없음
2015080600100489,2015년 8월 6일 18시,목요일,전라남도 순천시 매곡동,중상사고,0,1,0,0,차대차 - 기타,안전운전불이행,건조,맑음,단일로 - 기타,원동기,여,77세,중상,화물,남,51세,상해없음
2015080600100532,2015년 8월 6일 19시,목요일,전라남도 화순군 동복면,중상사고,0,1,3,0,차대차 - 측면직각충돌,중앙선침범,건조,맑음,교차로 - 교차로부근,화물,남,53세,경상,승용,남,44세,중상
2015080600100533,2015년 8월 6일 19시,목요일,전라남도 담양군 담양읍,경상사고,0,0,3,0,차대차 - 측면직각충돌,안전운전불이행,건조,맑음,교차로 - 교차로안,승용,남,50세,상해없음,승용,남,60세,경상
2015080600100587,2015년 8월 6일 20시,목요일,전라남도 목포시 축복동1가,경상사고,0,0,1,0,차대사람 - 기타,안전운전불이행,건조,맑음,기타 - 기타,승용,여,39세,상해없음,보행자,남,70세,경상
2015080600100588,2015년 8월 6일 20시,목요일,전라남도 목포시 옥암동,경상사고,0,0,2,0,차대차 - 기타,중앙선침범,기타,기타,교차로 - 교차로부근,이륜,남,18세,경상,이륜,남,42세,경상
2015080600100630,2015년 8월 6일 21시,목요일,전라남도 여수시 둔덕동,경상사고,0,0,3,0,차대차 - 추돌 - 진행중,안전운전불이행,건조,맑음,교차로 - 교차로부근,승용,남,50세,상해없음,승용,여,39세,경상
2015080600100657,2015년 8월 6일 22시,목요일,전라남도 여수시 봉산동,경상사고,0,0,2,0,차대차 - 정면충돌,교차로운행방법위반,건조,맑음,교차로 - 교차로안,이륜,남,29세,경상,승용,남,52세,상해없음
2015080600100679,2015년 8월 6일 23시,목요일,전라남도 강진군 대구면,경상사고,0,0,1,0,차량단독 - 공작물충돌,안전운전불이행,건조,맑음,단일로 - 기타,승용,남,52세,경상,,,,
2015080700100061,2015년 8월 7일 04시,금요일,전라남도 광양시 광양읍,중상사고,0,1,0,0,차대차 - 측면직각충돌,교차로운행방법위반,건조,기타,교차로 - 교차로안,화물,남,32세,상해없음,승용,남,63세,중상
2015080700100087,2015년 8월 7일 06시,금요일,전라남도 장성군 남면,경상사고,0,0,1,0,차대차 - 기타,안전운전불이행,건조,맑음,교차로 - 교차로안,승용,남,26세,상해없음,승용,남,48세,경상
2015080700100137,2015년 8월 7일 08시,금요일,전라남도 광양시 광양읍,경상사고,0,0,4,1,차대차 - 측면직각충돌,안전운전불이행,건조,맑음,기타 - 기타,건설기계,남,50세,부상신고,승용,남,46세,경상
2015080700100178,2015년 8월 7일 09시,금요일,전라남도 목포시 상동,경상사고,0,0,2,0,차대차 - 기타,안전운전불이행,건조,맑음,기타 - 기타,승용,여,60세,경상,승용,여,55세,경상
2015080700100179,2015년 8월 7일 09시,금요일,전라남도 여수시 학동,경상사고,0,0,1,0,차대차 - 측면직각충돌,안전거리미확보,건조,맑음,교차로 - 교차로부근,승용,남,64세,상해없음,승용,남,58세,경상
2015080700100209,2015년 8월 7일 10시,금요일,전라남도 목포시 동명동,중상사고,0,1,0,0,차대차 - 기타,안전운전불이행,건조,맑음,기타 - 기타,자전거,남,43세,중상,승용,남,36세,상해없음
2015080700100210,2015년 8월 7일 10시,금요일,전라남도 목포시 옥암동,중상사고,0,1,0,0,차대사람 - 기타,안전운전불이행,건조,맑음,교차로 - 교차로안,승용,여,52세,상해없음,보행자,남,52세,중상
2015080700100211,2015년 8월 7일 10시,금요일,전라남도 장성군 북하면,중상사고,0,1,0,0,차대차 - 기타,교차로운행방법위반,건조,맑음,교차로 - 교차로안,특수,남,48세,상해없음,이륜,남,69세,중상
2015080700100236,2015년 8월 7일 11시,금요일,전라남도 광양시 중동,중상사고,0,1,0,0,차대사람 - 보도통행중,중앙선침범,건조,맑음,기타 - 기타,화물,남,26세,상해없음,보행자,여,61세,중상
2015080700100271,2015년 8월 7일 12시,금요일,전라남도 여수시 화장동,사망사고,1,0,0,0,차대사람 - 횡단중,안전운전불이행,건조,맑음,교차로 - 교차로부근,화물,남,63세,상해없음,보행자,여,75세,사망
2015080700100272,2015년 8월 7일 12시,금요일,전라남도 무안군 삼향읍,중상사고,0,1,0,0,차대차 - 기타,신호위반,건조,맑음,교차로 - 교차로안,승용,남,58세,상해없음,자전거,남,63세,중상
2015080700100304,2015년 8월 7일 13시,금요일,전라남도 순천시 연향동,경상사고,0,0,3,0,차대차 - 기타,안전거리미확보,건조,맑음,단일로 - 기타,승용,남,51세,경상,화물,남,38세,경상
2015080700100334,2015년 8월 7일 14시,금요일,전라남도 여수시 여서동,중상사고,0,1,0,0,차량단독 - 도로외이탈 - 기타,안전운전불이행,건조,맑음,단일로 - 기타,승합,남,50세,상해없음,,,,
2015080700100363,2015년 8월 7일 15시,금요일,전라남도 목포시 석현동,경상사고,0,0,3,0,차대차 - 기타,안전운전불이행,건조,맑음,교차로 - 교차로부근,화물,남,68세,상해없음,승용,남,47세,상해없음
2015080700100364,2015년 8월 7일 15시,금요일,전라남도 고흥군 두원면,중상사고,0,1,0,0,차대사람 - 기타,안전운전불이행,건조,맑음,단일로 - 기타,화물,남,52세,상해없음,보행자,남,82세,중상
2015080700100365,2015년 8월 7일 15시,금요일,전라남도 무안군 일로읍,경상사고,0,0,1,0,차대차 - 측면직각충돌,안전운전불이행,건조,맑음,단일로 - 기타,승용,여,55세,경상,승용,남,26세,상해없음
2015080700100402,2015년 8월 7일 16시,금요일,전라남도 목포시 옥암동,경상사고,0,0,1,0,차대차 - 기타,안전운전불이행,건조,맑음,기타 - 기타,승용,남,68세,상해없음,자전거,남,20세,경상
2015080700100441,2015년 8월 7일 17시,금요일,전라남도 순천시 해룡면,경상사고,0,0,2,0,차대차 - 추돌 - 진행중,안전거리미확보,건조,맑음,단일로 - 터널,승용,여,33세,상해없음,승용,여,41세,경상
2015080700100492,2015년 8월 7일 18시,금요일,전라남도 순천시 조곡동,중상사고,0,1,0,0,차대차 - 기타,신호위반,건조,맑음,교차로 - 교차로부근,승용,남,64세,상해없음,자전거,남,20세,중상
2015080700100493,2015년 8월 7일 18시,금요일,전라남도 광양시 중동,중상사고,0,1,0,0,차대차 - 측면직각충돌,안전운전불이행,건조,맑음,교차로 - 교차로안,원동기,남,64세,중상,승용,남,53세,상해없음
2015080700100494,2015년 8월 7일 18시,금요일,전라남도 광양시 광양읍,경상사고,0,0,3,0,차대차 - 측면직각충돌,불법유턴,건조,맑음,단일로 - 기타,승용,여,37세,상해없음,승용,여,36세,경상
2015080700100558,2015년 8월 7일 20시,금요일,전라남도 여수시 웅천동,중상사고,0,2,1,0,차대차 - 정면충돌,안전운전불이행,건조,맑음,교차로 - 교차로안,승용,여,35세,상해없음,화물,남,49세,중상
2015080700100598,2015년 8월 7일 21시,금요일,전라남도 목포시 용당동,경상사고,0,0,1,0,차대차 - 기타,안전운전불이행,건조,맑음,기타 - 기타,승용,남,31세,경상,승용,여,66세,상해없음
2015080700100599,2015년 8월 7일 21시,금요일,전라남도 광양시 광양읍,중상사고,0,2,1,1,차대차 - 측면직각충돌,안전운전불이행,건조,맑음,교차로 - 교차로안,승용,여,51세,부상신고,승용,남,57세,경상
2015080800100017,2015년 8월 8일 00시,토요일,전라남도 목포시 산정동,사망사고,1,0,0,0,차대사람 - 횡단중,안전운전불이행,건조,맑음,기타 - 기타,승용,남,55세,상해없음,보행자,여,77세,사망
2015080800100018,2015년 8월 8일 00시,토요일,전라남도 강진군 성전면,경상사고,0,0,2,0,차대차 - 추돌 - 진행중,안전운전불이행,건조,맑음,단일로 - 기타,승용,여,56세,경상,승용,남,47세,경상
2015080800100038,2015년 8월 8일 01시,토요일,전라남도 목포시 옥암동,경상사고,0,0,2,0,차대차 - 추돌 - 진행중,신호위반,건조,맑음,교차로 - 교차로안,승용,남,32세,상해없음,승용,남,38세,경상
2015080800100054,2015년 8월 8일 02시,토요일,전라남도 장흥군 관산읍,경상사고,0,0,1,0,차량단독 - 도로외이탈 - 기타,안전운전불이행,건조,맑음,단일로 - 기타,이륜,남,35세,경상,,,,
2015080800100091,2015년 8월 8일 04시,토요일,전라남도 순천시 연향동,경상사고,0,0,3,0,차대차 - 측면직각충돌,안전운전불이행,건조,맑음,교차로 - 교차로안,승용,여,56세,상해없음,승용,남,26세,경상
2015080800100118,2015년 8월 8일 06시,토요일,전라남도 순천시 조곡동,경상사고,0,0,1,0,차대차 - 추돌 - 주정차중,안전운전불이행,건조,맑음,단일로 - 기타,화물,남,30세,상해없음,승용,남,63세,경상
2015080800100119,2015년 8월 8일 06시,토요일,전라남도 함평군 함평읍,부상신고사고,0,0,0,1,차대차 - 측면직각충돌,교차로운행방법위반,건조,맑음,교차로 - 교차로안,원동기,남,47세,부상신고,승용,남,45세,상해없음
2015080800100135,2015년 8월 8일 07시,토요일,전라남도 순천시 풍덕동,경상사고,0,0,1,0,차대차 - 기타,안전운전불이행,건조,맑음,단일로 - 기타,화물,남,47세,상해없음,자전거,여,57세,경상
2015080800100136,2015년 8월 8일 07시,토요일,전라남도 광양시 광양읍,중상사고,0,2,0,0,차대차 - 측면직각충돌,교차로운행방법위반,건조,맑음,교차로 - 교차로안,승용,남,47세,상해없음,승용,남,35세,중상
2015080800100212,2015년 8월 8일 10시,토요일,전라남도 담양군 수북면,경상사고,0,0,1,0,차대차 - 기타,신호위반,건조,맑음,교차로 - 교차로안,승용,여,37세,상해없음,자전거,여,72세,경상
2015080800100213,2015년 8월 8일 10시,토요일,전라남도 광양시 옥룡면,경상사고,0,0,4,3,차대차 - 추돌 - 진행중,안전거리미확보,건조,맑음,단일로 - 기타,승용,남,73세,상해없음,승용,남,37세,경상
2015080800100249,2015년 8월 8일 11시,토요일,전라남도 고흥군 포두면,사망사고,2,2,1,0,차대차 - 정면충돌,중앙선침범,건조,맑음,단일로 - 기타,화물,남,42세,경상,승용,남,45세,중상
2015080800100250,2015년 8월 8일 11시,토요일,전라남도 담양군 대전면,중상사고,0,1,3,0,차대차 - 기타,직진우회전진행방해,건조,맑음,교차로 - 교차로안,승용,남,72세,중상,화물,남,67세,경상
2015080800100284,2015년 8월 8일 12시,토요일,전라남도 목포시 산정동,경상사고,0,0,1,0,차대차 - 측면직각충돌,신호위반,건조,맑음,교차로 - 교차로안,승합,남,70세,상해없음,이륜,남,59세,경상
2015080800100285,2015년 8월 8일 12시,토요일,전라남도 순천시 용당동,부상신고사고,0,0,0,1,차대차 - 측면직각충돌,안전운전불이행,건조,맑음,단일로 - 기타,승용,남,47세,상해없음,자전거,남,18세,부상신고
2015080800100286,2015년 8월 8일 12시,토요일,전라남도 해남군 옥천면,경상사고,0,0,3,0,차대차 - 기타,중앙선침범,건조,맑음,단일로 - 기타,화물,남,58세,상해없음,승용,여,65세,경상
2015080800100287,2015년 8월 8일 12시,토요일,전라남도 담양군 대전면,경상사고,0,0,3,0,차대차 - 기타,직진우회전진행방해,건조,맑음,교차로 - 교차로안,승용,남,56세,상해없음,승용,남,43세,경상
2015080800100288,2015년 8월 8일 12시,토요일,전라남도 광양시 광영동,중상사고,0,1,0,0,차대차 - 측면직각충돌,불법유턴,건조,맑음,단일로 - 기타,화물,남,72세,상해없음,원동기,남,52세,중상
2015080800100321,2015년 8월 8일 13시,토요일,전라남도 여수시 서교동,경상사고,0,0,4,0,차대차 - 측면직각충돌,안전운전불이행,건조,맑음,교차로 - 교차로안,승용,남,24세,경상,화물,여,57세,경상