사고번호,사고일시,요일,시군구,사고내용,사망자수,중상자수,경상자수,부상신고자수,사고유형,법규위반,노면상태,기상상태,도로형태,가해운전자 차종,가해운전자 성별,가해운전자 연령,가해운전자 상해정도,피해운전자 차종,피해운전자 성별,피해운전자 연령,피해운전자 상해정도
2015080800100322,2015년 8월 8일 13시,토요일,전라남도 강진군 강진읍,경상사고,0,0,1,0,차대차 - 측면직각충돌,직진우회전진행방해,건조,맑음,교차로 - 교차로안,원동기,남,67세,경상,승용,남,33세,상해없음
2015080800100323,2015년 8월 8일 13시,토요일,전라남도 무안군 망운면,경상사고,0,0,2,0,차대차 - 정면충돌,중앙선침범,건조,맑음,교차로 - 교차로부근,승용,남,58세,기타불명,승용,여,22세,경상
2015080800100324,2015년 8월 8일 13시,토요일,전라남도 무안군 무안읍,경상사고,0,0,1,0,차대차 - 측면직각충돌,신호위반,건조,흐림,교차로 - 교차로안,승용,남,79세,상해없음,승용,남,34세,상해없음
2015080800100325,2015년 8월 8일 13시,토요일,전라남도 광양시 옥룡면,경상사고,0,0,1,0,차량단독 - 공작물충돌,안전운전불이행,건조,맑음,교차로 - 교차로안,이륜,남,37세,경상,,,,
2015080800100355,2015년 8월 8일 14시,토요일,전라남도 담양군 고서면,경상사고,0,0,6,0,차대차 - 기타,안전운전불이행,습기,비,단일로 - 기타,화물,남,70세,경상,승용,남,60세,경상
2015080800100356,2015년 8월 8일 14시,토요일,전라남도 완도군 신지면,경상사고,0,0,1,0,차대차 - 추돌 - 주정차중,안전운전불이행,건조,맑음,교차로 - 교차로안,화물,남,46세,경상,승용,남,40세,기타불명
2015080800100403,2015년 8월 8일 15시,토요일,전라남도 광양시 광양읍,중상사고,0,1,0,0,차대차 - 기타,직진우회전진행방해,건조,맑음,교차로 - 교차로안,승용,남,65세,상해없음,자전거,남,76세,중상
2015080800100443,2015년 8월 8일 16시,토요일,전라남도 순천시 서면,중상사고,0,1,2,0,차대차 - 추돌 - 주정차중,안전운전불이행,건조,맑음,단일로 - 기타,승용,남,52세,상해없음,승용,여,27세,경상
2015080800100444,2015년 8월 8일 16시,토요일,전라남도 장흥군 장흥읍,중상사고,0,2,3,0,차대차 - 기타,안전운전불이행,건조,맑음,교차로 - 교차로부근,승용,여,71세,경상,화물,여,57세,중상
2015080800100491,2015년 8월 8일 17시,토요일,전라남도 목포시 석현동,경상사고,0,0,1,0,차대차 - 측면직각충돌,안전운전불이행,건조,맑음,교차로 - 교차로부근,이륜,남,17세,경상,승용,남,35세,상해없음
2015080800100492,2015년 8월 8일 17시,토요일,전라남도 나주시 남평읍,경상사고,0,0,1,1,차대차 - 측면직각충돌,교차로운행방법위반,건조,맑음,교차로 - 교차로안,승용,남,48세,부상신고,승용,남,51세,기타불명
2015080800100534,2015년 8월 8일 18시,토요일,전라남도 여수시 봉산동,경상사고,0,0,3,0,차대차 - 추돌 - 주정차중,안전운전불이행,건조,맑음,단일로 - 기타,화물,여,46세,상해없음,승용,여,36세,경상
2015080800100535,2015년 8월 8일 18시,토요일,전라남도 여수시 신기동,경상사고,0,0,1,0,차대차 - 측면직각충돌,차로위반,건조,맑음,단일로 - 기타,승용,남,19세,상해없음,승용,남,29세,경상
2015080800100536,2015년 8월 8일 18시,토요일,전라남도 곡성군 곡성읍,중상사고,0,1,0,0,차대사람 - 횡단중,보행자보호의무위반,건조,맑음,단일로 - 횡단보도상,화물,남,59세,상해없음,보행자,여,6세,중상
2015080800100566,2015년 8월 8일 19시,토요일,전라남도 담양군 봉산면,경상사고,0,0,1,0,차대차 - 기타,직진우회전진행방해,건조,맑음,교차로 - 교차로안,원동기,남,63세,경상,승용,남,54세,상해없음
2015080800100631,2015년 8월 8일 21시,토요일,전라남도 목포시 산정동,경상사고,0,0,2,0,차대차 - 기타,안전거리미확보,건조,맑음,단일로 - 기타,승용,남,44세,상해없음,승용,남,53세,경상
2015080800100632,2015년 8월 8일 21시,토요일,전라남도 여수시 종화동,경상사고,0,0,4,0,차대차 - 측면직각충돌,직진우회전진행방해,건조,맑음,교차로 - 교차로안,승용,남,23세,경상,승용,여,25세,경상
2015080800100633,2015년 8월 8일 21시,토요일,전라남도 장흥군 용산면,중상사고,0,1,2,0,차대차 - 측면직각충돌,중앙선침범,건조,맑음,단일로 - 기타,승용,여,52세,경상,화물,남,46세,경상
2015080800100660,2015년 8월 8일 22시,토요일,전라남도 여수시 국동,중상사고,0,1,0,0,차대사람 - 횡단중,안전운전불이행,건조,맑음,교차로 - 교차로안,승용,여,56세,상해없음,보행자,여,52세,중상
2015080800100661,2015년 8월 8일 22시,토요일,전라남도 광양시 마동,경상사고,0,0,1,0,차대차 - 추돌 - 진행중,교차로운행방법위반,건조,맑음,교차로 - 교차로부근,승합,남,72세,상해없음,원동기,남,22세,경상
2015080800100690,2015년 8월 8일 23시,토요일,전라남도 화순군 화순읍,중상사고,0,1,0,0,차대차 - 추돌 - 진행중,교차로운행방법위반,건조,기타,교차로 - 교차로안,승용,남,52세,상해없음,승용,여,51세,중상
2015080900100073,2015년 8월 9일 05시,일요일,전라남도 목포시 상동,경상사고,0,0,3,0,차대차 - 측면직각충돌,중앙선침범,건조,맑음,단일로 - 기타,승용,남,36세,상해없음,승용,남,24세,경상
2015080900100104,2015년 8월 9일 07시,일요일,전라남도 나주시 동강면,중상사고,0,1,0,0,차대차 - 측면직각충돌,교차로운행방법위반,습기,안개,교차로 - 교차로안,화물,남,66세,상해없음,원동기,남,64세,중상
2015080900100105,2015년 8월 9일 07시,일요일,전라남도 고흥군 풍양면,중상사고,0,1,0,0,차대차 - 측면직각충돌,교차로운행방법위반,건조,맑음,교차로 - 교차로안,승용,남,68세,상해없음,원동기,남,46세,중상
2015080900100106,2015년 8월 9일 07시,일요일,전라남도 영암군 미암면,경상사고,0,0,1,0,차대차 - 기타,신호위반,건조,맑음,교차로 - 교차로안,승용,남,78세,상해없음,승합,남,46세,경상
2015080900100122,2015년 8월 9일 09시,일요일,전라남도 목포시 옥암동,경상사고,0,0,2,0,차대차 - 측면직각충돌,안전운전불이행,건조,맑음,교차로 - 교차로안,승용,여,38세,경상,승용,남,28세,경상
2015080900100147,2015년 8월 9일 10시,일요일,전라남도 순천시 연향동,경상사고,0,0,1,0,차대차 - 기타,중앙선침범,건조,맑음,교차로 - 교차로부근,승용,남,54세,상해없음,승용,여,60세,경상
2015080900100148,2015년 8월 9일 10시,일요일,전라남도 고흥군 포두면,경상사고,0,0,2,0,차량단독 - 전도전복,안전운전불이행,건조,맑음,단일로 - 기타,화물,남,49세,경상,,,,
2015080900100173,2015년 8월 9일 11시,일요일,전라남도 영암군 영암읍,경상사고,0,0,2,0,차대차 - 기타,직진우회전진행방해,건조,맑음,교차로 - 교차로안,이륜,남,79세,경상,승용,여,29세,상해없음
2015080900100221,2015년 8월 9일 13시,일요일,전라남도 여수시 화양면,경상사고,0,0,1,0,차대차 - 추돌 - 진행중,안전운전불이행,건조,맑음,단일로 - 기타,승용,남,49세,기타불명,승용,여,45세,경상
2015080900100247,2015년 8월 9일 14시,일요일,전라남도 목포시 연산동,경상사고,0,0,1,0,차대차 - 측면직각충돌,안전운전불이행,건조,맑음,단일로 - 기타,화물,남,60세,상해없음,승용,남,36세,경상
2015080900100248,2015년 8월 9일 14시,일요일,전라남도 여수시 소라면,경상사고,0,0,5,0,차대차 - 추돌 - 주정차중,안전운전불이행,건조,맑음,단일로 - 기타,특수,남,55세,상해없음,승용,여,65세,경상
2015080900100267,2015년 8월 9일 15시,일요일,전라남도 보성군 복내면,경상사고,0,0,2,0,차대차 - 측면직각충돌,중앙선침범,건조,맑음,단일로 - 기타,화물,남,36세,경상,승용,여,41세,경상
2015080900100268,2015년 8월 9일 15시,일요일,전라남도 강진군 칠량면,경상사고,0,0,3,0,차대차 - 기타,안전운전불이행,건조,맑음,교차로 - 교차로안,승용,남,61세,상해없음,승용,남,51세,경상
2015080900100269,2015년 8월 9일 15시,일요일,전라남도 광양시 옥룡면,경상사고,0,0,5,0,차대차 - 추돌 - 진행중,안전거리미확보,건조,맑음,단일로 - 기타,승용,남,32세,상해없음,승용,남,35세,경상
2015080900100300,2015년 8월 9일 16시,일요일,전라남도 함평군 해보면,경상사고,0,0,3,0,차대차 - 측면직각충돌,안전운전불이행,건조,맑음,단일로 - 기타,승용,남,60세,상해없음,승용,여,41세,경상
2015080900100330,2015년 8월 9일 17시,일요일,전라남도 목포시 행복동1가,중상사고,0,4,2,0,차대차 - 추돌 - 진행중,안전운전불이행,건조,맑음,단일로 - 기타,승용,남,35세,상해없음,승용,남,30세,경상
2015080900100356,2015년 8월 9일 18시,일요일,전라남도 목포시 옥암동,경상사고,0,0,1,0,차대차 - 측면직각충돌,신호위반,건조,맑음,교차로 - 교차로안,승용,남,42세,상해없음,이륜,남,22세,경상
2015080900100357,2015년 8월 9일 18시,일요일,전라남도 광양시 금호동,경상사고,0,0,1,0,차대차 - 측면직각충돌,교차로운행방법위반,건조,맑음,교차로 - 교차로안,화물,남,33세,상해없음,승용,남,35세,경상
2015080900100395,2015년 8월 9일 19시,일요일,전라남도 순천시 주암면,부상신고사고,0,0,0,1,차량단독 - 공작물충돌,안전운전불이행,건조,흐림,단일로 - 기타,화물,남,56세,부상신고,,,,
2015080900100396,2015년 8월 9일 19시,일요일,전라남도 완도군 완도읍,경상사고,0,0,1,0,차대차 - 추돌 - 진행중,안전운전불이행,건조,맑음,단일로 - 기타,승용,여,43세,상해없음,화물,남,23세,경상
2015080900100432,2015년 8월 9일 20시,일요일,전라남도 목포시 상동,경상사고,0,0,2,0,차대차 - 측면직각충돌,신호위반,건조,맑음,교차로 - 교차로안,이륜,남,36세,상해없음,승용,남,72세,경상
2015080900100433,2015년 8월 9일 20시,일요일,전라남도 광양시 광양읍,경상사고,0,0,2,0,차대차 - 추돌 - 진행중,안전운전불이행,건조,맑음,교차로 - 교차로안,승용,남,62세,상해없음,승용,남,31세,경상
2015080900100483,2015년 8월 9일 22시,일요일,전라남도 나주시 영산동,경상사고,0,0,2,0,차대차 - 측면직각충돌,차로위반,건조,맑음,단일로 - 교량,승용,여,18세,경상,승용,여,26세,경상
2015081000100017,2015년 8월 10일 01시,월요일,전라남도 목포시 옥암동,중상사고,0,2,2,0,차대차 - 측면직각충돌,안전운전불이행,건조,맑음,교차로 - 교차로안,승용,남,26세,경상,승용,남,58세,중상
2015081000100018,2015년 8월 10일 01시,월요일,전라남도 영광군 영광읍,중상사고,0,2,0,0,차대차 - 측면직각충돌,직진우회전진행방해,건조,맑음,교차로 - 교차로안,화물,남,51세,상해없음,이륜,남,16세,중상
2015081000100044,2015년 8월 10일 04시,월요일,전라남도 장성군 남면,경상사고,0,0,2,0,차대차 - 추돌 - 진행중,안전운전불이행,건조,맑음,단일로 - 기타,화물,남,46세,경상,화물,남,48세,경상
2015081000100053,2015년 8월 10일 05시,월요일,전라남도 목포시 산정동,중상사고,0,1,0,0,차대사람 - 횡단중,중앙선침범,건조,맑음,교차로 - 교차로부근,승용,남,69세,상해없음,보행자,여,79세,중상
2015081000100063,2015년 8월 10일 06시,월요일,전라남도 고흥군 도화면,중상사고,0,1,2,0,차대차 - 측면직각충돌,안전운전불이행,건조,맑음,교차로 - 교차로안,화물,남,58세,경상,화물,남,55세,경상
2015081000100113,2015년 8월 10일 08시,월요일,전라남도 목포시 연산동,경상사고,0,0,1,0,차대차 - 추돌 - 주정차중,안전운전불이행,건조,맑음,단일로 - 기타,승용,여,42세,상해없음,승용,남,30세,경상
2015081000100143,2015년 8월 10일 09시,월요일,전라남도 여수시 봉계동,경상사고,0,0,1,0,차대차 - 추돌 - 진행중,안전운전불이행,건조,맑음,단일로 - 기타,화물,남,56세,상해없음,승용,여,39세,경상
2015081000100144,2015년 8월 10일 09시,월요일,전라남도 순천시 해룡면,경상사고,0,0,2,0,차대차 - 측면직각충돌,안전운전불이행,건조,맑음,교차로 - 교차로안,승용,남,60세,상해없음,승용,남,41세,경상
2015081000100173,2015년 8월 10일 10시,월요일,전라남도 담양군 창평면,중상사고,0,1,0,0,차대차 - 측면직각충돌,교차로운행방법위반,건조,맑음,교차로 - 교차로안,승용,여,45세,상해없음,이륜,남,81세,중상
2015081000100209,2015년 8월 10일 11시,월요일,전라남도 여수시 여서동,경상사고,0,0,1,0,차대차 - 추돌 - 주정차중,안전운전불이행,건조,맑음,단일로 - 기타,승용,남,32세,상해없음,승용,남,72세,경상
2015081000100210,2015년 8월 10일 11시,월요일,전라남도 영암군 삼호읍,중상사고,0,1,2,0,차대차 - 측면직각충돌,신호위반,건조,맑음,교차로 - 교차로안,이륜,남,46세,경상,승용,여,36세,경상
2015081000100240,2015년 8월 10일 12시,월요일,전라남도 목포시 동명동,경상사고,0,0,1,0,차대사람 - 길가장자리구역통행중,기타,건조,맑음,단일로 - 기타,기타불명,기타불명,기타불명,기타불명,보행자,남,16세,경상
2015081000100241,2015년 8월 10일 12시,월요일,전라남도 고흥군 도양읍,중상사고,0,1,0,0,차대사람 - 기타,안전운전불이행,건조,맑음,단일로 - 기타,화물,남,49세,상해없음,보행자,남,61세,중상
2015081000100242,2015년 8월 10일 12시,월요일,전라남도 화순군 화순읍,경상사고,0,0,1,0,차대차 - 측면직각충돌,안전운전불이행,건조,맑음,단일로 - 기타,원동기,남,53세,경상,승용,여,55세,상해없음
2015081000100286,2015년 8월 10일 13시,월요일,전라남도 목포시 옥암동,경상사고,0,0,3,0,차대차 - 기타,안전운전불이행,건조,맑음,단일로 - 기타,승용,남,32세,상해없음,승합,남,40세,경상
2015081000100287,2015년 8월 10일 13시,월요일,전라남도 순천시 남정동,중상사고,0,1,0,0,차대차 - 측면직각충돌,안전운전불이행,건조,맑음,단일로 - 기타,자전거,남,18세,중상,승용,여,54세,상해없음
2015081000100289,2015년 8월 10일 13시,월요일,전라남도 광양시 금호동,중상사고,0,1,0,0,차대차 - 기타,안전운전불이행,건조,맑음,단일로 - 횡단보도상,승용,남,73세,상해없음,자전거,여,7세,중상
2015081000100368,2015년 8월 10일 15시,월요일,전라남도 곡성군 오곡면,경상사고,0,0,1,0,차대사람 - 기타,안전운전불이행,건조,맑음,단일로 - 기타,승용,남,52세,상해없음,보행자,남,30세,경상
2015081000100407,2015년 8월 10일 16시,월요일,전라남도 목포시 상락동2가,중상사고,0,1,0,0,차대사람 - 차도통행중,안전운전불이행,건조,맑음,단일로 - 기타,화물,남,34세,상해없음,보행자,여,79세,중상
2015081000100408,2015년 8월 10일 16시,월요일,전라남도 여수시 학동,중상사고,0,1,0,0,차대차 - 측면직각충돌,직진우회전진행방해,건조,맑음,교차로 - 교차로안,화물,남,54세,상해없음,자전거,남,15세,중상
2015081000100409,2015년 8월 10일 16시,월요일,전라남도 장흥군 장흥읍,경상사고,0,0,3,0,차대차 - 측면직각충돌,신호위반,건조,맑음,교차로 - 교차로안,승용,여,56세,경상,승용,여,35세,경상
2015081000100410,2015년 8월 10일 16시,월요일,전라남도 함평군 대동면,중상사고,0,1,0,0,차량단독 - 도로외이탈 - 기타,안전운전불이행,건조,맑음,단일로 - 기타,원동기,남,76세,중상,,,,
2015081000100411,2015년 8월 10일 16시,월요일,전라남도 영암군 삼호읍,경상사고,0,0,3,0,차대차 - 측면직각충돌,신호위반,건조,맑음,교차로 - 교차로안,화물,남,41세,경상,승합,여,39세,경상
2015081000100412,2015년 8월 10일 16시,월요일,전라남도 완도군 완도읍,경상사고,0,0,5,0,차량단독 - 공작물충돌,안전운전불이행,건조,맑음,단일로 - 기타,승용,남,20세,경상,,,,
2015081000100451,2015년 8월 10일 17시,월요일,전라남도 나주시 송월동,중상사고,0,1,0,0,차대차 - 측면직각충돌,안전운전불이행,건조,맑음,교차로 - 교차로안,승용,여,55세,상해없음,원동기,남,65세,중상
2015081000100452,2015년 8월 10일 17시,월요일,전라남도 무안군 청계면,경상사고,0,0,3,0,차대차 - 추돌 - 진행중,안전운전불이행,건조,맑음,교차로 - 교차로부근,승용,여,46세,기타불명,승용,여,45세,경상
2015081000100492,2015년 8월 10일 18시,월요일,전라남도 목포시 상동,경상사고,0,0,2,0,차대차 - 추돌 - 진행중,안전거리미확보,건조,맑음,단일로 - 기타,승용,남,27세,상해없음,승용,여,43세,경상
2015081000100603,2015년 8월 10일 21시,월요일,전라남도 나주시 남외동,경상사고,0,0,1,0,차대사람 - 길가장자리구역통행중,안전운전불이행,건조,맑음,교차로 - 교차로부근,승용,남,23세,상해없음,보행자,여,69세,경상
2015081000100639,2015년 8월 10일 22시,월요일,전라남도 여수시 여서동,중상사고,0,1,0,0,차대사람 - 횡단중,안전운전불이행,건조,맑음,단일로 - 기타,승용,남,58세,상해없음,보행자,남,23세,중상
2015081000100666,2015년 8월 10일 23시,월요일,전라남도 목포시 상동,경상사고,0,0,3,0,차대차 - 추돌 - 진행중,기타,건조,맑음,단일로 - 기타,승용,남,17세,상해없음,승용,남,63세,경상
2015081100100064,2015년 8월 11일 05시,화요일,전라남도 장성군 서삼면,중상사고,0,1,3,10,차량단독 - 전도전복,안전운전불이행,건조,맑음,단일로 - 기타,승합,남,40세,경상,,,,
2015081100100065,2015년 8월 11일 05시,화요일,전라남도 광양시 금호동,경상사고,0,0,1,0,차대차 - 기타,안전운전불이행,습기,흐림,단일로 - 기타,특수,남,52세,상해없음,이륜,남,71세,경상
2015081100100128,2015년 8월 11일 08시,화요일,전라남도 목포시 옥암동,경상사고,0,0,1,0,차대차 - 추돌 - 진행중,안전운전불이행,건조,맑음,단일로 - 기타,특수,남,40세,상해없음,승용,남,45세,경상
2015081100100129,2015년 8월 11일 08시,화요일,전라남도 영광군 염산면,사망사고,1,0,2,0,차대차 - 측면직각충돌,중앙선침범,건조,맑음,단일로 - 기타,화물,남,66세,사망,화물,남,42세,경상
2015081100100155,2015년 8월 11일 09시,화요일,전라남도 목포시 산정동,경상사고,0,0,3,0,차대차 - 기타,안전운전불이행,습기,비,단일로 - 기타,승용,여,32세,경상,화물,남,58세,경상
2015081100100156,2015년 8월 11일 09시,화요일,전라남도 신안군 팔금면,경상사고,0,0,2,0,차대차 - 기타,교차로운행방법위반,습기,흐림,교차로 - 교차로안,화물,남,67세,경상,화물,남,38세,경상
2015081100100220,2015년 8월 11일 11시,화요일,전라남도 장흥군 용산면,중상사고,0,1,0,0,차대차 - 측면직각충돌,교차로운행방법위반,건조,맑음,교차로 - 교차로안,이륜,여,75세,중상,화물,여,62세,상해없음
2015081100100221,2015년 8월 11일 11시,화요일,전라남도 강진군 신전면,경상사고,0,0,2,0,차대차 - 기타,중앙선침범,건조,맑음,단일로 - 기타,승용,남,59세,상해없음,화물,여,55세,경상
2015081100100222,2015년 8월 11일 11시,화요일,전라남도 광양시 광양읍,경상사고,0,0,1,0,차대차 - 기타,직진우회전진행방해,건조,맑음,교차로 - 교차로안,자전거,남,61세,경상,화물,남,37세,상해없음
2015081100100253,2015년 8월 11일 12시,화요일,전라남도 곡성군 죽곡면,중상사고,0,1,0,0,차대차 - 추돌 - 진행중,안전운전불이행,습기,비,단일로 - 기타,승용,남,53세,상해없음,승용,여,36세,중상
2015081100100254,2015년 8월 11일 12시,화요일,전라남도 광양시 광양읍,경상사고,0,0,1,0,차량단독 - 공작물충돌,안전운전불이행,건조,맑음,단일로 - 기타,승용,남,39세,경상,,,,
2015081100100293,2015년 8월 11일 13시,화요일,전라남도 목포시 산정동,중상사고,0,1,0,0,차대차 - 기타,안전운전불이행,건조,맑음,단일로 - 기타,이륜,남,65세,중상,승용,남,70세,상해없음
2015081100100326,2015년 8월 11일 14시,화요일,전라남도 목포시 산정동,중상사고,0,1,0,0,차대차 - 기타,안전운전불이행,습기,흐림,단일로 - 기타,화물,남,67세,상해없음,이륜,남,33세,중상
2015081100100327,2015년 8월 11일 14시,화요일,전라남도 여수시 화양면,경상사고,0,0,1,0,차대차 - 추돌 - 주정차중,안전운전불이행,건조,흐림,교차로 - 교차로부근,건설기계,남,53세,상해없음,화물,남,68세,경상
2015081100100328,2015년 8월 11일 14시,화요일,전라남도 영암군 삼호읍,경상사고,0,0,3,0,차대차 - 측면직각충돌,안전운전불이행,습기,비,교차로 - 교차로안,화물,남,26세,경상,화물,남,50세,경상
2015081100100329,2015년 8월 11일 14시,화요일,전라남도 영암군 삼호읍,경상사고,0,0,1,0,차대차 - 측면직각충돌,중앙선침범,건조,맑음,단일로 - 기타,승용,남,45세,상해없음,승용,남,61세,경상
2015081100100330,2015년 8월 11일 14시,화요일,전라남도 담양군 담양읍,경상사고,0,0,1,1,차대차 - 측면직각충돌,직진우회전진행방해,습기,비,교차로 - 교차로안,승용,남,57세,부상신고,화물,남,47세,상해없음
2015081100100331,2015년 8월 11일 14시,화요일,전라남도 무안군 삼향읍,경상사고,0,0,1,0,차대차 - 측면직각충돌,신호위반,습기,흐림,교차로 - 교차로안,건설기계,남,63세,상해없음,승용,남,49세,경상
2015081100100332,2015년 8월 11일 14시,화요일,전라남도 구례군 산동면,중상사고,0,1,0,0,차대사람 - 기타,안전운전불이행,건조,맑음,단일로 - 기타,승용,여,22세,상해없음,보행자,여,81세,중상
2015081100100368,2015년 8월 11일 15시,화요일,전라남도 목포시 동명동,경상사고,0,0,1,0,차대차 - 기타,신호위반,습기,흐림,교차로 - 교차로안,화물,남,24세,상해없음,화물,남,42세,경상
2015081100100369,2015년 8월 11일 15시,화요일,전라남도 목포시 옥암동,경상사고,0,0,1,0,차대차 - 기타,안전운전불이행,습기,비,단일로 - 기타,화물,남,30세,상해없음,승용,남,55세,경상
2015081100100370,2015년 8월 11일 15시,화요일,전라남도 여수시 여서동,경상사고,0,0,1,0,차대사람 - 횡단중,신호위반,건조,흐림,단일로 - 횡단보도상,승용,남,38세,상해없음,보행자,남,6세,경상
2015081100100371,2015년 8월 11일 15시,화요일,전라남도 함평군 신광면,경상사고,0,0,3,0,차대차 - 측면직각충돌,직진우회전진행방해,습기,비,교차로 - 교차로안,승용,남,55세,경상,화물,남,64세,경상
2015081100100406,2015년 8월 11일 16시,화요일,전라남도 순천시 해룡면,중상사고,0,1,0,0,차대차 - 기타,중앙선침범,건조,맑음,단일로 - 기타,화물,남,53세,상해없음,화물,남,54세,중상
2015081100100407,2015년 8월 11일 16시,화요일,전라남도 나주시 노안면,중상사고,0,1,0,0,차량단독 - 도로외이탈 - 기타,안전운전불이행,습기,비,단일로 - 기타,화물,남,54세,중상,,,,
2015081100100444,2015년 8월 11일 17시,화요일,전라남도 영암군 영암읍,중상사고,0,1,0,0,차대차 - 추돌 - 진행중,안전운전불이행,습기,비,단일로 - 기타,승합,남,60세,상해없음,승용,여,51세,중상
2015081100100485,2015년 8월 11일 18시,화요일,전라남도 영광군 군서면,중상사고,0,1,6,0,차대차 - 정면충돌,중앙선침범,건조,맑음,단일로 - 기타,화물,남,53세,상해없음,승용,남,62세,경상
2015081100100486,2015년 8월 11일 18시,화요일,전라남도 목포시 산정동,경상사고,0,0,1,0,차대차 - 기타,안전운전불이행,습기,비,교차로 - 교차로부근,화물,기타불명,기타불명,기타불명,승용,여,49세,경상
2015081100100487,2015년 8월 11일 18시,화요일,전라남도 목포시 옥암동,경상사고,0,0,2,0,차대차 - 기타,안전운전불이행,습기,비,단일로 - 기타,승합,남,44세,상해없음,승용,여,50세,경상
2015081100100488,2015년 8월 11일 18시,화요일,전라남도 목포시 동명동,경상사고,0,0,1,0,차대차 - 기타,신호위반,습기,비,교차로 - 교차로안,화물,남,59세,상해없음,화물,남,26세,경상
2015081100100489,2015년 8월 11일 18시,화요일,전라남도 영광군 영광읍,중상사고,0,1,0,0,차대차 - 측면직각충돌,교차로운행방법위반,습기,비,교차로 - 교차로안,승용,남,39세,상해없음,승용,여,36세,중상
2015081100100490,2015년 8월 11일 18시,화요일,전라남도 영암군 삼호읍,경상사고,0,0,2,0,차대차 - 측면직각충돌,안전운전불이행,습기,비,단일로 - 기타,승용,남,58세,경상,승용,남,61세,경상
2015081100100491,2015년 8월 11일 18시,화요일,전라남도 광양시 금호동,경상사고,0,0,1,0,차대차 - 기타,교차로운행방법위반,습기,비,교차로 - 교차로안,승합,남,68세,상해없음,화물,남,42세,상해없음
2015081100100533,2015년 8월 11일 19시,화요일,전라남도 목포시 산정동,중상사고,0,1,3,0,차대차 - 기타,안전운전불이행,습기,비,단일로 - 기타,승용,남,56세,경상,승용,남,50세,상해없음
2015081100100571,2015년 8월 11일 20시,화요일,전라남도 해남군 해남읍,부상신고사고,0,0,0,1,차대사람 - 기타,안전운전불이행,건조,맑음,단일로 - 기타,승용,남,51세,상해없음,보행자,남,48세,부상신고
2015081100100572,2015년 8월 11일 20시,화요일,전라남도 해남군 해남읍,경상사고,0,0,3,0,차대차 - 기타,안전운전불이행,습기,비,단일로 - 기타,승용,여,40세,기타불명,승용,여,39세,경상
2015081100100624,2015년 8월 11일 21시,화요일,전라남도 여수시 화장동,경상사고,0,0,3,0,차대차 - 추돌 - 진행중,안전운전불이행,습기,비,교차로 - 교차로부근,승용,남,76세,경상,승용,여,65세,경상
2015081100100625,2015년 8월 11일 21시,화요일,전라남도 고흥군 고흥읍,경상사고,0,0,3,0,차대차 - 측면직각충돌,교차로운행방법위반,습기,비,교차로 - 교차로안,승용,여,60세,경상,승용,남,60세,경상
2015081100100626,2015년 8월 11일 21시,화요일,전라남도 광양시 중동,경상사고,0,0,1,0,차대차 - 측면직각충돌,교차로운행방법위반,습기,비,교차로 - 교차로안,승용,남,41세,상해없음,승용,남,58세,경상
2015081100100658,2015년 8월 11일 22시,화요일,전라남도 여수시 신기동,경상사고,0,0,2,0,차대차 - 추돌 - 주정차중,안전운전불이행,습기,비,교차로 - 교차로안,승용,남,39세,상해없음,승용,남,38세,경상
2015081100100659,2015년 8월 11일 22시,화요일,전라남도 여수시 미평동,경상사고,0,0,1,0,차대차 - 정면충돌,안전운전불이행,습기,비,교차로 - 교차로부근,승용,남,23세,상해없음,승용,남,38세,경상
2015081100100660,2015년 8월 11일 22시,화요일,전라남도 순천시 조곡동,중상사고,0,1,2,0,차대차 - 추돌 - 주정차중,안전거리미확보,습기,비,단일로 - 횡단보도부근,승용,남,47세,상해없음,승용,남,38세,경상
2015081100100703,2015년 8월 11일 23시,화요일,전라남도 목포시 용당동,중상사고,0,1,1,0,차대차 - 기타,안전운전불이행,습기,흐림,단일로 - 기타,화물,남,58세,중상,승용,남,58세,상해없음
2015081200100081,2015년 8월 12일 06시,수요일,전라남도 순천시 해룡면,경상사고,0,0,1,0,차대차 - 기타,중앙선침범,습기,흐림,단일로 - 기타,승용,남,26세,상해없음,승용,남,31세,경상
2015081200100082,2015년 8월 12일 06시,수요일,전라남도 고흥군 포두면,경상사고,0,0,1,0,차대차 - 측면직각충돌,중앙선침범,건조,맑음,단일로 - 기타,승합,남,47세,상해없음,승용,남,36세,경상
2015081200100096,2015년 8월 12일 07시,수요일,전라남도 광양시 마동,사망사고,1,0,0,0,차량단독 - 전도전복,안전운전불이행,습기,비,단일로 - 기타,승용,남,51세,사망,,,,
2015081200100188,2015년 8월 12일 10시,수요일,전라남도 광양시 중동,경상사고,0,0,3,1,차대차 - 측면직각충돌,직진우회전진행방해,건조,맑음,교차로 - 교차로안,승용,남,35세,부상신고,승용,여,52세,경상
2015081200100255,2015년 8월 12일 12시,수요일,전라남도 신안군 팔금면,경상사고,0,0,3,0,차대차 - 측면직각충돌,안전운전불이행,건조,맑음,교차로 - 교차로안,화물,남,57세,기타불명,승용,여,60세,경상
2015081200100320,2015년 8월 12일 14시,수요일,전라남도 나주시 왕곡면,경상사고,0,0,1,0,차량단독 - 도로외이탈 - 기타,안전운전불이행,건조,맑음,단일로 - 기타,원동기,남,64세,경상,,,,