사고번호,사고일시,요일,시군구,사고내용,사망자수,중상자수,경상자수,부상신고자수,사고유형,법규위반,노면상태,기상상태,도로형태,가해운전자 차종,가해운전자 성별,가해운전자 연령,가해운전자 상해정도,피해운전자 차종,피해운전자 성별,피해운전자 연령,피해운전자 상해정도
2015081200100321,2015년 8월 12일 14시,수요일,전라남도 진도군 진도읍,경상사고,0,0,1,0,차량단독 - 공작물충돌,안전운전불이행,건조,맑음,단일로 - 기타,승용,남,46세,상해없음,,,,
2015081200100357,2015년 8월 12일 15시,수요일,전라남도 나주시 산포면,경상사고,0,0,2,1,차대차 - 측면직각충돌,직진우회전진행방해,건조,맑음,교차로 - 교차로안,승용,남,50세,경상,승용,남,43세,경상
2015081200100358,2015년 8월 12일 15시,수요일,전라남도 함평군 손불면,경상사고,0,0,1,0,차량단독 - 공작물충돌,안전운전불이행,건조,맑음,단일로 - 기타,승용,남,54세,경상,,,,
2015081200100396,2015년 8월 12일 16시,수요일,전라남도 순천시 연향동,경상사고,0,0,2,0,차대차 - 기타,안전거리미확보,건조,맑음,단일로 - 기타,승용,여,51세,경상,승용,남,40세,상해없음
2015081200100397,2015년 8월 12일 16시,수요일,전라남도 순천시 조례동,경상사고,0,0,3,0,차대차 - 추돌 - 진행중,안전거리미확보,건조,맑음,교차로 - 교차로부근,승합,남,52세,상해없음,승용,여,45세,경상
2015081200100398,2015년 8월 12일 16시,수요일,전라남도 영암군 삼호읍,경상사고,0,0,1,0,차대차 - 측면직각충돌,신호위반,건조,맑음,교차로 - 교차로안,승용,여,52세,기타불명,승용,여,44세,경상
2015081200100399,2015년 8월 12일 16시,수요일,전라남도 완도군 완도읍,경상사고,0,0,3,0,차대차 - 기타,안전운전불이행,건조,맑음,단일로 - 기타,승용,여,52세,상해없음,승용,남,61세,경상
2015081200100437,2015년 8월 12일 17시,수요일,전라남도 여수시 학동,중상사고,0,1,0,0,차대사람 - 횡단중,안전운전불이행,건조,맑음,단일로 - 횡단보도상,승합,남,68세,상해없음,보행자,여,56세,중상
2015081200100438,2015년 8월 12일 17시,수요일,전라남도 해남군 북평면,경상사고,0,0,1,0,차대차 - 추돌 - 주정차중,안전운전불이행,건조,흐림,교차로 - 교차로부근,승용,남,23세,상해없음,승용,남,43세,경상
2015081200100473,2015년 8월 12일 18시,수요일,전라남도 목포시 상동,경상사고,0,0,1,0,차대사람 - 보도통행중,안전운전불이행,건조,맑음,단일로 - 기타,승용,여,51세,상해없음,보행자,남,15세,경상
2015081200100474,2015년 8월 12일 18시,수요일,전라남도 순천시 덕암동,경상사고,0,0,2,0,차대차 - 기타,안전운전불이행,습기,비,교차로 - 교차로부근,승용,여,63세,경상,승용,남,24세,경상
2015081200100475,2015년 8월 12일 18시,수요일,전라남도 고흥군 금산면,중상사고,0,1,0,0,차대차 - 정면충돌,중앙선침범,건조,맑음,단일로 - 기타,화물,남,60세,기타불명,승용,남,58세,중상
2015081200100476,2015년 8월 12일 18시,수요일,전라남도 화순군 화순읍,경상사고,0,0,1,0,차대차 - 기타,기타,건조,맑음,단일로 - 기타,승합,남,54세,상해없음,원동기,남,48세,경상
2015081200100477,2015년 8월 12일 18시,수요일,전라남도 광양시 중동,경상사고,0,0,1,0,차대차 - 기타,안전운전불이행,건조,맑음,단일로 - 기타,승용,남,55세,상해없음,승용,여,37세,경상
2015081200100558,2015년 8월 12일 20시,수요일,전라남도 여수시 고소동,경상사고,0,0,1,0,차대사람 - 횡단중,보행자보호의무위반,건조,맑음,단일로 - 횡단보도상,승용,남,43세,상해없음,보행자,남,43세,경상
2015081200100559,2015년 8월 12일 20시,수요일,전라남도 순천시 서면,중상사고,0,1,1,0,차대차 - 기타,안전운전불이행,건조,맑음,단일로 - 기타,승용,여,69세,상해없음,승용,여,38세,중상
2015081200100560,2015년 8월 12일 20시,수요일,전라남도 화순군 화순읍,경상사고,0,0,1,0,차대사람 - 차도통행중,안전운전불이행,건조,맑음,기타 - 기타,승용,여,32세,상해없음,보행자,남,49세,경상
2015081200100596,2015년 8월 12일 21시,수요일,전라남도 무안군 삼향읍,경상사고,0,0,1,0,차대사람 - 차도통행중,안전운전불이행,건조,맑음,단일로 - 기타,승용,남,37세,상해없음,보행자,여,50세,경상
2015081200100622,2015년 8월 12일 22시,수요일,전라남도 순천시 연향동,경상사고,0,0,1,0,차대차 - 기타,안전운전불이행,건조,맑음,교차로 - 교차로부근,자전거,남,56세,경상,승용,남,59세,상해없음
2015081300100017,2015년 8월 13일 00시,목요일,전라남도 광양시 광양읍,경상사고,0,0,1,0,차대사람 - 기타,안전운전불이행,건조,맑음,교차로 - 교차로안,승용,남,40세,상해없음,보행자,여,24세,경상
2015081300100036,2015년 8월 13일 01시,목요일,전라남도 순천시 연향동,경상사고,0,0,1,0,차대차 - 정면충돌,중앙선침범,습기,비,단일로 - 기타,승용,여,57세,상해없음,승용,남,47세,경상
2015081300100051,2015년 8월 13일 02시,목요일,전라남도 영암군 삼호읍,경상사고,0,0,2,0,차대차 - 추돌 - 진행중,안전운전불이행,건조,맑음,교차로 - 교차로안,승용,남,30세,경상,화물,남,41세,경상
2015081300100134,2015년 8월 13일 08시,목요일,전라남도 여수시 돌산읍,중상사고,0,1,1,0,차대차 - 측면직각충돌,교차로운행방법위반,건조,맑음,교차로 - 교차로안,승용,남,46세,경상,승용,남,46세,상해없음
2015081300100135,2015년 8월 13일 08시,목요일,전라남도 완도군 소안면,중상사고,0,1,0,0,차대차 - 기타,안전운전불이행,건조,맑음,단일로 - 기타,기타불명,기타불명,기타불명,기타불명,자전거,여,64세,중상
2015081300100177,2015년 8월 13일 09시,목요일,전라남도 목포시 산정동,경상사고,0,0,2,0,차대차 - 기타,차로위반,건조,맑음,단일로 - 교량,승용,여,47세,경상,화물,남,48세,경상
2015081300100178,2015년 8월 13일 09시,목요일,전라남도 고흥군 고흥읍,경상사고,0,0,1,0,차대차 - 기타,교차로운행방법위반,건조,맑음,교차로 - 교차로안,화물,남,58세,상해없음,승용,여,61세,경상
2015081300100200,2015년 8월 13일 10시,목요일,전라남도 고흥군 도양읍,중상사고,0,1,0,0,차대차 - 기타,안전운전불이행,건조,맑음,단일로 - 기타,이륜,남,82세,중상,승합,남,77세,상해없음
2015081300100230,2015년 8월 13일 11시,목요일,전라남도 순천시 가곡동,중상사고,0,1,0,0,차대차 - 추돌 - 진행중,안전거리미확보,건조,맑음,단일로 - 기타,원동기,남,74세,상해없음,승용,여,43세,상해없음
2015081300100269,2015년 8월 13일 12시,목요일,전라남도 장흥군 관산읍,사망사고,1,0,0,0,차량단독 - 전도전복,안전운전불이행,건조,맑음,단일로 - 기타,이륜,남,75세,사망,,,,
2015081300100299,2015년 8월 13일 13시,목요일,전라남도 나주시 금천면,중상사고,0,1,3,1,차대차 - 기타,안전운전불이행,건조,맑음,단일로 - 기타,화물,남,47세,부상신고,승용,남,71세,중상
2015081300100333,2015년 8월 13일 14시,목요일,전라남도 영광군 영광읍,경상사고,0,0,1,0,차대차 - 기타,교차로운행방법위반,건조,맑음,교차로 - 교차로안,승용,여,52세,상해없음,화물,남,38세,경상
2015081300100369,2015년 8월 13일 15시,목요일,전라남도 목포시 산정동,경상사고,0,0,3,0,차대차 - 기타,직진우회전진행방해,건조,맑음,교차로 - 교차로안,승용,남,26세,경상,승용,남,38세,경상
2015081300100370,2015년 8월 13일 15시,목요일,전라남도 여수시 중앙동,경상사고,0,0,1,0,차대차 - 측면직각충돌,안전운전불이행,건조,맑음,교차로 - 교차로안,이륜,남,42세,상해없음,승용,남,70세,경상
2015081300100404,2015년 8월 13일 16시,목요일,전라남도 목포시 상동,경상사고,0,0,1,0,차대사람 - 기타,안전운전불이행,건조,맑음,단일로 - 기타,승용,남,26세,상해없음,보행자,여,58세,경상
2015081300100405,2015년 8월 13일 16시,목요일,전라남도 순천시 조례동,경상사고,0,0,1,0,차대차 - 추돌 - 주정차중,안전거리미확보,건조,맑음,단일로 - 기타,화물,남,20세,상해없음,승용,여,38세,경상
2015081300100406,2015년 8월 13일 16시,목요일,전라남도 나주시 성북동,경상사고,0,0,1,0,차대차 - 기타,안전운전불이행,건조,맑음,교차로 - 교차로안,승용,남,48세,상해없음,원동기,남,18세,경상
2015081300100441,2015년 8월 13일 17시,목요일,전라남도 순천시 조례동,경상사고,0,0,1,0,차대사람 - 기타,안전운전불이행,건조,맑음,기타 - 기타,승용,남,56세,상해없음,보행자,여,54세,경상
2015081300100492,2015년 8월 13일 18시,목요일,전라남도 여수시 문수동,경상사고,0,0,1,0,차대차 - 추돌 - 주정차중,안전운전불이행,건조,맑음,단일로 - 기타,승용,남,39세,상해없음,승용,남,36세,경상
2015081300100493,2015년 8월 13일 18시,목요일,전라남도 영암군 삼호읍,경상사고,0,0,1,0,차대차 - 측면직각충돌,안전운전불이행,건조,맑음,교차로 - 교차로안,승용,남,35세,상해없음,이륜,남,55세,경상
2015081300100494,2015년 8월 13일 18시,목요일,전라남도 완도군 완도읍,중상사고,0,1,0,0,차량단독 - 전도전복,안전운전불이행,건조,맑음,단일로 - 기타,승용,남,37세,중상,,,,
2015081300100540,2015년 8월 13일 19시,목요일,전라남도 담양군 고서면,경상사고,0,0,1,0,차대차 - 측면직각충돌,신호위반,건조,맑음,교차로 - 교차로안,이륜,남,40세,상해없음,승용,여,41세,경상
2015081300100583,2015년 8월 13일 20시,목요일,전라남도 순천시 황전면,부상신고사고,0,0,0,1,차량단독 - 기타,안전운전불이행,건조,맑음,단일로 - 기타,승용,남,52세,부상신고,,,,
2015081300100584,2015년 8월 13일 20시,목요일,전라남도 화순군 화순읍,경상사고,0,0,1,0,차대사람 - 차도통행중,안전운전불이행,건조,맑음,교차로 - 교차로안,승용,남,50세,상해없음,보행자,남,18세,경상
2015081300100691,2015년 8월 13일 23시,목요일,전라남도 여수시 소라면,중상사고,0,1,0,0,차대차 - 측면직각충돌,교차로운행방법위반,건조,맑음,교차로 - 교차로안,승용,남,39세,상해없음,이륜,남,40세,중상
2015081300100692,2015년 8월 13일 23시,목요일,전라남도 진도군 군내면,경상사고,0,0,2,0,차대차 - 추돌 - 진행중,안전운전불이행,습기,안개,단일로 - 교량,승용,남,57세,상해없음,승용,여,43세,경상
2015081400100041,2015년 8월 14일 01시,금요일,전라남도 광양시 광양읍,경상사고,0,0,1,0,차대차 - 측면직각충돌,교차로운행방법위반,건조,맑음,교차로 - 교차로안,승용,남,52세,상해없음,승용,여,30세,상해없음
2015081400100086,2015년 8월 14일 04시,금요일,전라남도 목포시 광동1가,경상사고,0,0,1,0,차대차 - 측면직각충돌,직진우회전진행방해,건조,맑음,교차로 - 교차로안,승용,남,65세,상해없음,원동기,남,28세,경상
2015081400100095,2015년 8월 14일 05시,금요일,전라남도 여수시 여서동,경상사고,0,0,1,0,차대사람 - 횡단중,안전운전불이행,건조,기타,교차로 - 교차로부근,승용,남,61세,상해없음,보행자,남,31세,경상
2015081400100111,2015년 8월 14일 06시,금요일,전라남도 목포시 상동,중상사고,0,1,0,0,차량단독 - 기타,안전운전불이행,건조,맑음,단일로 - 기타,자전거,남,20세,중상,,,,
2015081400100112,2015년 8월 14일 06시,금요일,전라남도 순천시 별량면,부상신고사고,0,0,0,1,차량단독 - 도로외이탈 - 추락,안전운전불이행,건조,맑음,교차로 - 교차로부근,승합,남,52세,부상신고,,,,
2015081400100126,2015년 8월 14일 07시,금요일,전라남도 장흥군 장흥읍,중상사고,0,1,0,0,차량단독 - 전도전복,기타,건조,맑음,단일로 - 기타,농기계,남,77세,중상,,,,
2015081400100127,2015년 8월 14일 07시,금요일,전라남도 광양시 중동,경상사고,0,0,1,0,차대차 - 측면직각충돌,직진우회전진행방해,건조,맑음,교차로 - 교차로안,승용,남,45세,경상,승용,남,48세,상해없음
2015081400100149,2015년 8월 14일 08시,금요일,전라남도 목포시 대안동,경상사고,0,0,2,0,차대차 - 기타,안전운전불이행,건조,맑음,단일로 - 기타,승용,남,28세,상해없음,화물,남,39세,경상
2015081400100150,2015년 8월 14일 08시,금요일,전라남도 보성군 웅치면,경상사고,0,0,3,0,차대차 - 측면직각충돌,기타,건조,맑음,단일로 - 기타,승용,남,49세,상해없음,승용,남,32세,경상
2015081400100234,2015년 8월 14일 11시,금요일,전라남도 여수시 여서동,중상사고,0,1,3,0,차대차 - 추돌 - 진행중,안전운전불이행,건조,맑음,교차로 - 교차로안,승용,남,41세,경상,승용,남,54세,경상
2015081400100235,2015년 8월 14일 11시,금요일,전라남도 고흥군 도양읍,경상사고,0,0,5,0,차대차 - 기타,안전운전불이행,건조,맑음,단일로 - 기타,화물,남,52세,경상,승용,남,67세,경상
2015081400100236,2015년 8월 14일 11시,금요일,전라남도 고흥군 도양읍,경상사고,0,0,1,0,차대차 - 기타,안전운전불이행,건조,맑음,단일로 - 기타,원동기,남,72세,경상,화물,남,47세,상해없음
2015081400100237,2015년 8월 14일 11시,금요일,전라남도 장성군 북하면,경상사고,0,0,1,0,차대차 - 기타,안전운전불이행,건조,맑음,교차로 - 교차로안,승용,여,34세,상해없음,승용,여,54세,경상
2015081400100280,2015년 8월 14일 12시,금요일,전라남도 목포시 산정동,경상사고,0,0,2,0,차대차 - 측면직각충돌,안전운전불이행,건조,맑음,단일로 - 기타,승용,남,77세,상해없음,승용,여,38세,경상
2015081400100281,2015년 8월 14일 12시,금요일,전라남도 순천시 주암면,중상사고,0,1,0,0,차량단독 - 기타,안전운전불이행,건조,맑음,단일로 - 기타,승용,남,35세,중상,,,,
2015081400100282,2015년 8월 14일 12시,금요일,전라남도 화순군 도곡면,중상사고,0,1,0,0,차대사람 - 기타,안전운전불이행,건조,맑음,단일로 - 기타,승용,남,54세,상해없음,보행자,남,6세,중상
2015081400100314,2015년 8월 14일 13시,금요일,전라남도 목포시 산정동,경상사고,0,0,2,0,차대차 - 측면직각충돌,안전거리미확보,건조,맑음,단일로 - 기타,화물,남,52세,상해없음,승용,여,49세,경상
2015081400100315,2015년 8월 14일 13시,금요일,전라남도 여수시 교동,중상사고,0,1,0,0,차대사람 - 횡단중,안전운전불이행,건조,맑음,단일로 - 기타,승용,남,22세,상해없음,보행자,여,67세,중상
2015081400100316,2015년 8월 14일 13시,금요일,전라남도 담양군 금성면,경상사고,0,0,1,0,차대차 - 추돌 - 진행중,안전운전불이행,건조,맑음,단일로 - 기타,승용,여,51세,상해없음,자전거,남,82세,경상
2015081400100317,2015년 8월 14일 13시,금요일,전라남도 완도군 완도읍,경상사고,0,0,4,0,차대차 - 기타,중앙선침범,건조,맑음,단일로 - 기타,승용,남,44세,상해없음,승용,남,41세,경상
2015081400100318,2015년 8월 14일 13시,금요일,전라남도 광양시 광양읍,경상사고,0,0,1,0,차대차 - 추돌 - 진행중,교차로운행방법위반,건조,맑음,교차로 - 교차로안,승용,남,36세,상해없음,승용,남,40세,상해없음
2015081400100357,2015년 8월 14일 14시,금요일,전라남도 여수시 율촌면,경상사고,0,0,2,0,차대차 - 추돌 - 진행중,안전운전불이행,건조,맑음,교차로 - 교차로안,승용,기타불명,기타불명,기타불명,승용,여,48세,경상
2015081400100358,2015년 8월 14일 14시,금요일,전라남도 여수시 수정동,중상사고,0,1,0,0,차대차 - 추돌 - 주정차중,안전운전불이행,건조,맑음,단일로 - 기타,화물,남,50세,상해없음,승용,여,34세,중상
2015081400100393,2015년 8월 14일 15시,금요일,전라남도 장성군 남면,사망사고,1,0,0,0,차대차 - 기타,안전운전불이행,건조,맑음,단일로 - 기타,화물,남,60세,상해없음,농기계,남,78세,사망
2015081400100439,2015년 8월 14일 16시,금요일,전라남도 순천시 장천동,경상사고,0,0,2,0,차대차 - 추돌 - 주정차중,안전운전불이행,건조,맑음,교차로 - 교차로안,승용,여,55세,상해없음,승용,여,54세,경상
2015081400100440,2015년 8월 14일 16시,금요일,전라남도 화순군 화순읍,중상사고,0,1,0,0,차대차 - 기타,안전운전불이행,건조,맑음,교차로 - 교차로부근,화물,남,58세,상해없음,승용,남,35세,중상
2015081400100441,2015년 8월 14일 16시,금요일,전라남도 강진군 마량면,경상사고,0,0,3,0,차대차 - 기타,안전운전불이행,건조,맑음,교차로 - 교차로안,승용,여,40세,경상,화물,남,39세,경상
2015081400100551,2015년 8월 14일 19시,금요일,전라남도 여수시 서교동,경상사고,0,0,1,0,차대사람 - 횡단중,안전운전불이행,건조,맑음,단일로 - 기타,승용,남,61세,상해없음,보행자,여,56세,경상
2015081400100630,2015년 8월 14일 21시,금요일,전라남도 순천시 용당동,중상사고,0,1,0,0,차대차 - 기타,신호위반,건조,맑음,교차로 - 교차로안,승용,남,42세,상해없음,이륜,남,51세,중상
2015081400100659,2015년 8월 14일 22시,금요일,전라남도 목포시 산정동,경상사고,0,0,3,0,차대차 - 측면직각충돌,중앙선침범,건조,맑음,단일로 - 기타,승용,남,38세,상해없음,승용,여,37세,경상
2015081500100052,2015년 8월 15일 02시,토요일,전라남도 목포시 석현동,중상사고,0,1,1,0,차대차 - 측면직각충돌,신호위반,건조,맑음,교차로 - 교차로안,승용,남,34세,상해없음,승용,남,41세,경상
2015081500100063,2015년 8월 15일 03시,토요일,전라남도 광양시 중동,중상사고,0,1,2,0,차대차 - 측면직각충돌,교차로운행방법위반,건조,맑음,교차로 - 교차로안,승용,여,61세,상해없음,승용,남,58세,경상
2015081500100107,2015년 8월 15일 06시,토요일,전라남도 완도군 군외면,경상사고,0,0,2,0,차량단독 - 공작물충돌,안전운전불이행,건조,맑음,단일로 - 기타,화물,남,53세,경상,,,,
2015081500100162,2015년 8월 15일 09시,토요일,전라남도 순천시 풍덕동,중상사고,0,1,0,0,차대차 - 기타,직진우회전진행방해,건조,맑음,교차로 - 교차로안,원동기,남,77세,중상,화물,남,37세,상해없음
2015081500100163,2015년 8월 15일 09시,토요일,전라남도 강진군 강진읍,중상사고,0,1,1,0,차대차 - 측면직각충돌,직진우회전진행방해,건조,맑음,교차로 - 교차로안,원동기,남,82세,경상,승용,남,47세,상해없음
2015081500100164,2015년 8월 15일 09시,토요일,전라남도 강진군 도암면,경상사고,0,0,1,0,차대차 - 측면직각충돌,직진우회전진행방해,건조,맑음,교차로 - 교차로안,이륜,남,73세,상해없음,원동기,남,76세,경상
2015081500100188,2015년 8월 15일 10시,토요일,전라남도 목포시 대양동,경상사고,0,0,1,0,차대차 - 측면직각충돌,안전운전불이행,건조,맑음,교차로 - 교차로부근,승용,남,67세,상해없음,승용,남,34세,경상
2015081500100213,2015년 8월 15일 11시,토요일,전라남도 장성군 북이면,경상사고,0,0,1,0,차량단독 - 기타,안전운전불이행,건조,맑음,단일로 - 횡단보도부근,농기계,남,51세,경상,,,,
2015081500100214,2015년 8월 15일 11시,토요일,전라남도 장성군 삼서면,경상사고,0,0,1,0,차대차 - 정면충돌,안전운전불이행,건조,맑음,단일로 - 기타,건설기계,남,43세,상해없음,승용,남,49세,경상
2015081500100238,2015년 8월 15일 12시,토요일,전라남도 목포시 동명동,경상사고,0,0,2,0,차대차 - 기타,안전운전불이행,건조,맑음,교차로 - 교차로안,화물,남,41세,경상,화물,남,61세,경상
2015081500100239,2015년 8월 15일 12시,토요일,전라남도 여수시 신기동,경상사고,0,0,3,0,차대차 - 추돌 - 진행중,안전운전불이행,건조,맑음,단일로 - 기타,승용,남,36세,상해없음,이륜,남,57세,경상
2015081500100240,2015년 8월 15일 12시,토요일,전라남도 장성군 남면,경상사고,0,0,1,0,차대차 - 기타,안전거리미확보,건조,맑음,단일로 - 터널,승용,남,23세,상해없음,승용,남,35세,상해없음
2015081500100241,2015년 8월 15일 12시,토요일,전라남도 곡성군 오곡면,경상사고,0,0,3,0,차대차 - 추돌 - 주정차중,안전운전불이행,건조,맑음,단일로 - 기타,화물,남,34세,상해없음,승용,남,40세,경상
2015081500100268,2015년 8월 15일 13시,토요일,전라남도 순천시 해룡면,중상사고,0,1,0,0,차대사람 - 횡단중,신호위반,건조,맑음,단일로 - 횡단보도상,승용,여,44세,상해없음,보행자,여,50세,중상
2015081500100295,2015년 8월 15일 14시,토요일,전라남도 영광군 군서면,사망사고,1,2,0,0,차대차 - 정면충돌,중앙선침범,건조,맑음,단일로 - 기타,승용,남,74세,중상,화물,남,69세,사망
2015081500100296,2015년 8월 15일 14시,토요일,전라남도 담양군 고서면,경상사고,0,0,3,0,차대차 - 추돌 - 주정차중,안전거리미확보,건조,맑음,단일로 - 기타,승용,남,52세,상해없음,화물,남,43세,경상
2015081500100343,2015년 8월 15일 16시,토요일,전라남도 목포시 대의동1가,경상사고,0,0,3,0,차대차 - 추돌 - 주정차중,안전운전불이행,건조,맑음,단일로 - 기타,승용,남,53세,상해없음,승용,남,30세,경상
2015081500100344,2015년 8월 15일 16시,토요일,전라남도 영암군 삼호읍,경상사고,0,0,1,0,차대차 - 추돌 - 진행중,안전운전불이행,건조,맑음,교차로 - 교차로부근,승용,남,47세,기타불명,승용,남,34세,상해없음
2015081500100345,2015년 8월 15일 16시,토요일,전라남도 강진군 신전면,중상사고,0,2,4,0,차대차 - 기타,기타,건조,맑음,교차로 - 교차로안,승용,남,24세,중상,승용,여,27세,경상
2015081500100346,2015년 8월 15일 16시,토요일,전라남도 장성군 남면,경상사고,0,0,2,0,차대차 - 추돌 - 진행중,안전운전불이행,건조,맑음,단일로 - 기타,화물,남,49세,기타불명,승용,남,61세,경상
2015081500100386,2015년 8월 15일 17시,토요일,전라남도 목포시 산정동,경상사고,0,0,2,0,차대차 - 기타,안전운전불이행,건조,맑음,단일로 - 기타,승용,남,60세,경상,승용,남,57세,경상
2015081500100387,2015년 8월 15일 17시,토요일,전라남도 영암군 삼호읍,경상사고,0,0,1,0,차대차 - 기타,안전운전불이행,건조,맑음,단일로 - 기타,승용,남,41세,상해없음,승합,남,65세,상해없음
2015081500100410,2015년 8월 15일 18시,토요일,전라남도 목포시 호남동,경상사고,0,0,3,0,차대차 - 측면직각충돌,차로위반,건조,맑음,단일로 - 기타,승용,남,52세,경상,승용,남,52세,경상
2015081500100411,2015년 8월 15일 18시,토요일,전라남도 여수시 신월동,경상사고,0,0,1,0,차대차 - 측면직각충돌,안전운전불이행,건조,맑음,단일로 - 횡단보도상,승용,남,51세,상해없음,자전거,남,48세,경상
2015081500100444,2015년 8월 15일 19시,토요일,전라남도 목포시 산정동,경상사고,0,0,1,0,차대차 - 추돌 - 진행중,안전운전불이행,건조,맑음,단일로 - 기타,승용,남,48세,상해없음,승용,남,53세,상해없음
2015081500100445,2015년 8월 15일 19시,토요일,전라남도 영광군 군서면,경상사고,0,0,3,0,차대차 - 측면직각충돌,직진우회전진행방해,건조,맑음,교차로 - 교차로안,승합,남,46세,상해없음,화물,남,65세,경상
2015081500100446,2015년 8월 15일 19시,토요일,전라남도 화순군 화순읍,경상사고,0,0,1,0,차대차 - 측면직각충돌,안전운전불이행,건조,맑음,교차로 - 교차로안,승용,여,36세,상해없음,승용,여,41세,경상
2015081500100522,2015년 8월 15일 21시,토요일,전라남도 여수시 종화동,중상사고,0,1,2,0,차대차 - 추돌 - 주정차중,안전운전불이행,건조,맑음,단일로 - 기타,이륜,남,53세,중상,승용,남,52세,상해없음
2015081500100523,2015년 8월 15일 21시,토요일,전라남도 순천시 해룡면,경상사고,0,0,1,0,차대차 - 기타,안전운전불이행,건조,맑음,교차로 - 교차로안,승용,남,34세,상해없음,승용,남,22세,경상
2015081500100575,2015년 8월 15일 23시,토요일,전라남도 순천시 해룡면,중상사고,0,1,3,0,차대차 - 측면직각충돌,안전운전불이행,건조,맑음,단일로 - 기타,승용,남,50세,경상,승용,남,40세,중상
2015081600100016,2015년 8월 16일 00시,일요일,전라남도 목포시 상동,경상사고,0,0,1,0,차대차 - 측면직각충돌,교차로운행방법위반,건조,맑음,교차로 - 교차로안,승용,남,15세,기타불명,승용,남,63세,경상
2015081600100072,2015년 8월 16일 05시,일요일,전라남도 여수시 돌산읍,경상사고,0,0,1,1,차대차 - 측면직각충돌,안전운전불이행,건조,맑음,단일로 - 기타,농기계,남,78세,경상,화물,남,56세,상해없음
2015081600100111,2015년 8월 16일 08시,일요일,전라남도 해남군 북평면,중상사고,0,2,0,0,차대차 - 추돌 - 진행중,안전운전불이행,건조,맑음,단일로 - 기타,승용,남,44세,상해없음,승용,남,51세,중상
2015081600100129,2015년 8월 16일 09시,일요일,전라남도 영암군 삼호읍,경상사고,0,0,5,0,차대차 - 정면충돌,신호위반,건조,맑음,교차로 - 교차로안,화물,남,38세,경상,승용,남,49세,경상
2015081600100194,2015년 8월 16일 12시,일요일,전라남도 담양군 담양읍,경상사고,0,0,2,0,차대차 - 측면직각충돌,직진우회전진행방해,건조,맑음,교차로 - 교차로안,승용,남,51세,상해없음,승용,남,52세,상해없음
2015081600100264,2015년 8월 16일 14시,일요일,전라남도 목포시 용당동,경상사고,0,0,4,0,차대차 - 기타,안전운전불이행,건조,맑음,교차로 - 교차로부근,승용,남,41세,상해없음,승용,여,36세,경상
2015081600100265,2015년 8월 16일 14시,일요일,전라남도 여수시 수정동,중상사고,0,1,0,0,차대사람 - 횡단중,안전운전불이행,건조,맑음,단일로 - 기타,승용,남,43세,상해없음,보행자,여,39세,중상
2015081600100299,2015년 8월 16일 15시,일요일,전라남도 여수시 돌산읍,경상사고,0,0,1,0,차대사람 - 차도통행중,안전운전불이행,건조,맑음,단일로 - 기타,승합,남,34세,상해없음,보행자,여,22세,경상
2015081600100300,2015년 8월 16일 15시,일요일,전라남도 보성군 벌교읍,경상사고,0,0,5,0,차대차 - 측면직각충돌,안전거리미확보,건조,맑음,단일로 - 기타,승용,남,55세,경상,승용,남,67세,경상
2015081600100301,2015년 8월 16일 15시,일요일,전라남도 영암군 삼호읍,경상사고,0,0,3,0,차대차 - 추돌 - 진행중,안전운전불이행,건조,맑음,교차로 - 교차로부근,이륜,남,25세,경상,승용,여,53세,경상
2015081600100330,2015년 8월 16일 16시,일요일,전라남도 여수시 여서동,경상사고,0,0,1,0,차대차 - 추돌 - 진행중,안전운전불이행,건조,맑음,교차로 - 교차로안,화물,남,35세,상해없음,승용,여,48세,경상
2015081600100331,2015년 8월 16일 16시,일요일,전라남도 함평군 학교면,중상사고,0,1,0,0,차량단독 - 전도전복,안전운전불이행,건조,맑음,교차로 - 교차로부근,이륜,남,71세,중상,,,,
2015081600100332,2015년 8월 16일 16시,일요일,전라남도 담양군 담양읍,경상사고,0,0,1,0,차대차 - 기타,안전운전불이행,건조,맑음,단일로 - 기타,화물,남,60세,상해없음,자전거,남,57세,경상
2015081600100333,2015년 8월 16일 16시,일요일,전라남도 무안군 몽탄면,경상사고,0,0,1,0,차대차 - 추돌 - 주정차중,안전운전불이행,건조,맑음,교차로 - 교차로부근,승용,남,60세,기타불명,승용,남,76세,경상
2015081600100368,2015년 8월 16일 17시,일요일,전라남도 순천시 연향동,경상사고,0,0,1,0,차대차 - 기타,안전운전불이행,건조,맑음,단일로 - 기타,승용,남,43세,상해없음,원동기,남,17세,경상
2015081600100369,2015년 8월 16일 17시,일요일,전라남도 강진군 신전면,사망사고,1,0,0,0,차량단독 - 기타,안전운전불이행,건조,맑음,단일로 - 기타,승용,여,53세,사망,,,,
2015081600100409,2015년 8월 16일 18시,일요일,전라남도 순천시 대룡동,경상사고,0,0,3,0,차대차 - 기타,교차로운행방법위반,건조,맑음,교차로 - 교차로안,승용,여,50세,상해없음,승용,여,58세,경상
2015081600100410,2015년 8월 16일 18시,일요일,전라남도 영암군 학산면,부상신고사고,0,0,0,1,차대사람 - 횡단중,안전운전불이행,건조,맑음,단일로 - 기타,승용,남,53세,상해없음,보행자,여,5세,부상신고