사고번호,사고일시,요일,시군구,사고내용,사망자수,중상자수,경상자수,부상신고자수,사고유형,법규위반,노면상태,기상상태,도로형태,가해운전자 차종,가해운전자 성별,가해운전자 연령,가해운전자 상해정도,피해운전자 차종,피해운전자 성별,피해운전자 연령,피해운전자 상해정도
2015081600100445,2015년 8월 16일 19시,일요일,전라남도 여수시 오림동,경상사고,0,0,1,0,차대사람 - 차도통행중,안전운전불이행,습기,비,교차로 - 교차로부근,승용,남,29세,상해없음,보행자,남,49세,경상
2015081600100446,2015년 8월 16일 19시,일요일,전라남도 여수시 학동,경상사고,0,0,1,0,차량단독 - 전도전복,안전운전불이행,습기,비,교차로 - 교차로안,원동기,남,38세,경상,,,,
2015081600100492,2015년 8월 16일 20시,일요일,전라남도 목포시 상동,중상사고,0,1,1,0,차대사람 - 기타,안전운전불이행,습기,비,단일로 - 기타,승용,남,29세,상해없음,보행자,여,16세,중상
2015081600100493,2015년 8월 16일 20시,일요일,전라남도 나주시 노안면,중상사고,0,1,0,0,차량단독 - 공작물충돌,안전운전불이행,건조,맑음,단일로 - 기타,화물,남,52세,상해없음,,,,
2015081600100528,2015년 8월 16일 21시,일요일,전라남도 목포시 용해동,경상사고,0,0,2,0,차대차 - 기타,안전운전불이행,습기,비,단일로 - 기타,화물,남,35세,상해없음,승용,여,26세,경상
2015081600100529,2015년 8월 16일 21시,일요일,전라남도 순천시 조례동,중상사고,0,1,0,0,차대사람 - 횡단중,안전운전불이행,습기,비,교차로 - 교차로부근,승용,남,36세,상해없음,보행자,여,61세,중상
2015081600100560,2015년 8월 16일 22시,일요일,전라남도 여수시 여서동,경상사고,0,0,1,0,차대차 - 추돌 - 진행중,안전운전불이행,습기,비,교차로 - 교차로부근,승용,남,51세,상해없음,승용,여,26세,경상
2015081600100561,2015년 8월 16일 22시,일요일,전라남도 여수시 공화동,경상사고,0,0,1,0,차량단독 - 공작물충돌,안전운전불이행,습기,비,단일로 - 기타,승용,남,35세,상해없음,,,,
2015081600100586,2015년 8월 16일 23시,일요일,전라남도 무안군 무안읍,중상사고,0,1,0,0,차대사람 - 기타,안전운전불이행,건조,맑음,교차로 - 교차로안,승용,여,33세,상해없음,보행자,남,60세,중상
2015081700100021,2015년 8월 17일 01시,월요일,전라남도 담양군 봉산면,중상사고,0,1,1,0,차대차 - 추돌 - 진행중,안전거리미확보,건조,흐림,단일로 - 기타,승용,남,26세,상해없음,승용,남,48세,경상
2015081700100044,2015년 8월 17일 05시,월요일,전라남도 함평군 함평읍,경상사고,0,0,1,0,차대차 - 기타,중앙선침범,건조,맑음,단일로 - 기타,승용,기타불명,기타불명,기타불명,승용,남,41세,경상
2015081700100115,2015년 8월 17일 08시,월요일,전라남도 신안군 팔금면,경상사고,0,0,1,0,차대차 - 측면직각충돌,교차로운행방법위반,건조,맑음,교차로 - 교차로안,화물,남,63세,상해없음,이륜,남,68세,경상
2015081700100116,2015년 8월 17일 08시,월요일,전라남도 순천시 별량면,중상사고,0,1,0,0,차대차 - 기타,안전운전불이행,건조,맑음,단일로 - 기타,승용,여,40세,상해없음,이륜,남,59세,중상
2015081700100141,2015년 8월 17일 09시,월요일,전라남도 순천시 가곡동,중상사고,0,1,0,0,차대사람 - 횡단중,안전운전불이행,건조,맑음,단일로 - 기타,승용,남,56세,상해없음,보행자,여,79세,중상
2015081700100176,2015년 8월 17일 10시,월요일,전라남도 영광군 백수읍,경상사고,0,0,2,0,차대차 - 추돌 - 진행중,안전운전불이행,건조,맑음,단일로 - 기타,승용,남,61세,상해없음,승용,남,62세,경상
2015081700100216,2015년 8월 17일 11시,월요일,전라남도 여수시 소라면,중상사고,0,1,1,0,차대차 - 측면직각충돌,교차로운행방법위반,건조,맑음,교차로 - 교차로안,화물,남,52세,상해없음,화물,남,63세,경상
2015081700100217,2015년 8월 17일 11시,월요일,전라남도 보성군 조성면,중상사고,0,1,0,0,차대차 - 추돌 - 주정차중,안전운전불이행,건조,맑음,교차로 - 교차로부근,화물,남,57세,상해없음,화물,남,70세,중상
2015081700100300,2015년 8월 17일 13시,월요일,전라남도 영광군 묘량면,중상사고,0,1,0,0,차대차 - 기타,안전운전불이행,건조,맑음,단일로 - 기타,화물,남,30세,중상,화물,남,90세 이상,기타불명
2015081700100338,2015년 8월 17일 14시,월요일,전라남도 여수시 율촌면,경상사고,0,0,1,0,차대차 - 측면직각충돌,안전운전불이행,건조,맑음,단일로 - 기타,화물,남,50세,상해없음,이륜,남,82세,경상
2015081700100339,2015년 8월 17일 14시,월요일,전라남도 여수시 주삼동,중상사고,0,1,0,0,차대사람 - 횡단중,안전운전불이행,건조,맑음,단일로 - 횡단보도부근,화물,남,44세,상해없음,보행자,여,62세,중상
2015081700100340,2015년 8월 17일 14시,월요일,전라남도 순천시 서면,경상사고,0,0,1,0,차대차 - 기타,안전운전불이행,건조,맑음,교차로 - 교차로부근,승용,여,67세,경상,승합,남,47세,상해없음
2015081700100341,2015년 8월 17일 14시,월요일,전라남도 담양군 금성면,경상사고,0,0,4,0,차대차 - 추돌 - 주정차중,안전운전불이행,건조,맑음,교차로 - 교차로부근,승용,남,60세,상해없음,승용,남,41세,상해없음
2015081700100373,2015년 8월 17일 15시,월요일,전라남도 함평군 나산면,경상사고,0,0,1,0,차대차 - 기타,안전운전불이행,건조,맑음,단일로 - 기타,화물,남,40세,상해없음,이륜,남,80세,경상
2015081700100426,2015년 8월 17일 16시,월요일,전라남도 목포시 죽교동,경상사고,0,0,1,0,차대차 - 기타,안전운전불이행,건조,맑음,단일로 - 기타,화물,남,55세,상해없음,승용,남,26세,경상
2015081700100427,2015년 8월 17일 16시,월요일,전라남도 장성군 진원면,경상사고,0,0,1,0,차대차 - 측면직각충돌,안전운전불이행,건조,맑음,교차로 - 교차로안,승용,남,64세,상해없음,승용,여,54세,경상
2015081700100470,2015년 8월 17일 17시,월요일,전라남도 여수시 중앙동,경상사고,0,0,1,0,차대사람 - 길가장자리구역통행중,안전운전불이행,건조,맑음,단일로 - 기타,화물,남,52세,상해없음,보행자,여,80세,경상
2015081700100525,2015년 8월 17일 18시,월요일,전라남도 나주시 산포면,경상사고,0,0,5,0,차대차 - 측면직각충돌,신호위반,건조,맑음,교차로 - 교차로안,승용,여,52세,경상,승용,남,30세,경상
2015081700100526,2015년 8월 17일 18시,월요일,전라남도 해남군 해남읍,중상사고,0,1,0,1,차대차 - 기타,안전운전불이행,건조,맑음,교차로 - 교차로안,원동기,남,86세,부상신고,원동기,남,57세,중상
2015081700100527,2015년 8월 17일 18시,월요일,전라남도 영암군 삼호읍,경상사고,0,0,2,0,차대차 - 측면직각충돌,안전운전불이행,건조,맑음,단일로 - 기타,승합,남,48세,상해없음,승용,남,42세,경상
2015081700100528,2015년 8월 17일 18시,월요일,전라남도 광양시 광양읍,중상사고,0,1,0,0,차대사람 - 횡단중,안전운전불이행,건조,맑음,교차로 - 교차로안,승용,남,31세,상해없음,보행자,남,51세,중상
2015081700100529,2015년 8월 17일 18시,월요일,전라남도 광양시 광양읍,경상사고,0,0,1,0,차대차 - 측면직각충돌,기타,건조,맑음,교차로 - 교차로안,원동기,여,59세,경상,승용,여,46세,상해없음
2015081700100620,2015년 8월 17일 20시,월요일,전라남도 순천시 별량면,경상사고,0,0,2,0,차대차 - 기타,안전운전불이행,습기,흐림,단일로 - 기타,승합,남,69세,경상,승용,여,47세,경상
2015081700100621,2015년 8월 17일 20시,월요일,전라남도 순천시 별량면,경상사고,0,0,2,0,차대차 - 기타,안전운전불이행,건조,맑음,단일로 - 기타,화물,남,54세,경상,화물,남,53세,경상
2015081700100622,2015년 8월 17일 20시,월요일,전라남도 무안군 청계면,경상사고,0,0,2,0,차대차 - 추돌 - 진행중,안전운전불이행,건조,맑음,교차로 - 교차로부근,화물,남,45세,상해없음,승용,여,38세,경상
2015081700100690,2015년 8월 17일 22시,월요일,전라남도 순천시 연향동,경상사고,0,0,3,0,차대차 - 기타,안전운전불이행,건조,맑음,교차로 - 교차로부근,승용,남,59세,경상,승용,남,45세,경상
2015081700100710,2015년 8월 17일 23시,월요일,전라남도 목포시 용해동,경상사고,0,0,1,0,차대차 - 추돌 - 주정차중,안전운전불이행,건조,맑음,단일로 - 기타,승용,남,35세,경상,건설기계,남,52세,상해없음
2015081700100711,2015년 8월 17일 23시,월요일,전라남도 순천시 연향동,경상사고,0,0,1,0,차대차 - 기타,안전운전불이행,건조,맑음,단일로 - 기타,기타불명,남,15세,기타불명,자전거,남,25세,경상
2015081800100008,2015년 8월 18일 00시,화요일,전라남도 나주시 빛가람동,경상사고,0,0,5,0,차대차 - 기타,안전운전불이행,건조,맑음,단일로 - 기타,승용,남,19세,상해없음,승용,남,24세,경상
2015081800100139,2015년 8월 18일 08시,화요일,전라남도 영암군 삼호읍,경상사고,0,0,2,0,차대차 - 측면직각충돌,직진우회전진행방해,건조,맑음,교차로 - 교차로안,승용,남,44세,경상,화물,남,46세,경상
2015081800100181,2015년 8월 18일 09시,화요일,전라남도 광양시 중동,중상사고,0,1,1,0,차대차 - 측면직각충돌,교차로운행방법위반,건조,맑음,교차로 - 교차로안,원동기,남,65세,중상,승용,남,63세,상해없음
2015081800100245,2015년 8월 18일 11시,화요일,전라남도 함평군 함평읍,경상사고,0,0,1,0,차대차 - 기타,기타,건조,맑음,단일로 - 기타,승용,남,65세,상해없음,원동기,여,75세,경상
2015081800100281,2015년 8월 18일 12시,화요일,전라남도 순천시 조례동,중상사고,0,1,0,0,차대차 - 기타,안전운전불이행,건조,맑음,단일로 - 기타,승용,남,25세,상해없음,이륜,남,41세,중상
2015081800100282,2015년 8월 18일 12시,화요일,전라남도 나주시 중앙동,중상사고,0,1,0,0,차대사람 - 횡단중,안전운전불이행,건조,맑음,단일로 - 기타,승용,여,29세,상해없음,보행자,남,57세,중상
2015081800100283,2015년 8월 18일 12시,화요일,전라남도 장성군 황룡면,경상사고,0,0,4,0,차대차 - 측면직각충돌,안전운전불이행,건조,맑음,교차로 - 교차로안,승용,남,54세,경상,승용,남,35세,경상
2015081800100284,2015년 8월 18일 12시,화요일,전라남도 담양군 담양읍,중상사고,0,2,2,0,차대차 - 기타,직진우회전진행방해,건조,맑음,교차로 - 교차로안,승용,남,68세,상해없음,승용,남,76세,경상
2015081800100320,2015년 8월 18일 13시,화요일,전라남도 여수시 안산동,경상사고,0,0,1,0,차대차 - 측면직각충돌,안전운전불이행,건조,맑음,교차로 - 교차로안,승용,여,43세,상해없음,원동기,남,20세,경상
2015081800100350,2015년 8월 18일 14시,화요일,전라남도 순천시 해룡면,경상사고,0,0,1,0,차대차 - 기타,안전운전불이행,건조,맑음,단일로 - 기타,이륜,남,53세,상해없음,승용,여,49세,경상
2015081800100351,2015년 8월 18일 14시,화요일,전라남도 영암군 영암읍,중상사고,0,1,1,0,차량단독 - 전도전복,안전운전불이행,건조,맑음,단일로 - 기타,승용,여,55세,중상,,,,
2015081800100386,2015년 8월 18일 15시,화요일,전라남도 나주시 산포면,경상사고,0,0,2,0,차대차 - 측면직각충돌,신호위반,건조,맑음,교차로 - 교차로안,승용,여,51세,경상,승합,남,56세,경상
2015081800100418,2015년 8월 18일 16시,화요일,전라남도 보성군 복내면,중상사고,0,1,2,0,차대차 - 정면충돌,중앙선침범,건조,맑음,단일로 - 기타,화물,남,28세,상해없음,승용,남,22세,경상
2015081800100458,2015년 8월 18일 17시,화요일,전라남도 여수시 소호동,중상사고,0,1,0,0,차대차 - 측면직각충돌,교차로운행방법위반,건조,맑음,교차로 - 교차로안,화물,남,58세,상해없음,화물,남,31세,중상
2015081800100459,2015년 8월 18일 17시,화요일,전라남도 광양시 광양읍,경상사고,0,0,2,0,차대차 - 추돌 - 주정차중,안전거리미확보,건조,맑음,단일로 - 기타,화물,남,41세,상해없음,승용,여,50세,경상
2015081800100534,2015년 8월 18일 19시,화요일,전라남도 무안군 삼향읍,중상사고,0,2,3,0,차대차 - 추돌 - 진행중,과속,습기,흐림,단일로 - 기타,승용,남,22세,경상,승용,여,70세,경상
2015081800100588,2015년 8월 18일 21시,화요일,전라남도 곡성군 삼기면,중상사고,0,1,0,0,차대차 - 추돌 - 진행중,안전운전불이행,건조,맑음,단일로 - 기타,승용,남,67세,상해없음,자전거,남,62세,중상
2015081800100639,2015년 8월 18일 23시,화요일,전라남도 여수시 미평동,중상사고,0,1,0,0,차대사람 - 횡단중,안전운전불이행,건조,맑음,단일로 - 기타,승용,남,39세,상해없음,보행자,남,53세,중상
2015081900100100,2015년 8월 19일 07시,수요일,전라남도 여수시 화양면,중상사고,0,1,0,0,차대차 - 측면직각충돌,교차로운행방법위반,건조,맑음,교차로 - 교차로안,농기계,남,78세,중상,승합,남,53세,상해없음
2015081900100133,2015년 8월 19일 08시,수요일,전라남도 목포시 산정동,경상사고,0,0,1,0,차대차 - 추돌 - 주정차중,안전운전불이행,건조,맑음,단일로 - 기타,승용,남,65세,상해없음,승용,남,57세,상해없음
2015081900100164,2015년 8월 19일 09시,수요일,전라남도 장흥군 대덕읍,중상사고,0,1,1,0,차대사람 - 길가장자리구역통행중,안전운전불이행,건조,맑음,단일로 - 기타,승용,여,29세,상해없음,보행자,여,81세,중상
2015081900100165,2015년 8월 19일 09시,수요일,전라남도 보성군 회천면,중상사고,0,1,0,0,차대차 - 측면직각충돌,안전운전불이행,건조,맑음,단일로 - 기타,화물,남,50세,중상,화물,남,49세,상해없음
2015081900100166,2015년 8월 19일 09시,수요일,전라남도 함평군 함평읍,중상사고,0,1,1,0,차대차 - 측면직각충돌,직진우회전진행방해,건조,맑음,교차로 - 교차로안,원동기,남,68세,중상,승용,남,26세,상해없음
2015081900100167,2015년 8월 19일 09시,수요일,전라남도 장성군 장성읍,중상사고,0,2,4,0,차대차 - 추돌 - 진행중,안전운전불이행,건조,맑음,교차로 - 교차로부근,승용,남,76세,상해없음,승용,여,59세,경상
2015081900100195,2015년 8월 19일 10시,수요일,전라남도 순천시 조례동,중상사고,0,1,4,0,차대차 - 기타,직진우회전진행방해,건조,맑음,교차로 - 교차로안,승용,여,39세,상해없음,승용,남,56세,경상
2015081900100196,2015년 8월 19일 10시,수요일,전라남도 광양시 마동,경상사고,0,0,1,0,차대차 - 추돌 - 진행중,안전운전불이행,건조,맑음,교차로 - 교차로부근,승용,남,60세,상해없음,승용,여,34세,경상
2015081900100249,2015년 8월 19일 12시,수요일,전라남도 순천시 해룡면,경상사고,0,0,4,0,차대차 - 기타,안전운전불이행,건조,맑음,교차로 - 교차로부근,화물,남,42세,상해없음,승용,남,41세,경상
2015081900100250,2015년 8월 19일 12시,수요일,전라남도 장성군 삼서면,중상사고,0,1,0,0,차대차 - 기타,안전운전불이행,건조,맑음,교차로 - 교차로안,이륜,여,71세,중상,승용,여,31세,상해없음
2015081900100278,2015년 8월 19일 13시,수요일,전라남도 나주시 왕곡면,중상사고,0,1,0,0,차대차 - 측면직각충돌,안전운전불이행,건조,맑음,단일로 - 기타,승용,남,35세,상해없음,원동기,남,81세,중상
2015081900100318,2015년 8월 19일 14시,수요일,전라남도 목포시 상동,중상사고,0,1,0,0,차대사람 - 기타,신호위반,건조,기타,단일로 - 기타,승용,남,54세,상해없음,보행자,남,9세,중상
2015081900100353,2015년 8월 19일 15시,수요일,전라남도 완도군 청산면,중상사고,0,1,0,0,차대차 - 정면충돌,안전운전불이행,건조,맑음,교차로 - 교차로부근,승용,남,31세,상해없음,자전거,남,9세,중상
2015081900100354,2015년 8월 19일 15시,수요일,전라남도 완도군 완도읍,경상사고,0,0,1,0,차대사람 - 기타,안전운전불이행,건조,맑음,단일로 - 기타,승용,남,75세,상해없음,보행자,남,57세,경상
2015081900100355,2015년 8월 19일 15시,수요일,전라남도 장성군 남면,중상사고,0,1,1,0,차대차 - 추돌 - 진행중,안전운전불이행,건조,맑음,단일로 - 기타,건설기계,남,53세,상해없음,화물,남,35세,경상
2015081900100428,2015년 8월 19일 17시,수요일,전라남도 장성군 장성읍,경상사고,0,0,1,0,차대차 - 기타,안전운전불이행,건조,맑음,교차로 - 교차로안,승용,여,67세,상해없음,승용,남,65세,경상
2015081900100471,2015년 8월 19일 18시,수요일,전라남도 광양시 중동,경상사고,0,0,1,0,차대차 - 추돌 - 진행중,직진우회전진행방해,건조,맑음,교차로 - 교차로안,승합,남,28세,상해없음,원동기,남,19세,경상
2015081900100516,2015년 8월 19일 19시,수요일,전라남도 순천시 조례동,중상사고,0,1,0,0,차대차 - 기타,안전운전불이행,건조,맑음,교차로 - 교차로안,승용,남,45세,상해없음,원동기,여,55세,중상
2015081900100517,2015년 8월 19일 19시,수요일,전라남도 강진군 강진읍,경상사고,0,0,1,0,차대사람 - 길가장자리구역통행중,안전운전불이행,건조,맑음,단일로 - 기타,승합,남,52세,상해없음,보행자,남,24세,경상
2015081900100594,2015년 8월 19일 21시,수요일,전라남도 여수시 여서동,경상사고,0,0,2,0,차대사람 - 횡단중,안전운전불이행,건조,맑음,교차로 - 교차로안,승용,여,35세,기타불명,보행자,남,20세,경상
2015081900100622,2015년 8월 19일 22시,수요일,전라남도 광양시 황길동,중상사고,0,1,2,0,차대차 - 측면직각충돌,신호위반,건조,맑음,교차로 - 교차로안,승용,남,59세,경상,승용,남,32세,중상
2015082000100011,2015년 8월 20일 00시,목요일,전라남도 여수시 학동,경상사고,0,0,1,0,차대사람 - 차도통행중,안전운전불이행,건조,맑음,교차로 - 교차로부근,승용,남,40세,상해없음,보행자,남,32세,경상
2015082000100024,2015년 8월 20일 01시,목요일,전라남도 목포시 옥암동,경상사고,0,0,2,0,차대차 - 기타,안전운전불이행,건조,맑음,단일로 - 기타,승용,남,56세,상해없음,승용,남,35세,경상
2015082000100025,2015년 8월 20일 01시,목요일,전라남도 광양시 광양읍,중상사고,0,1,0,0,차대사람 - 차도통행중,안전운전불이행,습기,비,단일로 - 기타,승용,남,60세,상해없음,보행자,남,39세,중상
2015082000100075,2015년 8월 20일 06시,목요일,전라남도 목포시 항동,경상사고,0,0,1,0,차대사람 - 기타,안전운전불이행,건조,맑음,단일로 - 기타,화물,남,41세,상해없음,보행자,남,30세,경상
2015082000100076,2015년 8월 20일 06시,목요일,전라남도 광양시 금호동,사망사고,1,1,0,0,차대차 - 기타,신호위반,건조,맑음,교차로 - 교차로안,승용,남,49세,사망,승용,남,27세,중상
2015082000100099,2015년 8월 20일 07시,목요일,전라남도 구례군 구례읍,중상사고,0,2,0,0,차량단독 - 공작물충돌,안전운전불이행,습기,비,단일로 - 기타,화물,남,58세,상해없음,,,,
2015082000100142,2015년 8월 20일 08시,목요일,전라남도 해남군 현산면,중상사고,0,3,1,0,차대차 - 추돌 - 진행중,안전운전불이행,건조,흐림,단일로 - 교량,화물,남,60세,중상,화물,남,44세,상해없음
2015082000100143,2015년 8월 20일 08시,목요일,전라남도 영암군 학산면,중상사고,0,1,1,0,차량단독 - 전도전복,안전운전불이행,습기,비,단일로 - 기타,승용,남,21세,중상,,,,
2015082000100171,2015년 8월 20일 09시,목요일,전라남도 영암군 삼호읍,경상사고,0,0,5,0,차대차 - 추돌 - 주정차중,안전운전불이행,습기,비,교차로 - 교차로부근,화물,남,51세,상해없음,승용,남,31세,경상
2015082000100200,2015년 8월 20일 10시,목요일,전라남도 해남군 황산면,중상사고,0,1,0,0,차대차 - 기타,기타,습기,흐림,단일로 - 기타,원동기,남,65세,중상,승용,남,34세,상해없음
2015082000100201,2015년 8월 20일 10시,목요일,전라남도 영암군 삼호읍,중상사고,0,1,1,0,차대차 - 측면직각충돌,안전운전불이행,습기,비,교차로 - 교차로안,승용,남,31세,중상,화물,남,36세,경상
2015082000100230,2015년 8월 20일 11시,목요일,전라남도 나주시 금성동,경상사고,0,0,2,0,차대사람 - 횡단중,신호위반,습기,비,교차로 - 교차로안,승합,남,61세,상해없음,보행자,남,3세,경상
2015082000100231,2015년 8월 20일 11시,목요일,전라남도 영암군 금정면,중상사고,0,1,0,0,차량단독 - 기타,안전운전불이행,습기,흐림,교차로 - 교차로안,농기계,남,69세,중상,,,,
2015082000100263,2015년 8월 20일 12시,목요일,전라남도 해남군 마산면,중상사고,0,1,6,0,차대차 - 추돌 - 주정차중,안전거리미확보,습기,비,단일로 - 기타,화물,남,61세,상해없음,승용,여,36세,경상
2015082000100291,2015년 8월 20일 13시,목요일,전라남도 목포시 상동,경상사고,0,0,5,0,차대차 - 측면직각충돌,안전운전불이행,건조,맑음,단일로 - 기타,승용,남,49세,경상,승용,남,35세,경상
2015082000100292,2015년 8월 20일 13시,목요일,전라남도 여수시 웅천동,경상사고,0,0,1,0,차대차 - 측면직각충돌,안전거리미확보,건조,맑음,단일로 - 기타,건설기계,남,45세,상해없음,승용,여,47세,경상
2015082000100293,2015년 8월 20일 13시,목요일,전라남도 여수시 여서동,경상사고,0,0,6,0,차대차 - 측면직각충돌,교차로운행방법위반,건조,맑음,교차로 - 교차로부근,승용,남,66세,상해없음,승용,남,31세,경상
2015082000100329,2015년 8월 20일 14시,목요일,전라남도 목포시 대양동,경상사고,0,0,3,0,차대차 - 기타,중앙선침범,습기,비,단일로 - 기타,승용,여,24세,상해없음,승용,남,60세,경상
2015082000100330,2015년 8월 20일 14시,목요일,전라남도 광양시 옥룡면,경상사고,0,0,2,0,차대차 - 기타,교차로운행방법위반,습기,비,교차로 - 교차로부근,화물,남,35세,경상,승용,남,38세,경상
2015082000100368,2015년 8월 20일 15시,목요일,전라남도 순천시 별량면,경상사고,0,0,3,0,차대차 - 추돌 - 진행중,안전운전불이행,습기,비,단일로 - 기타,화물,남,66세,경상,승용,여,56세,경상
2015082000100369,2015년 8월 20일 15시,목요일,전라남도 함평군 함평읍,중상사고,0,1,0,0,차대사람 - 횡단중,안전운전불이행,습기,비,교차로 - 교차로부근,승용,남,44세,상해없음,보행자,남,79세,중상
2015082000100370,2015년 8월 20일 15시,목요일,전라남도 담양군 고서면,부상신고사고,0,0,0,2,차대차 - 측면직각충돌,직진우회전진행방해,습기,비,교차로 - 교차로안,화물,남,53세,상해없음,승용,남,55세,부상신고
2015082000100410,2015년 8월 20일 16시,목요일,전라남도 목포시 옥암동,중상사고,0,1,0,0,차대차 - 추돌 - 주정차중,안전거리미확보,건조,맑음,단일로 - 기타,승용,남,70세,상해없음,승용,여,56세,중상
2015082000100411,2015년 8월 20일 16시,목요일,전라남도 해남군 황산면,경상사고,0,0,5,0,차대차 - 기타,안전운전불이행,건조,맑음,교차로 - 교차로안,화물,남,68세,상해없음,승용,여,30세,경상
2015082000100447,2015년 8월 20일 17시,목요일,전라남도 담양군 담양읍,경상사고,0,0,1,0,차대차 - 기타,안전운전불이행,습기,비,교차로 - 교차로부근,건설기계,남,52세,상해없음,승용,여,48세,경상
2015082000100487,2015년 8월 20일 18시,목요일,전라남도 나주시 노안면,경상사고,0,0,1,1,차량단독 - 공작물충돌,안전운전불이행,습기,비,단일로 - 기타,화물,남,49세,부상신고,,,,
2015082000100556,2015년 8월 20일 20시,목요일,전라남도 구례군 구례읍,중상사고,0,1,0,0,차량단독 - 도로외이탈 - 추락,안전운전불이행,습기,비,단일로 - 기타,승용,남,58세,중상,,,,
2015082000100595,2015년 8월 20일 21시,목요일,전라남도 나주시 대호동,경상사고,0,0,1,0,차대차 - 기타,안전운전불이행,습기,비,단일로 - 기타,승용,남,59세,상해없음,원동기,남,35세,경상
2015082000100624,2015년 8월 20일 22시,목요일,전라남도 목포시 용당동,경상사고,0,0,1,0,차대차 - 기타,차로위반,습기,비,단일로 - 기타,승용,남,27세,상해없음,승용,남,34세,경상
2015082000100625,2015년 8월 20일 22시,목요일,전라남도 여수시 학동,중상사고,0,1,0,0,차대사람 - 보도통행중,안전운전불이행,건조,맑음,단일로 - 기타,승용,남,53세,상해없음,보행자,남,49세,중상
2015082000100653,2015년 8월 20일 23시,목요일,전라남도 순천시 조례동,경상사고,0,0,1,0,차대사람 - 차도통행중,교차로운행방법위반,습기,비,교차로 - 교차로안,승용,여,42세,상해없음,보행자,남,48세,경상
2015082100100018,2015년 8월 21일 00시,금요일,전라남도 광양시 성황동,경상사고,0,0,2,0,차대차 - 기타,안전운전불이행,습기,비,교차로 - 교차로부근,승용,남,34세,상해없음,승용,여,24세,경상
2015082100100058,2015년 8월 21일 02시,금요일,전라남도 목포시 상동,경상사고,0,0,1,0,차대차 - 측면직각충돌,안전운전불이행,건조,맑음,단일로 - 기타,승용,남,49세,상해없음,승용,남,24세,경상
2015082100100059,2015년 8월 21일 02시,금요일,전라남도 해남군 해남읍,경상사고,0,0,2,0,차량단독 - 공작물충돌,안전운전불이행,습기,비,단일로 - 기타,승용,남,17세,경상,,,,
2015082100100117,2015년 8월 21일 06시,금요일,전라남도 영암군 삼호읍,경상사고,0,0,2,0,차대차 - 추돌 - 진행중,안전운전불이행,건조,맑음,교차로 - 교차로부근,승합,남,23세,경상,승용,남,41세,경상
2015082100100166,2015년 8월 21일 08시,금요일,전라남도 여수시 오림동,경상사고,0,0,2,0,차대차 - 추돌 - 진행중,안전운전불이행,습기,비,단일로 - 기타,승합,여,48세,상해없음,승합,남,50세,경상
2015082100100167,2015년 8월 21일 08시,금요일,전라남도 장흥군 장평면,경상사고,0,0,1,0,차량단독 - 전도전복,안전운전불이행,습기,비,단일로 - 기타,원동기,남,78세,경상,,,,
2015082100100200,2015년 8월 21일 09시,금요일,전라남도 순천시 덕암동,경상사고,0,0,1,0,차대사람 - 기타,교차로운행방법위반,건조,맑음,교차로 - 교차로부근,승용,여,53세,상해없음,보행자,여,55세,경상
2015082100100232,2015년 8월 21일 10시,금요일,전라남도 순천시 해룡면,경상사고,0,0,2,0,차대차 - 추돌 - 주정차중,안전거리미확보,건조,맑음,교차로 - 교차로부근,원동기,남,66세,경상,승용,남,47세,경상
2015082100100267,2015년 8월 21일 11시,금요일,전라남도 순천시 장천동,경상사고,0,0,2,0,차대차 - 기타,신호위반,습기,비,교차로 - 교차로안,승용,남,66세,상해없음,승용,남,31세,경상
2015082100100318,2015년 8월 21일 13시,금요일,전라남도 광양시 광양읍,경상사고,0,0,2,1,차대차 - 측면직각충돌,직진우회전진행방해,건조,맑음,교차로 - 교차로안,승용,남,58세,부상신고,승용,남,18세,경상
2015082100100347,2015년 8월 21일 14시,금요일,전라남도 목포시 산정동,중상사고,0,1,0,0,차대차 - 정면충돌,안전운전불이행,건조,맑음,단일로 - 기타,승용,남,51세,상해없음,승용,남,64세,상해없음
2015082100100348,2015년 8월 21일 14시,금요일,전라남도 순천시 조례동,부상신고사고,0,0,0,1,차대사람 - 기타,안전운전불이행,건조,맑음,단일로 - 기타,기타불명,기타불명,기타불명,기타불명,보행자,남,58세,부상신고
2015082100100349,2015년 8월 21일 14시,금요일,전라남도 화순군 도곡면,중상사고,0,2,0,0,차대차 - 측면직각충돌,직진우회전진행방해,건조,맑음,교차로 - 교차로안,승용,남,54세,상해없음,원동기,남,81세,중상
2015082100100384,2015년 8월 21일 15시,금요일,전라남도 목포시 용당동,경상사고,0,0,1,0,차대사람 - 기타,안전운전불이행,건조,맑음,미분류 - 미분류,승용,여,45세,상해없음,보행자,남,37세,경상
2015082100100385,2015년 8월 21일 15시,금요일,전라남도 화순군 화순읍,경상사고,0,0,1,0,차대차 - 기타,안전운전불이행,건조,맑음,교차로 - 교차로부근,승용,여,41세,상해없음,승용,여,59세,경상
2015082100100424,2015년 8월 21일 16시,금요일,전라남도 순천시 해룡면,경상사고,0,0,1,0,차대차 - 추돌 - 진행중,안전거리미확보,건조,맑음,단일로 - 기타,승용,여,61세,상해없음,승합,남,34세,경상