사고번호,사고일시,요일,시군구,사고내용,사망자수,중상자수,경상자수,부상신고자수,사고유형,법규위반,노면상태,기상상태,도로형태,가해운전자 차종,가해운전자 성별,가해운전자 연령,가해운전자 상해정도,피해운전자 차종,피해운전자 성별,피해운전자 연령,피해운전자 상해정도
2015082100100464,2015년 8월 21일 17시,금요일,전라남도 순천시 해룡면,중상사고,0,1,0,0,차대사람 - 횡단중,보행자보호의무위반,건조,맑음,교차로 - 교차로안,승용,남,37세,상해없음,보행자,여,6세,중상
2015082100100465,2015년 8월 21일 17시,금요일,전라남도 강진군 대구면,경상사고,0,0,3,0,차대차 - 기타,안전운전불이행,건조,맑음,교차로 - 교차로안,화물,여,34세,경상,승합,남,42세,경상
2015082100100505,2015년 8월 21일 18시,금요일,전라남도 여수시 월내동,사망사고,1,1,3,0,차대차 - 정면충돌,중앙선침범,건조,맑음,단일로 - 기타,화물,남,49세,사망,화물,남,40세,경상
2015082100100506,2015년 8월 21일 18시,금요일,전라남도 고흥군 고흥읍,경상사고,0,0,1,0,차대사람 - 횡단중,안전운전불이행,건조,맑음,단일로 - 기타,승용,여,56세,상해없음,보행자,남,4세,경상
2015082100100535,2015년 8월 21일 19시,금요일,전라남도 진도군 군내면,중상사고,0,1,0,0,차대차 - 기타,안전운전불이행,건조,흐림,단일로 - 기타,농기계,남,76세,중상,승합,남,59세,상해없음
2015082100100536,2015년 8월 21일 19시,금요일,전라남도 광양시 중동,경상사고,0,0,1,0,차대사람 - 횡단중,보행자보호의무위반,건조,맑음,단일로 - 횡단보도상,승합,남,60세,상해없음,보행자,남,12세,경상
2015082100100580,2015년 8월 21일 20시,금요일,전라남도 여수시 선원동,중상사고,0,1,0,0,차대사람 - 횡단중,안전운전불이행,건조,맑음,단일로 - 기타,승용,여,53세,상해없음,보행자,남,68세,중상
2015082100100691,2015년 8월 21일 23시,금요일,전라남도 장흥군 장동면,중상사고,0,1,1,0,차량단독 - 공작물충돌,안전운전불이행,건조,맑음,단일로 - 기타,승용,남,55세,경상,,,,
2015082200100034,2015년 8월 22일 01시,토요일,전라남도 순천시 조례동,중상사고,0,1,1,0,차대사람 - 횡단중,안전운전불이행,건조,맑음,단일로 - 기타,승용,여,46세,상해없음,보행자,남,31세,경상
2015082200100052,2015년 8월 22일 02시,토요일,전라남도 목포시 호남동,중상사고,0,1,0,0,차량단독 - 기타,기타,건조,맑음,교차로 - 교차로부근,이륜,남,59세,중상,,,,
2015082200100095,2015년 8월 22일 05시,토요일,전라남도 목포시 동명동,경상사고,0,0,1,0,차대차 - 기타,안전운전불이행,건조,맑음,교차로 - 교차로안,화물,남,59세,상해없음,승용,여,24세,경상
2015082200100096,2015년 8월 22일 05시,토요일,전라남도 목포시 산정동,경상사고,0,0,2,0,차대차 - 측면직각충돌,중앙선침범,건조,맑음,단일로 - 기타,승용,남,41세,상해없음,승용,남,62세,경상
2015082200100207,2015년 8월 22일 10시,토요일,전라남도 순천시 가곡동,경상사고,0,0,1,0,차대차 - 기타,안전운전불이행,건조,맑음,단일로 - 기타,원동기,남,44세,경상,승용,남,50세,상해없음
2015082200100208,2015년 8월 22일 10시,토요일,전라남도 광양시 태인동,경상사고,0,0,4,0,차대차 - 추돌 - 주정차중,안전운전불이행,건조,맑음,단일로 - 기타,승용,남,38세,상해없음,승용,여,44세,경상
2015082200100209,2015년 8월 22일 10시,토요일,전라남도 순천시 서면,경상사고,0,0,2,0,차대차 - 추돌 - 주정차중,안전운전불이행,건조,맑음,기타 - 기타,화물,남,34세,상해없음,승용,남,74세,경상
2015082200100266,2015년 8월 22일 12시,토요일,전라남도 순천시 조곡동,경상사고,0,0,1,0,차대차 - 기타,안전운전불이행,건조,맑음,교차로 - 교차로안,승합,여,31세,상해없음,승합,여,54세,경상
2015082200100267,2015년 8월 22일 12시,토요일,전라남도 장흥군 용산면,중상사고,0,1,3,1,차대차 - 추돌 - 진행중,안전운전불이행,건조,맑음,교차로 - 교차로안,화물,여,41세,부상신고,화물,남,61세,중상
2015082200100268,2015년 8월 22일 12시,토요일,전라남도 해남군 북평면,경상사고,0,0,1,0,차대차 - 추돌 - 진행중,안전거리미확보,건조,맑음,단일로 - 기타,화물,남,78세,상해없음,건설기계,남,55세,상해없음
2015082200100306,2015년 8월 22일 13시,토요일,전라남도 구례군 용방면,중상사고,0,1,0,0,차량단독 - 공작물충돌,안전운전불이행,건조,맑음,단일로 - 기타,화물,남,50세,상해없음,,,,
2015082200100341,2015년 8월 22일 14시,토요일,전라남도 나주시 성북동,부상신고사고,0,0,0,1,차대차 - 측면직각충돌,중앙선침범,건조,맑음,단일로 - 기타,원동기,여,58세,부상신고,승용,남,34세,상해없음
2015082200100342,2015년 8월 22일 14시,토요일,전라남도 고흥군 금산면,경상사고,0,0,1,0,차량단독 - 공작물충돌,안전운전불이행,건조,맑음,단일로 - 기타,화물,남,46세,경상,,,,
2015082200100381,2015년 8월 22일 15시,토요일,전라남도 나주시 노안면,중상사고,0,1,0,0,차대사람 - 횡단중,안전운전불이행,건조,맑음,교차로 - 교차로부근,승용,여,21세,상해없음,보행자,여,61세,중상
2015082200100382,2015년 8월 22일 15시,토요일,전라남도 구례군 구례읍,경상사고,0,0,1,0,차대차 - 기타,안전운전불이행,건조,흐림,교차로 - 교차로안,화물,남,59세,상해없음,승용,여,48세,경상
2015082200100415,2015년 8월 22일 16시,토요일,전라남도 여수시 신덕동,경상사고,0,0,1,0,차대차 - 측면직각충돌,안전운전불이행,건조,맑음,기타 - 기타,자전거,여,68세,경상,농기계,남,68세,상해없음
2015082200100416,2015년 8월 22일 16시,토요일,전라남도 순천시 별량면,경상사고,0,0,1,0,차대차 - 기타,안전운전불이행,건조,맑음,단일로 - 기타,화물,남,64세,상해없음,승용,남,25세,경상
2015082200100449,2015년 8월 22일 17시,토요일,전라남도 순천시 풍덕동,경상사고,0,0,3,0,차대차 - 기타,교차로운행방법위반,건조,맑음,교차로 - 교차로안,승용,남,46세,상해없음,화물,남,55세,경상
2015082200100450,2015년 8월 22일 17시,토요일,전라남도 나주시 이창동,경상사고,0,0,8,0,차대차 - 추돌 - 주정차중,안전거리미확보,건조,맑음,교차로 - 교차로부근,화물,남,74세,상해없음,승용,남,27세,경상
2015082200100451,2015년 8월 22일 17시,토요일,전라남도 무안군 청계면,경상사고,0,0,1,0,차대사람 - 기타,안전운전불이행,건조,맑음,단일로 - 기타,화물,남,47세,상해없음,보행자,여,59세,경상
2015082200100516,2015년 8월 22일 19시,토요일,전라남도 순천시 조례동,경상사고,0,0,1,0,차대차 - 기타,안전운전불이행,건조,맑음,단일로 - 기타,화물,남,60세,상해없음,승용,남,18세,경상
2015082200100581,2015년 8월 22일 21시,토요일,전라남도 여수시 선원동,경상사고,0,0,2,0,차대차 - 측면직각충돌,신호위반,건조,맑음,교차로 - 교차로안,승용,남,30세,상해없음,승용,여,38세,경상
2015082200100582,2015년 8월 22일 21시,토요일,전라남도 광양시 광양읍,경상사고,0,0,5,0,차대차 - 기타,중앙선침범,건조,맑음,교차로 - 교차로부근,승용,남,42세,상해없음,승용,남,27세,경상
2015082200100640,2015년 8월 22일 23시,토요일,전라남도 목포시 상동,경상사고,0,0,2,0,차대차 - 추돌 - 진행중,안전운전불이행,기타,기타,기타 - 기타,승용,남,39세,상해없음,승용,남,19세,경상
2015082200100641,2015년 8월 22일 23시,토요일,전라남도 순천시 서면,사망사고,1,0,0,0,차대사람 - 차도통행중,안전운전불이행,건조,흐림,단일로 - 기타,승용,여,43세,상해없음,보행자,남,56세,사망
2015082300100037,2015년 8월 23일 01시,일요일,전라남도 고흥군 봉래면,중상사고,0,1,1,0,차대차 - 추돌 - 주정차중,안전운전불이행,건조,맑음,단일로 - 기타,승용,남,32세,경상,화물,남,49세,기타불명
2015082300100054,2015년 8월 23일 02시,일요일,전라남도 화순군 화순읍,경상사고,0,0,2,0,차대사람 - 기타,안전운전불이행,건조,맑음,교차로 - 교차로부근,승용,남,33세,경상,보행자,여,86세,경상
2015082300100068,2015년 8월 23일 03시,일요일,전라남도 장성군 장성읍,사망사고,1,0,1,0,차량단독 - 공작물충돌,안전운전불이행,건조,맑음,단일로 - 기타,승용,남,32세,경상,,,,
2015082300100088,2015년 8월 23일 05시,일요일,전라남도 여수시 미평동,중상사고,0,1,0,0,차대차 - 추돌 - 진행중,안전운전불이행,건조,맑음,단일로 - 기타,승용,남,29세,상해없음,승용,남,66세,중상
2015082300100101,2015년 8월 23일 06시,일요일,전라남도 담양군 수북면,중상사고,0,1,0,0,차량단독 - 공작물충돌,안전운전불이행,건조,맑음,단일로 - 기타,승용,남,46세,중상,,,,
2015082300100140,2015년 8월 23일 09시,일요일,전라남도 여수시 화양면,경상사고,0,0,3,0,차대차 - 측면직각충돌,중앙선침범,건조,맑음,단일로 - 기타,승용,남,30세,상해없음,승용,남,38세,경상
2015082300100159,2015년 8월 23일 10시,일요일,전라남도 목포시 호남동,경상사고,0,0,1,0,차대차 - 추돌 - 진행중,안전거리미확보,건조,맑음,단일로 - 기타,승용,남,49세,상해없음,승합,남,44세,경상
2015082300100253,2015년 8월 23일 14시,일요일,전라남도 여수시 봉계동,경상사고,0,0,2,0,차대차 - 측면직각충돌,안전거리미확보,건조,맑음,단일로 - 기타,승용,남,29세,상해없음,승용,남,51세,경상
2015082300100254,2015년 8월 23일 14시,일요일,전라남도 순천시 오천동,경상사고,0,0,1,0,차대사람 - 기타,안전운전불이행,건조,맑음,기타 - 기타,승용,남,60세,상해없음,보행자,여,17세,경상
2015082300100255,2015년 8월 23일 14시,일요일,전라남도 보성군 회천면,중상사고,0,1,0,0,차량단독 - 도로외이탈 - 기타,안전운전불이행,건조,맑음,단일로 - 기타,농기계,남,71세,중상,,,,
2015082300100325,2015년 8월 23일 16시,일요일,전라남도 목포시 상동,경상사고,0,0,1,0,차대차 - 기타,직진우회전진행방해,건조,맑음,교차로 - 교차로안,승용,남,30세,상해없음,승용,남,29세,경상
2015082300100326,2015년 8월 23일 16시,일요일,전라남도 순천시 대대동,경상사고,0,0,4,0,차대차 - 기타,안전운전불이행,건조,맑음,단일로 - 기타,승용,남,24세,상해없음,승용,남,38세,기타불명
2015082300100327,2015년 8월 23일 16시,일요일,전라남도 순천시 조례동,경상사고,0,0,1,0,차대차 - 추돌 - 진행중,안전운전불이행,건조,맑음,교차로 - 교차로안,원동기,남,16세,경상,승용,남,50세,상해없음
2015082300100328,2015년 8월 23일 16시,일요일,전라남도 보성군 복내면,사망사고,1,0,0,0,차량단독 - 기타,안전운전불이행,건조,맑음,기타 - 기타,농기계,남,77세,사망,,,,
2015082300100370,2015년 8월 23일 17시,일요일,전라남도 여수시 남산동,경상사고,0,0,1,0,차대사람 - 보도통행중,안전운전불이행,건조,맑음,단일로 - 기타,승용,여,54세,기타불명,보행자,여,29세,경상
2015082300100371,2015년 8월 23일 17시,일요일,전라남도 광양시 마동,경상사고,0,0,1,0,차대차 - 측면직각충돌,불법유턴,건조,맑음,단일로 - 기타,승용,남,59세,상해없음,승용,여,38세,경상
2015082300100395,2015년 8월 23일 18시,일요일,전라남도 순천시 조례동,부상신고사고,0,0,0,1,차대차 - 추돌 - 진행중,차로위반,건조,맑음,교차로 - 교차로안,이륜,남,38세,부상신고,승용,여,54세,상해없음
2015082300100430,2015년 8월 23일 19시,일요일,전라남도 장성군 장성읍,경상사고,0,0,1,0,차대차 - 추돌 - 진행중,안전운전불이행,건조,맑음,단일로 - 기타,승용,남,32세,상해없음,승용,여,32세,경상
2015082300100471,2015년 8월 23일 20시,일요일,전라남도 목포시 옥암동,중상사고,0,1,0,0,차대차 - 추돌 - 진행중,안전운전불이행,건조,맑음,단일로 - 기타,승용,남,36세,상해없음,이륜,남,17세,중상
2015082300100472,2015년 8월 23일 20시,일요일,전라남도 여수시 교동,중상사고,0,1,0,0,차대사람 - 횡단중,신호위반,건조,맑음,단일로 - 기타,원동기,남,45세,기타불명,보행자,남,5세,중상
2015082300100473,2015년 8월 23일 20시,일요일,전라남도 화순군 화순읍,경상사고,0,0,1,0,차대사람 - 횡단중,안전운전불이행,건조,맑음,교차로 - 교차로부근,원동기,남,16세,상해없음,보행자,남,71세,경상
2015082300100474,2015년 8월 23일 20시,일요일,전라남도 광양시 광양읍,경상사고,0,0,1,0,차대차 - 추돌 - 주정차중,안전운전불이행,건조,맑음,교차로 - 교차로부근,승용,남,46세,상해없음,승용,남,34세,경상
2015082300100502,2015년 8월 23일 21시,일요일,전라남도 순천시 조례동,경상사고,0,0,2,0,차대차 - 정면충돌,신호위반,건조,맑음,교차로 - 교차로안,원동기,남,17세,상해없음,승용,남,39세,경상
2015082300100503,2015년 8월 23일 21시,일요일,전라남도 영암군 삼호읍,사망사고,1,1,0,0,차량단독 - 도로외이탈 - 추락,안전운전불이행,건조,맑음,단일로 - 기타,승용,남,57세,사망,,,,
2015082300100551,2015년 8월 23일 23시,일요일,전라남도 나주시 성북동,중상사고,0,1,0,0,차대사람 - 횡단중,보행자보호의무위반,건조,맑음,교차로 - 교차로부근,승용,남,36세,상해없음,보행자,여,44세,중상
2015082400100077,2015년 8월 24일 07시,월요일,전라남도 목포시 금화동,경상사고,0,0,2,0,차대차 - 추돌 - 진행중,교차로운행방법위반,건조,맑음,교차로 - 교차로안,승용,여,68세,경상,승용,남,35세,경상
2015082400100078,2015년 8월 24일 07시,월요일,전라남도 여수시 학동,중상사고,0,1,0,0,차대차 - 측면직각충돌,안전운전불이행,건조,맑음,단일로 - 기타,승용,남,28세,상해없음,이륜,남,58세,중상
2015082400100079,2015년 8월 24일 07시,월요일,전라남도 여수시 오림동,경상사고,0,0,1,0,차대차 - 측면직각충돌,교차로운행방법위반,건조,맑음,교차로 - 교차로안,화물,남,45세,상해없음,승용,남,48세,경상
2015082400100115,2015년 8월 24일 08시,월요일,전라남도 보성군 벌교읍,경상사고,0,0,1,0,차대차 - 측면직각충돌,교차로운행방법위반,건조,맑음,교차로 - 교차로안,승용,여,61세,상해없음,자전거,남,12세,경상
2015082400100116,2015년 8월 24일 08시,월요일,전라남도 광양시 광양읍,경상사고,0,0,1,0,차대차 - 추돌 - 진행중,교차로운행방법위반,건조,맑음,교차로 - 교차로안,승용,남,73세,상해없음,승용,여,39세,경상
2015082400100154,2015년 8월 24일 09시,월요일,전라남도 나주시 보산동,중상사고,0,1,1,0,차대차 - 추돌 - 진행중,안전운전불이행,건조,맑음,단일로 - 기타,화물,남,55세,중상,화물,남,67세,경상
2015082400100183,2015년 8월 24일 10시,월요일,전라남도 고흥군 동강면,경상사고,0,0,2,0,차대차 - 측면직각충돌,교차로운행방법위반,건조,맑음,교차로 - 교차로안,원동기,남,16세,경상,원동기,남,40세,경상
2015082400100216,2015년 8월 24일 11시,월요일,전라남도 순천시 풍덕동,경상사고,0,0,1,0,차대사람 - 기타,안전운전불이행,건조,맑음,단일로 - 기타,승용,여,48세,상해없음,보행자,여,33세,경상
2015082400100217,2015년 8월 24일 11시,월요일,전라남도 장성군 장성읍,경상사고,0,0,2,0,차대차 - 기타,교차로운행방법위반,건조,맑음,교차로 - 교차로부근,승용,남,65세,경상,화물,남,32세,경상
2015082400100248,2015년 8월 24일 12시,월요일,전라남도 목포시 대양동,경상사고,0,0,1,0,차대차 - 기타,교차로운행방법위반,건조,맑음,교차로 - 교차로안,승용,남,51세,상해없음,승용,남,54세,경상
2015082400100297,2015년 8월 24일 14시,월요일,전라남도 목포시 산정동,경상사고,0,0,2,0,차대차 - 기타,안전운전불이행,습기,비,단일로 - 기타,승용,남,59세,상해없음,승용,남,51세,경상
2015082400100298,2015년 8월 24일 14시,월요일,전라남도 고흥군 점암면,경상사고,0,0,1,0,차대사람 - 기타,안전운전불이행,건조,맑음,교차로 - 교차로안,승합,남,49세,상해없음,보행자,남,64세,경상
2015082400100345,2015년 8월 24일 15시,월요일,전라남도 여수시 학동,중상사고,0,1,0,0,차대차 - 추돌 - 진행중,안전거리미확보,습기,비,교차로 - 교차로부근,화물,남,52세,상해없음,이륜,남,27세,중상
2015082400100346,2015년 8월 24일 15시,월요일,전라남도 영암군 학산면,중상사고,0,2,0,0,차대차 - 정면충돌,중앙선침범,습기,비,단일로 - 기타,승용,남,41세,중상,승용,여,58세,중상
2015082400100389,2015년 8월 24일 16시,월요일,전라남도 목포시 석현동,경상사고,0,0,1,0,차대차 - 기타,교차로운행방법위반,습기,비,교차로 - 교차로안,기타불명,기타불명,기타불명,기타불명,이륜,남,17세,경상
2015082400100390,2015년 8월 24일 16시,월요일,전라남도 여수시 미평동,중상사고,0,1,0,0,차대사람 - 횡단중,안전운전불이행,건조,맑음,단일로 - 기타,승용,남,42세,상해없음,보행자,남,8세,중상
2015082400100418,2015년 8월 24일 17시,월요일,전라남도 목포시 옥암동,중상사고,0,1,0,0,차대차 - 기타,안전운전불이행,습기,흐림,단일로 - 기타,승용,남,57세,상해없음,이륜,남,17세,중상
2015082400100419,2015년 8월 24일 17시,월요일,전라남도 여수시 학동,경상사고,0,0,1,0,차대차 - 측면직각충돌,차로위반,건조,맑음,단일로 - 기타,승용,여,51세,상해없음,승용,여,51세,경상
2015082400100420,2015년 8월 24일 17시,월요일,전라남도 여수시 신기동,경상사고,0,0,2,0,차대차 - 측면직각충돌,안전운전불이행,건조,맑음,교차로 - 교차로안,승합,남,69세,상해없음,승용,남,27세,경상
2015082400100421,2015년 8월 24일 17시,월요일,전라남도 나주시 송월동,중상사고,0,2,3,0,차대차 - 측면직각충돌,신호위반,습기,비,교차로 - 교차로안,승용,여,39세,경상,승용,남,41세,중상
2015082400100422,2015년 8월 24일 17시,월요일,전라남도 해남군 옥천면,경상사고,0,0,2,0,차대차 - 측면직각충돌,직진우회전진행방해,건조,맑음,교차로 - 교차로안,승용,여,44세,경상,화물,남,71세,경상
2015082400100423,2015년 8월 24일 17시,월요일,전라남도 보성군 벌교읍,경상사고,0,0,1,0,차대사람 - 차도통행중,안전운전불이행,건조,맑음,교차로 - 교차로부근,승용,여,50세,상해없음,보행자,여,14세,경상
2015082400100424,2015년 8월 24일 17시,월요일,전라남도 강진군 칠량면,경상사고,0,0,1,0,차대차 - 추돌 - 진행중,안전운전불이행,건조,흐림,단일로 - 기타,화물,남,48세,상해없음,승용,남,56세,경상
2015082400100425,2015년 8월 24일 17시,월요일,전라남도 광양시 성황동,경상사고,0,0,2,0,차대차 - 측면직각충돌,신호위반,건조,맑음,교차로 - 교차로안,승용,여,36세,경상,승용,남,44세,상해없음
2015082400100456,2015년 8월 24일 18시,월요일,전라남도 여수시 학동,경상사고,0,0,1,0,차대차 - 추돌 - 진행중,중앙선침범,건조,맑음,교차로 - 교차로부근,승용,남,41세,상해없음,승용,남,65세,상해없음
2015082400100457,2015년 8월 24일 18시,월요일,전라남도 영암군 삼호읍,경상사고,0,0,2,0,차대차 - 측면직각충돌,신호위반,건조,맑음,교차로 - 교차로안,승용,남,45세,상해없음,승용,여,41세,경상
2015082400100458,2015년 8월 24일 18시,월요일,전라남도 장성군 진원면,경상사고,0,0,3,0,차대차 - 기타,중앙선침범,건조,맑음,단일로 - 기타,승용,남,44세,상해없음,승용,여,61세,경상
2015082400100497,2015년 8월 24일 19시,월요일,전라남도 목포시 산정동,경상사고,0,0,1,0,차대차 - 기타,안전운전불이행,건조,맑음,단일로 - 기타,승용,남,53세,상해없음,이륜,남,20세,경상
2015082400100498,2015년 8월 24일 19시,월요일,전라남도 나주시 남평읍,사망사고,1,0,1,0,차대사람 - 길가장자리구역통행중,안전운전불이행,건조,흐림,단일로 - 기타,원동기,남,75세,경상,보행자,남,55세,사망
2015082400100499,2015년 8월 24일 19시,월요일,전라남도 강진군 성전면,부상신고사고,0,0,0,1,차량단독 - 공작물충돌,안전운전불이행,건조,맑음,교차로 - 교차로안,화물,남,42세,부상신고,,,,
2015082400100534,2015년 8월 24일 20시,월요일,전라남도 순천시 덕암동,경상사고,0,0,4,0,차대차 - 추돌 - 진행중,안전거리미확보,건조,맑음,단일로 - 기타,승용,남,37세,상해없음,승용,남,49세,경상
2015082400100535,2015년 8월 24일 20시,월요일,전라남도 해남군 현산면,중상사고,0,1,1,0,차대차 - 추돌 - 진행중,안전운전불이행,건조,맑음,단일로 - 기타,화물,남,45세,중상,농기계,남,43세,경상
2015082400100536,2015년 8월 24일 20시,월요일,전라남도 담양군 대전면,경상사고,0,0,1,0,차대차 - 추돌 - 주정차중,안전운전불이행,건조,맑음,교차로 - 교차로부근,승용,남,34세,상해없음,승용,남,62세,경상
2015082400100560,2015년 8월 24일 21시,월요일,전라남도 여수시 여서동,경상사고,0,0,2,0,차대차 - 측면직각충돌,교차로운행방법위반,습기,비,교차로 - 교차로안,화물,남,58세,상해없음,승용,여,42세,경상
2015082400100561,2015년 8월 24일 21시,월요일,전라남도 여수시 웅천동,중상사고,0,1,1,0,차대차 - 측면직각충돌,신호위반,습기,비,교차로 - 교차로안,자전거,남,40세,중상,승용,여,49세,경상
2015082400100591,2015년 8월 24일 22시,월요일,전라남도 담양군 담양읍,경상사고,0,0,1,0,차대차 - 추돌 - 주정차중,안전운전불이행,건조,흐림,교차로 - 교차로부근,승용,여,33세,상해없음,승용,남,32세,경상
2015082400100616,2015년 8월 24일 23시,월요일,전라남도 영암군 삼호읍,경상사고,0,0,2,0,차대차 - 측면직각충돌,안전운전불이행,건조,맑음,교차로 - 교차로안,승용,남,35세,상해없음,승용,남,37세,경상
2015082500100014,2015년 8월 25일 00시,화요일,전라남도 여수시 신기동,경상사고,0,0,1,0,차량단독 - 공작물충돌,안전운전불이행,습기,비,교차로 - 교차로부근,화물,남,31세,경상,,,,
2015082500100015,2015년 8월 25일 00시,화요일,전라남도 나주시 빛가람동,경상사고,0,0,1,0,차대차 - 측면직각충돌,안전운전불이행,습기,비,단일로 - 기타,승용,여,28세,상해없음,승용,남,49세,기타불명
2015082500100016,2015년 8월 25일 00시,화요일,전라남도 고흥군 고흥읍,중상사고,0,1,0,0,차대사람 - 기타,안전운전불이행,건조,맑음,단일로 - 기타,승용,여,38세,상해없음,보행자,남,17세,중상
2015082500100017,2015년 8월 25일 00시,화요일,전라남도 해남군 해남읍,중상사고,0,1,0,0,차대사람 - 길가장자리구역통행중,안전운전불이행,습기,비,교차로 - 교차로안,승용,남,62세,상해없음,보행자,남,58세,중상
2015082500100059,2015년 8월 25일 03시,화요일,전라남도 순천시 해룡면,경상사고,0,0,1,0,차대차 - 기타,안전운전불이행,습기,비,교차로 - 교차로안,화물,남,35세,상해없음,화물,남,63세,경상
2015082500100099,2015년 8월 25일 07시,화요일,전라남도 순천시 교량동,경상사고,0,0,1,0,차대사람 - 기타,안전운전불이행,습기,비,단일로 - 교량,승용,여,61세,상해없음,보행자,남,11세,경상
2015082500100100,2015년 8월 25일 07시,화요일,전라남도 강진군 도암면,경상사고,0,0,1,0,차량단독 - 도로외이탈 - 기타,안전운전불이행,습기,비,교차로 - 교차로부근,화물,남,52세,경상,,,,
2015082500100101,2015년 8월 25일 07시,화요일,전라남도 광양시 광양읍,경상사고,0,0,3,0,차대차 - 기타,안전운전불이행,습기,비,단일로 - 기타,승용,남,35세,경상,승용,남,32세,상해없음
2015082500100102,2015년 8월 25일 07시,화요일,전라남도 광양시 옥곡면,경상사고,0,0,1,0,차대차 - 기타,교차로운행방법위반,습기,비,교차로 - 교차로안,화물,남,67세,상해없음,승용,여,24세,경상
2015082500100148,2015년 8월 25일 08시,화요일,전라남도 나주시 공산면,중상사고,0,1,1,0,차대차 - 측면직각충돌,직진우회전진행방해,습기,비,교차로 - 교차로안,화물,여,58세,중상,승용,여,61세,경상
2015082500100149,2015년 8월 25일 08시,화요일,전라남도 강진군 작천면,경상사고,0,0,1,0,차대차 - 기타,직진우회전진행방해,습기,비,교차로 - 교차로안,화물,남,63세,상해없음,승용,남,52세,경상
2015082500100172,2015년 8월 25일 09시,화요일,전라남도 화순군 화순읍,경상사고,0,0,1,0,차대차 - 측면직각충돌,안전운전불이행,건조,맑음,단일로 - 기타,승용,남,60세,기타불명,승용,남,46세,경상
2015082500100212,2015년 8월 25일 10시,화요일,전라남도 순천시 장천동,경상사고,0,0,2,0,차대차 - 측면직각충돌,신호위반,습기,비,교차로 - 교차로안,승용,남,50세,상해없음,승용,남,70세,경상
2015082500100213,2015년 8월 25일 10시,화요일,전라남도 나주시 남내동,중상사고,0,1,2,0,차대차 - 추돌 - 주정차중,안전거리미확보,건조,맑음,단일로 - 기타,화물,남,52세,상해없음,승합,남,57세,경상
2015082500100214,2015년 8월 25일 10시,화요일,전라남도 나주시 남평읍,중상사고,0,1,0,0,차대차 - 측면직각충돌,직진우회전진행방해,습기,비,교차로 - 교차로안,건설기계,남,45세,상해없음,화물,남,26세,중상
2015082500100215,2015년 8월 25일 10시,화요일,전라남도 화순군 화순읍,경상사고,0,0,2,0,차대차 - 측면직각충돌,신호위반,습기,비,교차로 - 교차로안,승용,남,42세,상해없음,승용,남,52세,경상
2015082500100267,2015년 8월 25일 12시,화요일,전라남도 순천시 풍덕동,중상사고,0,1,0,0,차대차 - 측면직각충돌,안전운전불이행,건조,맑음,교차로 - 교차로안,이륜,남,66세,중상,이륜,남,36세,상해없음
2015082500100302,2015년 8월 25일 13시,화요일,전라남도 영광군 군남면,경상사고,0,0,1,0,차대차 - 측면직각충돌,중앙선침범,습기,비,단일로 - 기타,화물,남,60세,상해없음,승용,남,36세,경상
2015082500100334,2015년 8월 25일 14시,화요일,전라남도 순천시 남정동,중상사고,0,1,0,0,차대사람 - 횡단중,안전운전불이행,건조,맑음,단일로 - 기타,승용,남,55세,상해없음,보행자,여,7세,중상
2015082500100415,2015년 8월 25일 16시,화요일,전라남도 고흥군 점암면,경상사고,0,0,1,0,차량단독 - 기타,안전운전불이행,기타,기타,단일로 - 기타,승합,남,51세,상해없음,,,,
2015082500100458,2015년 8월 25일 17시,화요일,전라남도 여수시 선원동,경상사고,0,0,1,0,차대사람 - 보도통행중,안전운전불이행,건조,맑음,단일로 - 기타,승용,남,39세,상해없음,보행자,남,14세,경상
2015082500100499,2015년 8월 25일 18시,화요일,전라남도 목포시 상동,중상사고,0,1,0,0,차대차 - 기타,안전운전불이행,습기,비,교차로 - 교차로안,승용,여,56세,상해없음,이륜,남,58세,중상
2015082500100500,2015년 8월 25일 18시,화요일,전라남도 영암군 삼호읍,경상사고,0,0,1,0,차대차 - 측면직각충돌,직진우회전진행방해,건조,맑음,교차로 - 교차로안,승용,남,33세,상해없음,원동기,남,23세,경상
2015082500100501,2015년 8월 25일 18시,화요일,전라남도 영암군 삼호읍,경상사고,0,0,1,0,차대차 - 추돌 - 진행중,중앙선침범,건조,맑음,단일로 - 기타,자전거,남,8세,경상,승용,여,47세,상해없음
2015082500100594,2015년 8월 25일 20시,화요일,전라남도 순천시 중앙동,경상사고,0,0,2,0,차대사람 - 횡단중,보행자보호의무위반,건조,맑음,단일로 - 횡단보도상,승용,남,55세,상해없음,보행자,남,53세,경상
2015082500100671,2015년 8월 25일 22시,화요일,전라남도 여수시 학동,경상사고,0,0,3,0,차대차 - 추돌 - 진행중,안전운전불이행,건조,흐림,교차로 - 교차로부근,승용,남,25세,상해없음,승용,남,68세,경상
2015082500100672,2015년 8월 25일 22시,화요일,전라남도 광양시 광양읍,경상사고,0,0,1,0,차대차 - 추돌 - 진행중,안전운전불이행,건조,맑음,교차로 - 교차로부근,화물,남,50세,상해없음,승용,남,54세,경상
2015082600100020,2015년 8월 26일 00시,수요일,전라남도 목포시 대성동,경상사고,0,0,1,0,차대사람 - 횡단중,신호위반,건조,맑음,단일로 - 횡단보도상,승용,남,26세,상해없음,보행자,남,33세,경상