사고번호,사고일시,요일,시군구,사고내용,사망자수,중상자수,경상자수,부상신고자수,사고유형,법규위반,노면상태,기상상태,도로형태,가해운전자 차종,가해운전자 성별,가해운전자 연령,가해운전자 상해정도,피해운전자 차종,피해운전자 성별,피해운전자 연령,피해운전자 상해정도
2015082600100021,2015년 8월 26일 00시,수요일,전라남도 순천시 중앙동,중상사고,0,1,0,0,차대사람 - 차도통행중,안전운전불이행,건조,맑음,교차로 - 교차로안,승용,여,29세,상해없음,보행자,여,64세,중상
2015082600100046,2015년 8월 26일 02시,수요일,전라남도 순천시 매곡동,경상사고,0,0,1,1,차대차 - 측면직각충돌,교차로운행방법위반,건조,맑음,교차로 - 교차로안,승용,남,35세,부상신고,승용,남,27세,경상
2015082600100080,2015년 8월 26일 06시,수요일,전라남도 무안군 망운면,경상사고,0,0,2,0,차대차 - 측면직각충돌,신호위반,건조,맑음,교차로 - 교차로안,화물,남,57세,기타불명,승용,남,62세,경상
2015082600100098,2015년 8월 26일 07시,수요일,전라남도 목포시 산정동,경상사고,0,0,2,0,차대차 - 추돌 - 진행중,안전운전불이행,건조,맑음,교차로 - 교차로안,승용,남,50세,상해없음,승용,여,36세,경상
2015082600100132,2015년 8월 26일 08시,수요일,전라남도 해남군 해남읍,경상사고,0,0,1,0,차대사람 - 횡단중,안전운전불이행,건조,맑음,단일로 - 기타,승용,남,70세,상해없음,보행자,여,75세,경상
2015082600100168,2015년 8월 26일 09시,수요일,전라남도 고흥군 금산면,경상사고,0,0,1,0,차량단독 - 공작물충돌,안전운전불이행,건조,맑음,단일로 - 기타,화물,남,48세,경상,,,,
2015082600100169,2015년 8월 26일 09시,수요일,전라남도 해남군 해남읍,경상사고,0,0,1,0,차대차 - 측면직각충돌,안전운전불이행,건조,맑음,단일로 - 기타,화물,남,61세,상해없음,승용,남,81세,경상
2015082600100241,2015년 8월 26일 11시,수요일,전라남도 화순군 화순읍,경상사고,0,0,1,0,차량단독 - 공작물충돌,안전운전불이행,건조,맑음,단일로 - 기타,원동기,남,77세,경상,,,,
2015082600100242,2015년 8월 26일 11시,수요일,전라남도 강진군 작천면,경상사고,0,0,2,0,차대차 - 정면충돌,안전운전불이행,건조,맑음,단일로 - 기타,승용,남,51세,경상,승용,남,29세,경상
2015082600100243,2015년 8월 26일 11시,수요일,전라남도 구례군 구례읍,경상사고,0,0,1,0,차대차 - 기타,교차로운행방법위반,건조,맑음,교차로 - 교차로안,특수,남,56세,상해없음,이륜,남,67세,경상
2015082600100337,2015년 8월 26일 14시,수요일,전라남도 광양시 중동,경상사고,0,0,1,0,차대사람 - 횡단중,보행자보호의무위반,건조,맑음,단일로 - 기타,승용,남,50세,상해없음,보행자,남,7세,경상
2015082600100363,2015년 8월 26일 15시,수요일,전라남도 목포시 산정동,경상사고,0,0,1,0,차대차 - 측면직각충돌,안전운전불이행,건조,맑음,단일로 - 횡단보도부근,승용,남,60세,상해없음,이륜,남,27세,경상
2015082600100407,2015년 8월 26일 16시,수요일,전라남도 영암군 영암읍,사망사고,1,0,0,0,차량단독 - 도로외이탈 - 추락,안전운전불이행,건조,맑음,교차로 - 교차로부근,화물,남,62세,사망,,,,
2015082600100408,2015년 8월 26일 16시,수요일,전라남도 진도군 지산면,사망사고,1,0,0,0,차량단독 - 전도전복,안전운전불이행,건조,맑음,단일로 - 기타,이륜,여,76세,사망,,,,
2015082600100450,2015년 8월 26일 17시,수요일,전라남도 목포시 석현동,중상사고,0,1,1,0,차대차 - 측면직각충돌,신호위반,건조,맑음,교차로 - 교차로부근,승용,여,50세,상해없음,이륜,남,42세,중상
2015082600100451,2015년 8월 26일 17시,수요일,전라남도 목포시 용해동,경상사고,0,0,1,0,차대차 - 측면직각충돌,안전운전불이행,건조,맑음,교차로 - 교차로안,이륜,남,70세,경상,승용,남,53세,상해없음
2015082600100452,2015년 8월 26일 17시,수요일,전라남도 고흥군 봉래면,경상사고,0,0,2,0,차대차 - 측면직각충돌,신호위반,건조,맑음,교차로 - 교차로안,화물,남,58세,상해없음,승용,남,37세,경상
2015082600100453,2015년 8월 26일 17시,수요일,전라남도 담양군 금성면,사망사고,1,0,0,0,차량단독 - 전도전복,안전운전불이행,건조,맑음,단일로 - 기타,농기계,남,64세,사망,,,,
2015082600100496,2015년 8월 26일 18시,수요일,전라남도 순천시 덕월동,경상사고,0,0,1,0,차대차 - 기타,안전거리미확보,건조,맑음,교차로 - 교차로부근,승용,남,30세,상해없음,승용,여,56세,경상
2015082600100497,2015년 8월 26일 18시,수요일,전라남도 장흥군 장흥읍,중상사고,0,1,0,0,차대차 - 측면직각충돌,직진우회전진행방해,건조,맑음,교차로 - 교차로안,승용,남,67세,상해없음,자전거,남,19세,중상
2015082600100498,2015년 8월 26일 18시,수요일,전라남도 곡성군 목사동면,경상사고,0,0,2,0,차대차 - 추돌 - 진행중,안전운전불이행,건조,맑음,교차로 - 교차로부근,화물,남,68세,경상,승용,여,28세,경상
2015082600100546,2015년 8월 26일 19시,수요일,전라남도 목포시 옥암동,경상사고,0,0,1,0,차대사람 - 길가장자리구역통행중,안전운전불이행,건조,맑음,단일로 - 기타,승용,남,55세,상해없음,보행자,남,43세,경상
2015082600100547,2015년 8월 26일 19시,수요일,전라남도 나주시 노안면,경상사고,0,0,3,0,차량단독 - 공작물충돌,안전운전불이행,건조,맑음,단일로 - 기타,승합,여,55세,경상,,,,
2015082600100616,2015년 8월 26일 21시,수요일,전라남도 목포시 석현동,중상사고,0,1,0,0,차대사람 - 횡단중,보행자보호의무위반,건조,맑음,교차로 - 교차로부근,승용,남,33세,상해없음,보행자,남,56세,중상
2015082600100617,2015년 8월 26일 21시,수요일,전라남도 순천시 연향동,경상사고,0,0,1,0,차대차 - 측면직각충돌,안전운전불이행,건조,맑음,단일로 - 기타,승용,기타불명,기타불명,기타불명,승용,여,41세,경상
2015082600100655,2015년 8월 26일 22시,수요일,전라남도 나주시 송월동,중상사고,0,1,2,0,차대차 - 기타,신호위반,건조,맑음,교차로 - 교차로안,승용,남,20세,경상,승용,여,59세,경상
2015082600100680,2015년 8월 26일 23시,수요일,전라남도 순천시 영동,중상사고,0,1,0,0,차대사람 - 횡단중,보행자보호의무위반,건조,맑음,단일로 - 기타,승용,여,55세,상해없음,보행자,여,68세,중상
2015082700100015,2015년 8월 27일 00시,목요일,전라남도 영암군 삼호읍,부상신고사고,0,0,0,1,차대차 - 추돌 - 주정차중,안전운전불이행,건조,맑음,교차로 - 교차로부근,승용,남,36세,부상신고,건설기계,남,32세,기타불명
2015082700100114,2015년 8월 27일 07시,목요일,전라남도 목포시 용당동,중상사고,0,1,0,0,차대차 - 기타,기타,건조,맑음,단일로 - 터널,기타불명,기타불명,기타불명,기타불명,자전거,남,16세,중상
2015082700100115,2015년 8월 27일 07시,목요일,전라남도 광양시 광양읍,중상사고,0,1,0,0,차대차 - 기타,안전운전불이행,건조,맑음,단일로 - 기타,이륜,남,79세,중상,승용,남,47세,상해없음
2015082700100228,2015년 8월 27일 11시,목요일,전라남도 목포시 용당동,경상사고,0,0,2,0,차대차 - 기타,안전운전불이행,건조,맑음,단일로 - 기타,승용,남,34세,상해없음,승용,남,55세,경상
2015082700100229,2015년 8월 27일 11시,목요일,전라남도 강진군 대구면,중상사고,0,1,1,0,차대차 - 정면충돌,안전운전불이행,건조,맑음,단일로 - 기타,화물,여,62세,상해없음,화물,남,56세,상해없음
2015082700100249,2015년 8월 27일 12시,목요일,전라남도 여수시 화장동,중상사고,0,1,0,0,차대사람 - 길가장자리구역통행중,안전운전불이행,건조,맑음,단일로 - 기타,승합,남,47세,상해없음,보행자,여,67세,중상
2015082700100276,2015년 8월 27일 13시,목요일,전라남도 순천시 인제동,경상사고,0,0,1,0,차대사람 - 기타,안전운전불이행,습기,비,단일로 - 기타,승용,여,47세,상해없음,보행자,남,61세,경상
2015082700100277,2015년 8월 27일 13시,목요일,전라남도 진도군 임회면,경상사고,0,0,1,0,차대차 - 기타,중앙선침범,건조,맑음,단일로 - 기타,특수,기타불명,기타불명,기타불명,화물,여,45세,경상
2015082700100312,2015년 8월 27일 14시,목요일,전라남도 보성군 보성읍,경상사고,0,0,1,0,차대차 - 추돌 - 주정차중,안전운전불이행,건조,맑음,교차로 - 교차로부근,승용,여,47세,상해없음,승용,남,46세,경상
2015082700100348,2015년 8월 27일 15시,목요일,전라남도 여수시 학동,경상사고,0,0,1,0,차대차 - 추돌 - 진행중,안전거리미확보,건조,맑음,교차로 - 교차로부근,승합,남,55세,상해없음,승용,여,53세,경상
2015082700100349,2015년 8월 27일 15시,목요일,전라남도 고흥군 도양읍,경상사고,0,0,1,0,차대차 - 측면직각충돌,안전운전불이행,건조,맑음,교차로 - 교차로안,농기계,남,59세,경상,승용,남,57세,상해없음
2015082700100384,2015년 8월 27일 16시,목요일,전라남도 순천시 왕지동,경상사고,0,0,1,0,차대차 - 기타,안전운전불이행,습기,비,단일로 - 기타,승용,여,46세,상해없음,승용,여,39세,경상
2015082700100385,2015년 8월 27일 16시,목요일,전라남도 나주시 금천면,경상사고,0,0,1,1,차대차 - 정면충돌,안전운전불이행,건조,맑음,단일로 - 기타,농기계,남,76세,부상신고,화물,남,25세,경상
2015082700100386,2015년 8월 27일 16시,목요일,전라남도 장성군 장성읍,부상신고사고,0,0,0,1,차대차 - 기타,교차로운행방법위반,건조,맑음,교차로 - 교차로안,이륜,여,65세,부상신고,승용,여,54세,상해없음
2015082700100441,2015년 8월 27일 17시,목요일,전라남도 나주시 산포면,부상신고사고,0,0,0,1,차대차 - 측면직각충돌,직진우회전진행방해,건조,맑음,교차로 - 교차로부근,승용,남,53세,상해없음,원동기,남,63세,부상신고
2015082700100487,2015년 8월 27일 18시,목요일,전라남도 목포시 동명동,경상사고,0,0,1,0,차대차 - 측면직각충돌,안전운전불이행,건조,맑음,교차로 - 교차로부근,이륜,남,19세,경상,화물,남,60세,상해없음
2015082700100488,2015년 8월 27일 18시,목요일,전라남도 목포시 상동,경상사고,0,0,1,0,차대차 - 기타,안전운전불이행,건조,맑음,단일로 - 기타,기타불명,기타불명,기타불명,기타불명,이륜,남,19세,경상
2015082700100489,2015년 8월 27일 18시,목요일,전라남도 영암군 삼호읍,중상사고,0,1,0,0,차대차 - 측면직각충돌,안전운전불이행,건조,맑음,교차로 - 교차로안,승용,남,36세,상해없음,이륜,남,27세,중상
2015082700100490,2015년 8월 27일 18시,목요일,전라남도 담양군 대전면,경상사고,0,0,1,0,차대사람 - 횡단중,안전운전불이행,건조,맑음,교차로 - 교차로안,승용,남,53세,상해없음,보행자,남,74세,경상
2015082700100563,2015년 8월 27일 20시,목요일,전라남도 화순군 화순읍,사망사고,1,2,0,0,차대차 - 추돌 - 주정차중,안전운전불이행,건조,맑음,단일로 - 기타,화물,남,72세,중상,화물,남,52세,기타불명
2015082700100602,2015년 8월 27일 21시,목요일,전라남도 목포시 옥암동,경상사고,0,0,3,0,차대차 - 측면직각충돌,안전운전불이행,건조,맑음,교차로 - 교차로안,승용,여,46세,상해없음,승용,남,32세,경상
2015082700100603,2015년 8월 27일 21시,목요일,전라남도 광양시 마동,경상사고,0,0,1,0,차대차 - 측면직각충돌,교차로운행방법위반,건조,맑음,교차로 - 교차로안,승용,남,50세,상해없음,자전거,남,27세,경상
2015082700100632,2015년 8월 27일 22시,목요일,전라남도 광양시 중동,중상사고,0,1,0,0,차대사람 - 횡단중,안전운전불이행,건조,맑음,단일로 - 횡단보도부근,승용,남,42세,상해없음,보행자,여,15세,중상
2015082800100057,2015년 8월 28일 04시,금요일,전라남도 화순군 화순읍,경상사고,0,0,1,0,차대차 - 측면직각충돌,중앙선침범,건조,맑음,기타 - 기타,승용,남,33세,상해없음,승용,남,47세,경상
2015082800100058,2015년 8월 28일 04시,금요일,전라남도 영암군 삼호읍,경상사고,0,0,1,0,차대차 - 기타,기타,건조,맑음,교차로 - 교차로부근,승용,남,38세,기타불명,자전거,여,52세,경상
2015082800100094,2015년 8월 28일 07시,금요일,전라남도 영암군 삼호읍,경상사고,0,0,2,0,차대차 - 기타,안전운전불이행,건조,맑음,교차로 - 교차로안,승용,남,49세,경상,승용,남,50세,상해없음
2015082800100095,2015년 8월 28일 07시,금요일,전라남도 구례군 구례읍,경상사고,0,0,1,0,차대사람 - 기타,안전운전불이행,건조,맑음,단일로 - 기타,화물,남,36세,상해없음,보행자,여,65세,경상
2015082800100130,2015년 8월 28일 08시,금요일,전라남도 여수시 학동,경상사고,0,0,4,0,차대차 - 측면직각충돌,교차로운행방법위반,건조,맑음,교차로 - 교차로안,승용,남,28세,경상,승용,여,45세,경상
2015082800100131,2015년 8월 28일 08시,금요일,전라남도 여수시 둔덕동,경상사고,0,0,1,0,차대차 - 추돌 - 주정차중,안전운전불이행,건조,맑음,교차로 - 교차로부근,승용,여,50세,상해없음,승용,여,39세,경상
2015082800100132,2015년 8월 28일 08시,금요일,전라남도 보성군 보성읍,중상사고,0,1,0,0,차대사람 - 길가장자리구역통행중,안전운전불이행,건조,맑음,단일로 - 기타,원동기,남,78세,상해없음,보행자,여,81세,중상
2015082800100133,2015년 8월 28일 08시,금요일,전라남도 장성군 장성읍,중상사고,0,1,0,0,차량단독 - 전도전복,안전운전불이행,건조,맑음,단일로 - 기타,이륜,남,74세,상해없음,,,,
2015082800100165,2015년 8월 28일 09시,금요일,전라남도 나주시 대기동,경상사고,0,0,1,0,차대차 - 측면직각충돌,안전운전불이행,건조,맑음,단일로 - 기타,원동기,남,72세,경상,승용,남,31세,상해없음
2015082800100166,2015년 8월 28일 09시,금요일,전라남도 광양시 중동,중상사고,0,1,0,0,차대차 - 측면직각충돌,교차로운행방법위반,건조,맑음,교차로 - 교차로안,승용,여,34세,상해없음,원동기,여,44세,중상
2015082800100167,2015년 8월 28일 09시,금요일,전라남도 구례군 구례읍,경상사고,0,0,2,0,차대차 - 기타,안전운전불이행,건조,맑음,교차로 - 교차로안,승용,남,67세,상해없음,이륜,남,53세,경상
2015082800100202,2015년 8월 28일 10시,금요일,전라남도 순천시 석현동,중상사고,0,1,0,0,차대사람 - 횡단중,보행자보호의무위반,건조,맑음,단일로 - 횡단보도상,승용,남,66세,상해없음,보행자,여,76세,중상
2015082800100203,2015년 8월 28일 10시,금요일,전라남도 고흥군 고흥읍,경상사고,0,0,2,0,차대차 - 측면직각충돌,안전운전불이행,건조,맑음,단일로 - 기타,원동기,남,59세,경상,원동기,남,79세,경상
2015082800100204,2015년 8월 28일 10시,금요일,전라남도 장성군 장성읍,중상사고,0,1,0,0,차대차 - 추돌 - 진행중,안전거리미확보,건조,맑음,단일로 - 기타,승용,남,36세,상해없음,이륜,남,83세,중상
2015082800100205,2015년 8월 28일 10시,금요일,전라남도 무안군 현경면,경상사고,0,0,1,0,차대차 - 추돌 - 진행중,안전운전불이행,건조,맑음,교차로 - 교차로안,화물,남,43세,기타불명,화물,남,46세,경상
2015082800100224,2015년 8월 28일 11시,금요일,전라남도 순천시 승주읍,사망사고,1,0,0,0,차량단독 - 도로외이탈 - 추락,안전운전불이행,건조,맑음,단일로 - 기타,화물,남,49세,사망,,,,
2015082800100225,2015년 8월 28일 11시,금요일,전라남도 순천시 주암면,중상사고,0,1,0,0,차대차 - 기타,안전거리미확보,건조,맑음,단일로 - 기타,승용,여,51세,상해없음,이륜,여,58세,중상
2015082800100226,2015년 8월 28일 11시,금요일,전라남도 나주시 대호동,경상사고,0,0,2,0,차대차 - 측면직각충돌,직진우회전진행방해,건조,맑음,교차로 - 교차로안,승용,여,58세,상해없음,승용,여,42세,경상
2015082800100227,2015년 8월 28일 11시,금요일,전라남도 담양군 대전면,중상사고,0,1,3,0,차대차 - 정면충돌,직진우회전진행방해,건조,맑음,교차로 - 교차로안,승용,남,50세,경상,승용,남,39세,경상
2015082800100257,2015년 8월 28일 12시,금요일,전라남도 목포시 대양동,중상사고,0,1,0,0,차량단독 - 공작물충돌,안전운전불이행,건조,맑음,단일로 - 기타,화물,남,42세,중상,,,,
2015082800100291,2015년 8월 28일 13시,금요일,전라남도 목포시 상동,경상사고,0,0,2,0,차대차 - 측면직각충돌,교차로운행방법위반,건조,맑음,교차로 - 교차로안,승용,남,42세,경상,승용,여,68세,경상
2015082800100292,2015년 8월 28일 13시,금요일,전라남도 여수시 학동,경상사고,0,0,2,0,차대차 - 측면직각충돌,교차로운행방법위반,건조,맑음,교차로 - 교차로안,승용,여,52세,상해없음,승용,여,42세,경상
2015082800100293,2015년 8월 28일 13시,금요일,전라남도 여수시 선원동,경상사고,0,0,1,0,차대차 - 측면직각충돌,신호위반,건조,맑음,교차로 - 교차로안,승용,남,61세,상해없음,승용,남,41세,경상
2015082800100294,2015년 8월 28일 13시,금요일,전라남도 순천시 장천동,경상사고,0,0,2,0,차대차 - 측면직각충돌,안전운전불이행,건조,맑음,단일로 - 기타,화물,남,35세,경상,승용,남,38세,상해없음
2015082800100295,2015년 8월 28일 13시,금요일,전라남도 순천시 황전면,중상사고,0,1,0,0,차대사람 - 길가장자리구역통행중,안전운전불이행,건조,맑음,단일로 - 기타,화물,남,48세,상해없음,보행자,여,77세,중상
2015082800100296,2015년 8월 28일 13시,금요일,전라남도 장성군 장성읍,경상사고,0,0,1,0,차대차 - 측면직각충돌,신호위반,건조,맑음,교차로 - 교차로안,승용,여,67세,상해없음,승용,여,40세,경상
2015082800100297,2015년 8월 28일 13시,금요일,전라남도 담양군 담양읍,중상사고,0,1,1,0,차대차 - 기타,안전운전불이행,건조,맑음,교차로 - 교차로안,원동기,남,68세,중상,승합,남,41세,경상
2015082800100330,2015년 8월 28일 14시,금요일,전라남도 목포시 산정동,경상사고,0,0,3,0,차대차 - 기타,안전거리미확보,건조,맑음,단일로 - 기타,화물,남,40세,경상,화물,남,32세,상해없음
2015082800100331,2015년 8월 28일 14시,금요일,전라남도 나주시 금천면,경상사고,0,0,1,0,차대차 - 추돌 - 주정차중,안전운전불이행,건조,맑음,교차로 - 교차로부근,승용,여,40세,상해없음,원동기,남,78세,경상
2015082800100380,2015년 8월 28일 15시,금요일,전라남도 목포시 광동1가,경상사고,0,0,1,0,차대차 - 기타,교차로운행방법위반,건조,맑음,교차로 - 교차로안,승용,남,37세,상해없음,자전거,남,34세,경상
2015082800100381,2015년 8월 28일 15시,금요일,전라남도 여수시 선원동,경상사고,0,0,1,0,차대차 - 측면직각충돌,안전운전불이행,건조,맑음,단일로 - 기타,승용,남,63세,상해없음,승용,남,21세,상해없음
2015082800100382,2015년 8월 28일 15시,금요일,전라남도 무안군 삼향읍,중상사고,0,1,3,0,차대차 - 측면직각충돌,교차로운행방법위반,건조,맑음,교차로 - 교차로안,승용,여,40세,경상,승용,여,49세,경상
2015082800100429,2015년 8월 28일 16시,금요일,전라남도 장성군 남면,경상사고,0,0,1,0,차대차 - 추돌 - 진행중,안전거리미확보,건조,맑음,단일로 - 기타,특수,남,42세,상해없음,화물,남,62세,경상
2015082800100475,2015년 8월 28일 17시,금요일,전라남도 장흥군 부산면,경상사고,0,0,1,0,차대사람 - 기타,안전운전불이행,건조,맑음,단일로 - 기타,승용,여,55세,상해없음,보행자,여,74세,경상
2015082800100476,2015년 8월 28일 17시,금요일,전라남도 담양군 창평면,중상사고,0,1,0,0,차대차 - 측면직각충돌,직진우회전진행방해,습기,흐림,교차로 - 교차로안,원동기,남,77세,중상,승용,남,43세,상해없음
2015082800100520,2015년 8월 28일 18시,금요일,전라남도 진도군 군내면,경상사고,0,0,3,0,차대차 - 측면직각충돌,안전운전불이행,건조,맑음,단일로 - 기타,승용,남,29세,상해없음,승용,남,24세,경상
2015082800100565,2015년 8월 28일 19시,금요일,전라남도 담양군 대전면,부상신고사고,0,0,0,1,차량단독 - 기타,안전운전불이행,건조,맑음,단일로 - 기타,승용,남,41세,부상신고,,,,
2015082800100600,2015년 8월 28일 20시,금요일,전라남도 여수시 신기동,중상사고,0,1,0,0,차대차 - 측면직각충돌,안전거리미확보,건조,맑음,단일로 - 기타,승용,남,23세,상해없음,승합,남,67세,중상
2015082800100629,2015년 8월 28일 21시,금요일,전라남도 목포시 옥암동,경상사고,0,0,1,0,차대차 - 기타,안전운전불이행,건조,맑음,교차로 - 교차로부근,원동기,남,23세,경상,승용,여,47세,상해없음
2015082800100630,2015년 8월 28일 21시,금요일,전라남도 해남군 현산면,경상사고,0,0,1,1,차대차 - 측면직각충돌,직진우회전진행방해,건조,맑음,교차로 - 교차로안,승용,여,47세,부상신고,화물,남,57세,경상
2015082800100655,2015년 8월 28일 22시,금요일,전라남도 광양시 광양읍,경상사고,0,0,1,0,차대사람 - 횡단중,안전운전불이행,건조,맑음,단일로 - 기타,승용,남,54세,상해없음,보행자,남,52세,경상
2015082800100685,2015년 8월 28일 23시,금요일,전라남도 목포시 동명동,경상사고,0,0,3,0,차대차 - 측면직각충돌,신호위반,건조,맑음,교차로 - 교차로안,승용,남,36세,상해없음,승용,남,47세,경상
2015082800100686,2015년 8월 28일 23시,금요일,전라남도 여수시 선원동,경상사고,0,0,2,0,차대차 - 측면직각충돌,안전거리미확보,건조,맑음,단일로 - 기타,승용,남,31세,상해없음,이륜,남,17세,경상
2015082900100013,2015년 8월 29일 00시,토요일,전라남도 고흥군 포두면,경상사고,0,0,1,0,차량단독 - 공작물충돌,기타,건조,맑음,단일로 - 기타,승용,남,25세,경상,,,,
2015082900100079,2015년 8월 29일 04시,토요일,전라남도 목포시 상동,경상사고,0,0,5,0,차대차 - 기타,직진우회전진행방해,건조,맑음,교차로 - 교차로안,승용,남,42세,상해없음,승용,여,32세,경상
2015082900100080,2015년 8월 29일 04시,토요일,전라남도 광양시 마동,경상사고,0,0,3,0,차대차 - 추돌 - 진행중,안전운전불이행,건조,맑음,단일로 - 기타,승용,남,34세,경상,승용,남,49세,경상
2015082900100209,2015년 8월 29일 10시,토요일,전라남도 광양시 태인동,경상사고,0,0,4,0,차대차 - 추돌 - 진행중,교차로운행방법위반,건조,맑음,교차로 - 교차로안,승용,남,46세,경상,승용,남,47세,경상
2015082900100210,2015년 8월 29일 10시,토요일,전라남도 장성군 남면,경상사고,0,0,1,0,차대차 - 추돌 - 진행중,안전운전불이행,건조,맑음,단일로 - 기타,승용,남,30세,상해없음,승용,남,56세,경상
2015082900100247,2015년 8월 29일 11시,토요일,전라남도 여수시 학동,중상사고,0,1,2,0,차대차 - 추돌 - 주정차중,안전운전불이행,건조,맑음,교차로 - 교차로부근,화물,남,42세,상해없음,승용,남,33세,중상
2015082900100248,2015년 8월 29일 11시,토요일,전라남도 해남군 산이면,경상사고,0,0,2,0,차대차 - 추돌 - 주정차중,안전거리미확보,건조,맑음,교차로 - 교차로부근,승용,남,70세,상해없음,승용,남,36세,경상
2015082900100249,2015년 8월 29일 11시,토요일,전라남도 광양시 광양읍,중상사고,0,1,0,0,차대차 - 측면직각충돌,안전운전불이행,건조,맑음,교차로 - 교차로안,승용,남,22세,상해없음,자전거,여,67세,중상
2015082900100290,2015년 8월 29일 12시,토요일,전라남도 순천시 연향동,경상사고,0,0,1,0,차대차 - 기타,신호위반,건조,맑음,단일로 - 기타,승용,남,38세,상해없음,자전거,남,30세,경상
2015082900100291,2015년 8월 29일 12시,토요일,전라남도 영광군 법성면,경상사고,0,0,1,0,차대차 - 기타,안전운전불이행,건조,맑음,단일로 - 기타,승용,남,30세,상해없음,원동기,남,60세,경상
2015082900100292,2015년 8월 29일 12시,토요일,전라남도 곡성군 죽곡면,경상사고,0,0,1,0,차대사람 - 기타,안전운전불이행,건조,맑음,기타 - 기타,승용,남,56세,기타불명,보행자,여,55세,경상
2015082900100332,2015년 8월 29일 13시,토요일,전라남도 영광군 불갑면,중상사고,0,1,0,0,차대차 - 추돌 - 진행중,안전운전불이행,건조,맑음,단일로 - 기타,승용,남,19세,상해없음,승용,남,28세,중상
2015082900100333,2015년 8월 29일 13시,토요일,전라남도 여수시 신기동,중상사고,0,1,0,0,차대차 - 측면직각충돌,중앙선침범,건조,맑음,단일로 - 기타,화물,남,39세,상해없음,이륜,남,24세,중상
2015082900100334,2015년 8월 29일 13시,토요일,전라남도 순천시 낙안면,경상사고,0,0,1,0,차대차 - 기타,안전운전불이행,건조,맑음,단일로 - 기타,화물,남,52세,상해없음,농기계,남,74세,경상
2015082900100335,2015년 8월 29일 13시,토요일,전라남도 순천시 황전면,중상사고,0,2,1,0,차대차 - 기타,신호위반,건조,맑음,교차로 - 교차로안,건설기계,남,44세,상해없음,승용,여,46세,중상
2015082900100336,2015년 8월 29일 13시,토요일,전라남도 고흥군 도양읍,경상사고,0,0,1,0,차대차 - 추돌 - 주정차중,안전운전불이행,건조,맑음,단일로 - 기타,승용,남,60세,상해없음,승용,남,29세,경상
2015082900100337,2015년 8월 29일 13시,토요일,전라남도 광양시 광양읍,경상사고,0,0,1,0,차대사람 - 기타,안전운전불이행,건조,맑음,단일로 - 기타,승용,여,42세,상해없음,보행자,남,59세,경상
2015082900100382,2015년 8월 29일 14시,토요일,전라남도 목포시 옥암동,경상사고,0,0,2,0,차대차 - 측면직각충돌,안전운전불이행,건조,맑음,교차로 - 교차로안,승용,남,41세,상해없음,승용,남,43세,경상
2015082900100383,2015년 8월 29일 14시,토요일,전라남도 순천시 조례동,중상사고,0,1,0,0,차대사람 - 기타,안전운전불이행,건조,맑음,교차로 - 교차로안,화물,남,27세,상해없음,보행자,남,83세,중상
2015082900100384,2015년 8월 29일 14시,토요일,전라남도 장성군 북일면,경상사고,0,0,1,0,차량단독 - 공작물충돌,안전운전불이행,건조,맑음,단일로 - 기타,승용,남,54세,경상,,,,
2015082900100385,2015년 8월 29일 14시,토요일,전라남도 무안군 해제면,경상사고,0,0,1,0,차대차 - 측면직각충돌,교차로운행방법위반,건조,맑음,교차로 - 교차로안,승용,남,78세,경상,화물,남,54세,상해없음
2015082900100386,2015년 8월 29일 14시,토요일,전라남도 순천시 해룡면,경상사고,0,0,1,0,차대차 - 추돌 - 진행중,안전거리미확보,건조,맑음,단일로 - 기타,승용,남,40세,상해없음,승용,남,52세,경상
2015082900100435,2015년 8월 29일 15시,토요일,전라남도 화순군 동복면,중상사고,0,1,0,0,차대사람 - 기타,안전운전불이행,건조,맑음,단일로 - 기타,승용,남,44세,상해없음,보행자,여,85세,중상
2015082900100514,2015년 8월 29일 17시,토요일,전라남도 목포시 무안동,중상사고,0,2,0,0,차대사람 - 기타,안전운전불이행,건조,맑음,교차로 - 교차로부근,화물,남,52세,상해없음,보행자,남,64세,중상
2015082900100556,2015년 8월 29일 18시,토요일,전라남도 목포시 상동,경상사고,0,0,1,0,차대차 - 측면직각충돌,중앙선침범,건조,맑음,단일로 - 기타,승용,여,22세,상해없음,승용,여,51세,경상
2015082900100602,2015년 8월 29일 19시,토요일,전라남도 여수시 여서동,경상사고,0,0,3,0,차대차 - 측면직각충돌,교차로운행방법위반,건조,맑음,교차로 - 교차로안,화물,남,59세,상해없음,승용,남,32세,경상
2015082900100603,2015년 8월 29일 19시,토요일,전라남도 나주시 대호동,경상사고,0,0,1,0,차대사람 - 횡단중,안전운전불이행,건조,기타,교차로 - 교차로안,승용,남,73세,상해없음,보행자,여,77세,경상
2015082900100604,2015년 8월 29일 19시,토요일,전라남도 함평군 학교면,경상사고,0,0,3,0,차대차 - 추돌 - 진행중,안전운전불이행,건조,맑음,단일로 - 기타,승용,남,28세,상해없음,승용,여,39세,경상
2015082900100605,2015년 8월 29일 19시,토요일,전라남도 함평군 학교면,경상사고,0,0,1,0,차대차 - 측면직각충돌,안전운전불이행,건조,맑음,단일로 - 기타,승용,남,39세,상해없음,승용,남,57세,경상