사고번호,사고일시,요일,시군구,사고내용,사망자수,중상자수,경상자수,부상신고자수,사고유형,법규위반,노면상태,기상상태,도로형태,가해운전자 차종,가해운전자 성별,가해운전자 연령,가해운전자 상해정도,피해운전자 차종,피해운전자 성별,피해운전자 연령,피해운전자 상해정도
2015090300100116,2015년 9월 3일 06시,목요일,전라남도 순천시 황전면,중상사고,0,2,0,0,차량단독 - 공작물충돌,안전운전불이행,습기,비,단일로 - 기타,승용,남,41세,중상,,,,
2015090300100117,2015년 9월 3일 06시,목요일,전라남도 나주시 남평읍,중상사고,0,1,0,0,차량단독 - 기타,안전운전불이행,습기,흐림,단일로 - 기타,화물,남,55세,중상,,,,
2015090300100139,2015년 9월 3일 07시,목요일,전라남도 목포시 옥암동,경상사고,0,0,1,0,차대차 - 추돌 - 진행중,안전거리미확보,건조,맑음,교차로 - 교차로부근,화물,남,56세,상해없음,승용,여,45세,경상
2015090300100140,2015년 9월 3일 07시,목요일,전라남도 목포시 용당동,경상사고,0,0,1,0,차대차 - 추돌 - 주정차중,안전운전불이행,건조,맑음,단일로 - 기타,승용,남,22세,상해없음,승용,남,70세,상해없음
2015090300100141,2015년 9월 3일 07시,목요일,전라남도 영광군 대마면,경상사고,0,0,1,0,차대차 - 측면직각충돌,중앙선침범,건조,맑음,단일로 - 기타,승용,남,67세,상해없음,승용,여,51세,경상
2015090300100171,2015년 9월 3일 08시,목요일,전라남도 강진군 성전면,사망사고,1,0,0,0,차대차 - 기타,안전운전불이행,건조,맑음,단일로 - 기타,원동기,남,82세,사망,승용,남,38세,상해없음
2015090300100172,2015년 9월 3일 08시,목요일,전라남도 완도군 약산면,중상사고,0,1,1,0,차대차 - 측면직각충돌,교차로운행방법위반,건조,맑음,교차로 - 교차로안,승용,여,48세,경상,농기계,남,72세,중상
2015090300100173,2015년 9월 3일 08시,목요일,전라남도 광양시 옥곡면,경상사고,0,0,1,0,차량단독 - 기타,안전운전불이행,건조,맑음,단일로 - 기타,자전거,남,51세,경상,,,,
2015090300100210,2015년 9월 3일 09시,목요일,전라남도 순천시 연향동,경상사고,0,0,1,0,차대차 - 기타,안전운전불이행,건조,맑음,기타 - 기타,화물,남,49세,상해없음,화물,여,62세,경상
2015090300100211,2015년 9월 3일 09시,목요일,전라남도 담양군 담양읍,경상사고,0,0,5,0,차대차 - 측면직각충돌,안전거리미확보,건조,맑음,단일로 - 기타,승용,남,23세,경상,화물,남,38세,경상
2015090300100240,2015년 9월 3일 10시,목요일,전라남도 영암군 삼호읍,경상사고,0,0,2,0,차대차 - 추돌 - 진행중,안전운전불이행,건조,맑음,교차로 - 교차로부근,승용,남,61세,상해없음,승용,여,43세,경상
2015090300100241,2015년 9월 3일 10시,목요일,전라남도 무안군 현경면,중상사고,0,1,0,0,차량단독 - 공작물충돌,안전운전불이행,건조,맑음,단일로 - 기타,이륜,남,69세,중상,,,,
2015090300100263,2015년 9월 3일 11시,목요일,전라남도 여수시 미평동,중상사고,0,1,1,0,차대차 - 측면직각충돌,차로위반,건조,맑음,교차로 - 교차로부근,화물,남,41세,상해없음,승용,여,54세,중상
2015090300100325,2015년 9월 3일 13시,목요일,전라남도 목포시 연산동,경상사고,0,0,1,0,차대사람 - 기타,안전운전불이행,기타,맑음,기타 - 기타,화물,남,49세,상해없음,보행자,남,49세,경상
2015090300100326,2015년 9월 3일 13시,목요일,전라남도 화순군 화순읍,중상사고,0,3,2,0,차대차 - 측면직각충돌,교차로운행방법위반,건조,맑음,교차로 - 교차로안,승용,남,37세,중상,화물,남,68세,상해없음
2015090300100327,2015년 9월 3일 13시,목요일,전라남도 영암군 삼호읍,중상사고,0,1,0,0,차대차 - 측면직각충돌,안전운전불이행,건조,맑음,교차로 - 교차로부근,자전거,여,71세,중상,화물,남,42세,기타불명
2015090300100426,2015년 9월 3일 16시,목요일,전라남도 해남군 북일면,경상사고,0,0,1,0,차대차 - 추돌 - 주정차중,안전거리미확보,건조,맑음,교차로 - 교차로부근,화물,남,66세,기타불명,승용,여,75세,상해없음
2015090300100470,2015년 9월 3일 17시,목요일,전라남도 나주시 빛가람동,경상사고,0,0,1,0,차대차 - 측면직각충돌,안전운전불이행,건조,맑음,교차로 - 교차로안,승용,여,38세,상해없음,원동기,남,33세,경상
2015090300100471,2015년 9월 3일 17시,목요일,전라남도 고흥군 과역면,중상사고,0,1,0,0,차량단독 - 기타,안전운전불이행,건조,맑음,단일로 - 기타,원동기,남,78세,중상,,,,
2015090300100512,2015년 9월 3일 18시,목요일,전라남도 순천시 연향동,중상사고,0,1,1,0,차대차 - 기타,안전운전불이행,건조,맑음,교차로 - 교차로부근,승용,여,55세,중상,승용,남,42세,경상
2015090300100513,2015년 9월 3일 18시,목요일,전라남도 나주시 남평읍,경상사고,0,0,2,0,차대차 - 추돌 - 주정차중,안전운전불이행,건조,맑음,교차로 - 교차로부근,승용,남,35세,상해없음,화물,남,43세,경상
2015090300100545,2015년 9월 3일 19시,목요일,전라남도 목포시 상동,중상사고,0,1,0,0,차대차 - 기타,안전운전불이행,건조,맑음,기타 - 기타,자전거,남,12세,상해없음,자전거,남,58세,중상
2015090300100583,2015년 9월 3일 20시,목요일,전라남도 목포시 동명동,경상사고,0,0,1,0,차대차 - 정면충돌,안전운전불이행,건조,맑음,교차로 - 교차로안,승용,남,22세,상해없음,이륜,남,18세,경상
2015090300100612,2015년 9월 3일 21시,목요일,전라남도 목포시 용당동,경상사고,0,0,3,1,차대차 - 측면직각충돌,교차로운행방법위반,건조,맑음,교차로 - 교차로안,승용,남,33세,경상,승용,남,42세,경상
2015090300100643,2015년 9월 3일 22시,목요일,전라남도 순천시 매곡동,경상사고,0,0,4,0,차대차 - 추돌 - 주정차중,안전운전불이행,건조,맑음,교차로 - 교차로부근,승용,남,49세,상해없음,승용,남,50세,경상
2015090400100012,2015년 9월 4일 00시,금요일,전라남도 순천시 주암면,중상사고,0,1,0,0,차대차 - 추돌 - 진행중,안전운전불이행,건조,맑음,단일로 - 기타,승용,남,24세,중상,화물,남,57세,상해없음
2015090400100026,2015년 9월 4일 01시,금요일,전라남도 목포시 상동,경상사고,0,0,1,0,차대차 - 측면직각충돌,안전운전불이행,건조,맑음,교차로 - 교차로안,승용,남,21세,기타불명,승용,여,42세,경상
2015090400100036,2015년 9월 4일 02시,금요일,전라남도 여수시 여서동,중상사고,0,3,1,0,차량단독 - 공작물충돌,안전운전불이행,건조,맑음,교차로 - 교차로안,승용,남,29세,중상,,,,
2015090400100054,2015년 9월 4일 04시,금요일,전라남도 순천시 덕암동,사망사고,1,0,0,0,차대사람 - 기타,보행자보호의무위반,건조,맑음,단일로 - 횡단보도상,승용,남,32세,상해없음,보행자,여,83세,사망
2015090400100062,2015년 9월 4일 05시,금요일,전라남도 순천시 주암면,경상사고,0,0,2,0,차량단독 - 공작물충돌,안전운전불이행,습기,안개,단일로 - 기타,승용,여,21세,경상,,,,
2015090400100074,2015년 9월 4일 06시,금요일,전라남도 여수시 둔덕동,중상사고,0,1,2,0,차대차 - 추돌 - 주정차중,안전운전불이행,건조,맑음,단일로 - 기타,승용,남,36세,상해없음,화물,남,44세,경상
2015090400100139,2015년 9월 4일 08시,금요일,전라남도 여수시 덕충동,경상사고,0,0,1,0,차대차 - 측면직각충돌,안전운전불이행,건조,맑음,교차로 - 교차로안,특수,남,38세,상해없음,자전거,남,43세,경상
2015090400100140,2015년 9월 4일 08시,금요일,전라남도 순천시 연향동,경상사고,0,0,1,0,차대차 - 측면직각충돌,신호위반,건조,맑음,교차로 - 교차로안,승용,남,26세,상해없음,승용,여,28세,경상
2015090400100141,2015년 9월 4일 08시,금요일,전라남도 순천시 매곡동,중상사고,0,1,0,0,차대사람 - 기타,안전운전불이행,건조,맑음,단일로 - 기타,승용,여,32세,상해없음,보행자,남,60세,중상
2015090400100185,2015년 9월 4일 09시,금요일,전라남도 순천시 왕지동,경상사고,0,0,1,0,차대차 - 기타,안전운전불이행,건조,맑음,단일로 - 기타,승합,여,43세,상해없음,승용,남,41세,경상
2015090400100186,2015년 9월 4일 09시,금요일,전라남도 함평군 월야면,중상사고,0,1,0,0,차대사람 - 횡단중,안전운전불이행,건조,맑음,교차로 - 교차로안,화물,남,39세,상해없음,보행자,남,76세,중상
2015090400100187,2015년 9월 4일 09시,금요일,전라남도 영암군 군서면,경상사고,0,0,4,0,차대차 - 측면직각충돌,직진우회전진행방해,건조,맑음,교차로 - 교차로안,승용,여,48세,경상,승용,남,32세,경상
2015090400100219,2015년 9월 4일 10시,금요일,전라남도 목포시 상동,중상사고,0,1,0,0,차대사람 - 횡단중,안전운전불이행,건조,맑음,단일로 - 기타,화물,남,38세,상해없음,보행자,남,78세,중상
2015090400100243,2015년 9월 4일 11시,금요일,전라남도 신안군 지도읍,중상사고,0,1,0,0,차대차 - 측면직각충돌,안전운전불이행,건조,맑음,단일로 - 기타,이륜,남,56세,중상,승용,남,65세,상해없음
2015090400100244,2015년 9월 4일 11시,금요일,전라남도 장성군 남면,중상사고,0,1,0,0,차대차 - 측면직각충돌,교차로운행방법위반,건조,맑음,교차로 - 교차로안,화물,남,35세,상해없음,자전거,남,80세,중상
2015090400100272,2015년 9월 4일 12시,금요일,전라남도 순천시 송광면,중상사고,0,1,0,0,차대차 - 측면직각충돌,안전거리미확보,건조,맑음,단일로 - 기타,승용,남,45세,상해없음,원동기,여,53세,중상
2015090400100273,2015년 9월 4일 12시,금요일,전라남도 영암군 학산면,경상사고,0,0,2,0,차대차 - 정면충돌,안전운전불이행,건조,맑음,교차로 - 교차로안,승용,남,69세,경상,승용,남,61세,경상
2015090400100295,2015년 9월 4일 13시,금요일,전라남도 나주시 금천면,중상사고,0,1,1,0,차대차 - 추돌 - 진행중,안전거리미확보,건조,맑음,단일로 - 기타,화물,남,54세,중상,건설기계,남,57세,경상
2015090400100296,2015년 9월 4일 13시,금요일,전라남도 화순군 능주면,부상신고사고,0,0,0,3,차량단독 - 공작물충돌,안전운전불이행,건조,맑음,단일로 - 기타,승용,여,33세,부상신고,,,,
2015090400100330,2015년 9월 4일 14시,금요일,전라남도 영암군 삼호읍,경상사고,0,0,1,0,차대차 - 측면직각충돌,안전운전불이행,건조,맑음,단일로 - 기타,승합,여,40세,상해없음,자전거,남,28세,경상
2015090400100331,2015년 9월 4일 14시,금요일,전라남도 곡성군 곡성읍,경상사고,0,0,1,0,차대차 - 추돌 - 주정차중,안전운전불이행,건조,맑음,단일로 - 기타,화물,남,26세,상해없음,승용,남,69세,경상
2015090400100332,2015년 9월 4일 14시,금요일,전라남도 광양시 옥곡면,경상사고,0,0,1,0,차대차 - 추돌 - 진행중,안전운전불이행,건조,맑음,단일로 - 기타,승용,여,29세,경상,화물,남,35세,상해없음
2015090400100368,2015년 9월 4일 15시,금요일,전라남도 순천시 송광면,경상사고,0,0,1,0,차대차 - 추돌 - 주정차중,안전거리미확보,건조,맑음,단일로 - 기타,화물,남,66세,상해없음,승용,여,50세,경상
2015090400100407,2015년 9월 4일 16시,금요일,전라남도 목포시 용해동,경상사고,0,0,1,0,차대사람 - 보도통행중,기타,건조,맑음,기타 - 기타,승용,남,48세,상해없음,보행자,여,25세,경상
2015090400100408,2015년 9월 4일 16시,금요일,전라남도 장성군 북하면,경상사고,0,0,1,0,차대사람 - 차도통행중,안전운전불이행,건조,맑음,교차로 - 교차로안,화물,남,60세,상해없음,보행자,남,44세,경상
2015090400100451,2015년 9월 4일 17시,금요일,전라남도 무안군 무안읍,경상사고,0,0,4,0,차대차 - 추돌 - 진행중,안전거리미확보,건조,맑음,단일로 - 터널,승용,여,50세,상해없음,승용,여,42세,경상
2015090400100452,2015년 9월 4일 17시,금요일,전라남도 목포시 광동3가,경상사고,0,0,1,0,차대사람 - 차도통행중,안전운전불이행,건조,맑음,단일로 - 기타,화물,남,54세,상해없음,보행자,여,72세,경상
2015090400100453,2015년 9월 4일 17시,금요일,전라남도 여수시 월하동,경상사고,0,0,2,0,차대차 - 측면직각충돌,안전거리미확보,건조,맑음,단일로 - 기타,승용,남,26세,상해없음,승용,남,58세,경상
2015090400100454,2015년 9월 4일 17시,금요일,전라남도 영광군 영광읍,경상사고,0,0,1,0,차대차 - 정면충돌,중앙선침범,건조,맑음,단일로 - 기타,자전거,남,13세,경상,이륜,남,52세,상해없음
2015090400100455,2015년 9월 4일 17시,금요일,전라남도 무안군 일로읍,부상신고사고,0,0,0,1,차량단독 - 기타,안전운전불이행,건조,맑음,단일로 - 기타,이륜,남,70세,부상신고,,,,
2015090400100492,2015년 9월 4일 18시,금요일,전라남도 목포시 산정동,경상사고,0,0,1,0,차량단독 - 기타,안전운전불이행,건조,맑음,교차로 - 교차로안,자전거,남,20세,경상,,,,
2015090400100493,2015년 9월 4일 18시,금요일,전라남도 나주시 남평읍,중상사고,0,1,0,0,차대차 - 측면직각충돌,직진우회전진행방해,건조,맑음,교차로 - 교차로안,승용,남,29세,상해없음,원동기,남,52세,중상
2015090400100550,2015년 9월 4일 19시,금요일,전라남도 여수시 문수동,경상사고,0,0,1,0,차대사람 - 길가장자리구역통행중,보행자보호의무위반,건조,맑음,교차로 - 교차로안,승용,여,23세,상해없음,보행자,여,55세,경상
2015090400100551,2015년 9월 4일 19시,금요일,전라남도 완도군 노화읍,중상사고,0,1,0,0,차대사람 - 기타,안전운전불이행,건조,맑음,단일로 - 기타,승용,여,55세,상해없음,보행자,여,90세 이상,중상
2015090400100596,2015년 9월 4일 20시,금요일,전라남도 순천시 해룡면,경상사고,0,0,2,0,차대차 - 추돌 - 진행중,안전운전불이행,건조,맑음,단일로 - 기타,승용,남,47세,상해없음,승용,남,37세,경상
2015090400100632,2015년 9월 4일 21시,금요일,전라남도 장흥군 장흥읍,경상사고,0,0,1,0,차대사람 - 기타,안전운전불이행,건조,맑음,단일로 - 기타,승용,남,45세,상해없음,보행자,남,50세,경상
2015090500100039,2015년 9월 5일 01시,토요일,전라남도 광양시 광양읍,경상사고,0,0,1,0,차량단독 - 공작물충돌,안전운전불이행,건조,맑음,단일로 - 기타,건설기계,남,31세,경상,,,,
2015090500100061,2015년 9월 5일 02시,토요일,전라남도 담양군 봉산면,경상사고,0,0,1,0,차량단독 - 공작물충돌,안전운전불이행,건조,맑음,단일로 - 기타,승용,남,23세,경상,,,,
2015090500100154,2015년 9월 5일 08시,토요일,전라남도 목포시 상동,경상사고,0,0,1,0,차대사람 - 횡단중,안전운전불이행,건조,맑음,단일로 - 기타,승합,남,63세,상해없음,보행자,남,5세,경상
2015090500100155,2015년 9월 5일 08시,토요일,전라남도 목포시 석현동,경상사고,0,0,1,0,차대차 - 측면직각충돌,안전운전불이행,건조,맑음,단일로 - 기타,승용,여,30세,상해없음,승용,남,27세,경상
2015090500100189,2015년 9월 5일 09시,토요일,전라남도 순천시 연향동,중상사고,0,2,0,0,차대차 - 기타,안전운전불이행,건조,맑음,교차로 - 교차로안,승용,여,48세,중상,승용,남,36세,중상
2015090500100190,2015년 9월 5일 09시,토요일,전라남도 고흥군 고흥읍,경상사고,0,0,1,0,차대사람 - 횡단중,안전운전불이행,건조,맑음,단일로 - 횡단보도부근,승용,남,49세,상해없음,보행자,여,17세,경상
2015090500100191,2015년 9월 5일 09시,토요일,전라남도 영광군 영광읍,경상사고,0,0,2,0,차대차 - 추돌 - 진행중,안전운전불이행,건조,맑음,단일로 - 기타,승용,남,75세,상해없음,원동기,남,72세,경상
2015090500100192,2015년 9월 5일 09시,토요일,전라남도 담양군 담양읍,경상사고,0,0,1,0,차대사람 - 차도통행중,안전운전불이행,건조,흐림,교차로 - 교차로부근,화물,남,28세,상해없음,보행자,남,15세,경상
2015090500100217,2015년 9월 5일 10시,토요일,전라남도 목포시 동명동,경상사고,0,0,1,0,차대차 - 기타,안전운전불이행,건조,맑음,교차로 - 교차로안,승용,남,54세,경상,승용,여,68세,상해없음
2015090500100218,2015년 9월 5일 10시,토요일,전라남도 목포시 용해동,중상사고,0,1,0,0,차대사람 - 기타,안전운전불이행,기타,기타,기타 - 기타,승합,남,64세,상해없음,보행자,여,49세,중상
2015090500100219,2015년 9월 5일 10시,토요일,전라남도 여수시 소라면,경상사고,0,0,1,0,차대차 - 측면직각충돌,안전운전불이행,건조,맑음,단일로 - 기타,화물,남,38세,상해없음,자전거,남,69세,경상
2015090500100220,2015년 9월 5일 10시,토요일,전라남도 나주시 왕곡면,경상사고,0,0,1,0,차대차 - 측면직각충돌,직진우회전진행방해,건조,맑음,교차로 - 교차로안,화물,남,29세,상해없음,화물,남,42세,경상
2015090500100253,2015년 9월 5일 11시,토요일,전라남도 여수시 소호동,경상사고,0,0,1,0,차대차 - 추돌 - 주정차중,안전운전불이행,건조,맑음,교차로 - 교차로부근,승용,여,67세,상해없음,승용,여,43세,경상
2015090500100287,2015년 9월 5일 12시,토요일,전라남도 여수시 선원동,경상사고,0,0,4,0,차대차 - 추돌 - 진행중,안전운전불이행,건조,맑음,단일로 - 기타,화물,남,24세,상해없음,승용,남,25세,경상
2015090500100288,2015년 9월 5일 12시,토요일,전라남도 고흥군 도양읍,중상사고,0,1,0,0,차대차 - 측면직각충돌,교차로운행방법위반,건조,흐림,교차로 - 교차로안,승용,남,57세,상해없음,원동기,남,59세,중상
2015090500100289,2015년 9월 5일 12시,토요일,전라남도 해남군 송지면,사망사고,1,0,0,0,차대차 - 측면직각충돌,안전운전불이행,건조,흐림,단일로 - 기타,이륜,남,75세,사망,승합,남,43세,상해없음
2015090500100290,2015년 9월 5일 12시,토요일,전라남도 화순군 능주면,중상사고,0,1,0,0,차대사람 - 길가장자리구역통행중,안전운전불이행,건조,맑음,교차로 - 교차로안,화물,남,55세,상해없음,보행자,여,66세,중상
2015090500100333,2015년 9월 5일 13시,토요일,전라남도 영암군 삼호읍,경상사고,0,0,1,0,차대차 - 기타,직진우회전진행방해,건조,맑음,교차로 - 교차로안,화물,남,54세,상해없음,승용,남,58세,경상
2015090500100411,2015년 9월 5일 15시,토요일,전라남도 광양시 광양읍,부상신고사고,0,0,0,1,차대차 - 기타,안전운전불이행,건조,맑음,단일로 - 기타,승용,여,60세,상해없음,자전거,남,11세,부상신고
2015090500100443,2015년 9월 5일 16시,토요일,전라남도 화순군 화순읍,경상사고,0,0,15,1,차량단독 - 공작물충돌,안전운전불이행,습기,비,단일로 - 기타,승합,남,55세,상해없음,,,,
2015090500100444,2015년 9월 5일 16시,토요일,전라남도 화순군 한천면,중상사고,0,1,2,0,차대차 - 추돌 - 진행중,안전운전불이행,습기,비,단일로 - 교량,승합,여,45세,경상,승용,남,60세,중상
2015090500100445,2015년 9월 5일 16시,토요일,전라남도 무안군 삼향읍,경상사고,0,0,2,0,차대차 - 추돌 - 진행중,안전운전불이행,습기,비,단일로 - 기타,승용,남,36세,경상,건설기계,남,48세,경상
2015090500100479,2015년 9월 5일 17시,토요일,전라남도 순천시 해룡면,경상사고,0,0,3,0,차대차 - 기타,안전운전불이행,습기,비,단일로 - 기타,승용,남,68세,상해없음,승용,남,34세,경상
2015090500100480,2015년 9월 5일 17시,토요일,전라남도 순천시 연향동,경상사고,0,0,1,0,차대차 - 기타,안전운전불이행,습기,비,교차로 - 교차로부근,승용,여,43세,상해없음,승합,남,38세,상해없음
2015090500100481,2015년 9월 5일 17시,토요일,전라남도 화순군 춘양면,경상사고,0,0,2,0,차량단독 - 공작물충돌,안전운전불이행,습기,비,단일로 - 기타,승용,남,35세,경상,,,,
2015090500100520,2015년 9월 5일 18시,토요일,전라남도 순천시 중앙동,중상사고,0,1,0,0,차대사람 - 횡단중,보행자보호의무위반,습기,비,단일로 - 횡단보도상,승용,남,62세,상해없음,보행자,남,68세,중상
2015090500100521,2015년 9월 5일 18시,토요일,전라남도 화순군 춘양면,경상사고,0,0,3,0,차대차 - 추돌 - 진행중,안전운전불이행,습기,비,단일로 - 기타,승용,남,40세,상해없음,승용,남,27세,경상
2015090500100522,2015년 9월 5일 18시,토요일,전라남도 영암군 신북면,중상사고,0,3,0,0,차량단독 - 공작물충돌,안전운전불이행,습기,비,교차로 - 교차로부근,화물,남,60세,중상,,,,
2015090500100523,2015년 9월 5일 18시,토요일,전라남도 담양군 고서면,중상사고,0,1,0,0,차량단독 - 전도전복,안전운전불이행,습기,비,교차로 - 교차로부근,이륜,남,34세,상해없음,,,,
2015090500100564,2015년 9월 5일 19시,토요일,전라남도 장성군 삼계면,중상사고,0,2,2,0,차대차 - 측면직각충돌,교차로운행방법위반,습기,비,교차로 - 교차로안,화물,남,44세,상해없음,승용,남,29세,중상
2015090500100565,2015년 9월 5일 19시,토요일,전라남도 광양시 광양읍,중상사고,0,1,0,0,차대사람 - 차도통행중,안전운전불이행,습기,비,교차로 - 교차로안,승합,남,39세,상해없음,보행자,남,55세,중상
2015090500100632,2015년 9월 5일 21시,토요일,전라남도 목포시 산정동,경상사고,0,0,1,0,차량단독 - 전도전복,안전운전불이행,건조,기타,기타 - 기타,승용,여,44세,경상,,,,
2015090500100633,2015년 9월 5일 21시,토요일,전라남도 목포시 상동,경상사고,0,0,2,0,차대차 - 기타,안전운전불이행,습기,비,기타 - 기타,화물,남,52세,상해없음,승용,남,25세,경상
2015090500100634,2015년 9월 5일 21시,토요일,전라남도 여수시 학동,중상사고,0,1,0,0,차대차 - 측면직각충돌,불법유턴,습기,비,단일로 - 기타,승용,남,35세,상해없음,이륜,남,19세,중상
2015090500100635,2015년 9월 5일 21시,토요일,전라남도 여수시 문수동,경상사고,0,0,1,0,차대사람 - 보도통행중,안전운전불이행,습기,비,교차로 - 교차로부근,기타불명,기타불명,기타불명,기타불명,보행자,남,38세,경상
2015090500100636,2015년 9월 5일 21시,토요일,전라남도 장성군 장성읍,중상사고,0,1,0,0,차대사람 - 횡단중,보행자보호의무위반,건조,맑음,교차로 - 교차로안,승용,남,67세,상해없음,보행자,남,58세,중상
2015090500100670,2015년 9월 5일 22시,토요일,전라남도 목포시 산정동,경상사고,0,0,1,0,차대차 - 기타,안전운전불이행,기타,기타,기타 - 기타,승용,여,57세,상해없음,승용,여,27세,경상
2015090500100671,2015년 9월 5일 22시,토요일,전라남도 여수시 미평동,경상사고,0,0,1,0,차대차 - 측면직각충돌,안전운전불이행,습기,비,단일로 - 기타,이륜,남,18세,상해없음,승용,남,64세,경상
2015090500100672,2015년 9월 5일 22시,토요일,전라남도 순천시 조례동,경상사고,0,0,1,0,차대차 - 추돌 - 주정차중,안전운전불이행,습기,비,단일로 - 기타,승용,남,32세,상해없음,승용,남,52세,경상
2015090500100698,2015년 9월 5일 23시,토요일,전라남도 순천시 조례동,경상사고,0,0,1,0,차대차 - 측면직각충돌,안전거리미확보,습기,비,단일로 - 기타,승용,남,53세,상해없음,승합,남,21세,경상
2015090500100699,2015년 9월 5일 23시,토요일,전라남도 광양시 광양읍,경상사고,0,0,1,0,차대사람 - 기타,안전운전불이행,습기,비,기타 - 기타,원동기,남,21세,상해없음,보행자,남,28세,경상
2015090600100016,2015년 9월 6일 00시,일요일,전라남도 목포시 산정동,경상사고,0,0,1,0,차대차 - 기타,안전운전불이행,습기,비,기타 - 기타,승용,남,34세,상해없음,승용,여,24세,경상
2015090600100038,2015년 9월 6일 01시,일요일,전라남도 여수시 웅천동,경상사고,0,0,1,0,차대차 - 측면직각충돌,안전운전불이행,습기,비,교차로 - 교차로안,승용,남,63세,상해없음,승용,남,44세,경상
2015090600100039,2015년 9월 6일 01시,일요일,전라남도 순천시 연향동,경상사고,0,0,1,0,차대차 - 측면직각충돌,안전운전불이행,습기,비,교차로 - 교차로안,승용,여,34세,상해없음,승용,남,26세,경상
2015090600100069,2015년 9월 6일 03시,일요일,전라남도 화순군 화순읍,경상사고,0,0,1,0,차대차 - 기타,안전운전불이행,습기,흐림,단일로 - 기타,승용,여,24세,경상,화물,남,26세,기타불명
2015090600100070,2015년 9월 6일 03시,일요일,전라남도 진도군 임회면,부상신고사고,0,0,0,1,차량단독 - 공작물충돌,안전운전불이행,습기,비,단일로 - 기타,승용,남,50세,부상신고,,,,
2015090600100085,2015년 9월 6일 04시,일요일,전라남도 순천시 해룡면,경상사고,0,0,3,1,차대차 - 추돌 - 주정차중,안전운전불이행,습기,비,단일로 - 기타,승용,남,45세,상해없음,승용,남,48세,경상
2015090600100123,2015년 9월 6일 07시,일요일,전라남도 여수시 둔덕동,경상사고,0,0,2,0,차대차 - 측면직각충돌,신호위반,건조,맑음,교차로 - 교차로안,승용,여,51세,경상,승용,여,48세,경상
2015090600100136,2015년 9월 6일 08시,일요일,전라남도 해남군 해남읍,부상신고사고,0,0,0,1,차대차 - 측면직각충돌,안전운전불이행,건조,맑음,교차로 - 교차로안,승용,여,45세,부상신고,승합,남,56세,상해없음
2015090600100149,2015년 9월 6일 09시,일요일,전라남도 여수시 남산동,중상사고,0,1,0,0,차대사람 - 횡단중,안전운전불이행,건조,맑음,단일로 - 기타,승용,남,67세,상해없음,보행자,남,60세,중상
2015090600100192,2015년 9월 6일 11시,일요일,전라남도 목포시 산정동,경상사고,0,0,2,0,차대차 - 측면직각충돌,교차로운행방법위반,건조,맑음,교차로 - 교차로안,승용,남,55세,경상,화물,남,49세,경상
2015090600100193,2015년 9월 6일 11시,일요일,전라남도 장흥군 용산면,중상사고,0,1,1,0,차대차 - 측면직각충돌,중앙선침범,건조,맑음,단일로 - 기타,화물,남,52세,상해없음,승용,남,53세,경상
2015090600100216,2015년 9월 6일 12시,일요일,전라남도 함평군 나산면,경상사고,0,0,2,0,차대차 - 측면직각충돌,직진우회전진행방해,건조,맑음,교차로 - 교차로안,승용,남,57세,경상,승용,남,48세,경상
2015090600100242,2015년 9월 6일 13시,일요일,전라남도 목포시 산정동,경상사고,0,0,2,0,차대차 - 기타,안전운전불이행,건조,맑음,교차로 - 교차로안,승합,남,51세,상해없음,이륜,남,17세,경상
2015090600100243,2015년 9월 6일 13시,일요일,전라남도 신안군 압해읍,경상사고,0,0,2,0,차대차 - 추돌 - 진행중,안전운전불이행,건조,맑음,교차로 - 교차로안,승용,남,30세,상해없음,승용,남,68세,상해없음
2015090600100244,2015년 9월 6일 13시,일요일,전라남도 담양군 봉산면,경상사고,0,0,5,0,차대차 - 정면충돌,중앙선침범,건조,맑음,단일로 - 기타,승용,남,50세,경상,승용,남,41세,경상
2015090600100308,2015년 9월 6일 15시,일요일,전라남도 목포시 상동,경상사고,0,0,2,0,차대차 - 기타,교차로운행방법위반,건조,맑음,교차로 - 교차로안,승용,여,34세,경상,승용,남,55세,상해없음
2015090600100309,2015년 9월 6일 15시,일요일,전라남도 목포시 용당동,경상사고,0,0,3,0,차대차 - 추돌 - 진행중,안전운전불이행,건조,맑음,교차로 - 교차로안,승용,남,79세,상해없음,승용,남,37세,경상
2015090600100310,2015년 9월 6일 15시,일요일,전라남도 목포시 산정동,경상사고,0,0,1,0,차대차 - 측면직각충돌,안전운전불이행,건조,맑음,교차로 - 교차로안,승용,남,54세,경상,승용,남,24세,상해없음
2015090600100311,2015년 9월 6일 15시,일요일,전라남도 여수시 학동,경상사고,0,0,1,0,차대차 - 측면직각충돌,안전거리미확보,건조,맑음,단일로 - 기타,이륜,남,52세,상해없음,승용,남,29세,상해없음
2015090600100312,2015년 9월 6일 15시,일요일,전라남도 해남군 해남읍,중상사고,0,1,0,0,차대사람 - 기타,안전운전불이행,건조,맑음,단일로 - 기타,승용,남,51세,상해없음,보행자,남,8세,중상
2015090600100351,2015년 9월 6일 16시,일요일,전라남도 목포시 대양동,경상사고,0,0,1,0,차대차 - 기타,안전운전불이행,건조,맑음,기타 - 기타,승용,남,49세,상해없음,승용,여,49세,경상
2015090600100352,2015년 9월 6일 16시,일요일,전라남도 담양군 담양읍,중상사고,0,1,2,0,차대사람 - 기타,안전운전불이행,건조,흐림,단일로 - 기타,자전거,여,25세,상해없음,보행자,여,35세,중상