사고번호,사고일시,요일,시군구,사고내용,사망자수,중상자수,경상자수,부상신고자수,사고유형,법규위반,노면상태,기상상태,도로형태,가해운전자 차종,가해운전자 성별,가해운전자 연령,가해운전자 상해정도,피해운전자 차종,피해운전자 성별,피해운전자 연령,피해운전자 상해정도
2015091000100392,2015년 9월 10일 14시,목요일,전라남도 여수시 관문동,사망사고,1,2,0,0,차대사람 - 보도통행중,안전운전불이행,건조,맑음,단일로 - 기타,승용,남,66세,상해없음,보행자,여,73세,사망
2015091000100393,2015년 9월 10일 14시,목요일,전라남도 순천시 연향동,중상사고,0,1,0,0,차대차 - 기타,안전운전불이행,건조,맑음,교차로 - 교차로부근,승용,여,43세,상해없음,자전거,남,18세,중상
2015091000100394,2015년 9월 10일 14시,목요일,전라남도 고흥군 고흥읍,경상사고,0,0,1,0,차대사람 - 횡단중,보행자보호의무위반,건조,맑음,교차로 - 교차로안,승합,남,44세,상해없음,보행자,여,7세,경상
2015091000100395,2015년 9월 10일 14시,목요일,전라남도 광양시 광양읍,경상사고,0,0,1,0,차대차 - 측면직각충돌,안전운전불이행,건조,맑음,교차로 - 교차로안,승용,남,52세,상해없음,화물,남,62세,경상
2015091000100435,2015년 9월 10일 15시,목요일,전라남도 목포시 죽교동,경상사고,0,0,1,0,차대차 - 추돌 - 주정차중,안전운전불이행,건조,맑음,단일로 - 횡단보도부근,승합,남,47세,상해없음,승용,남,26세,경상
2015091000100475,2015년 9월 10일 16시,목요일,전라남도 여수시 화장동,경상사고,0,0,1,0,차대사람 - 횡단중,안전운전불이행,건조,맑음,단일로 - 기타,승용,여,35세,상해없음,보행자,여,7세,경상
2015091000100476,2015년 9월 10일 16시,목요일,전라남도 순천시 조례동,경상사고,0,0,2,0,차대차 - 기타,안전운전불이행,건조,맑음,단일로 - 터널,승용,남,22세,경상,승용,여,40세,경상
2015091000100477,2015년 9월 10일 16시,목요일,전라남도 나주시 세지면,중상사고,0,1,1,0,차대차 - 기타,안전운전불이행,건조,맑음,기타 - 기타,승용,여,48세,경상,승용,남,47세,기타불명
2015091000100523,2015년 9월 10일 17시,목요일,전라남도 여수시 국동,경상사고,0,0,1,0,차대차 - 측면직각충돌,안전운전불이행,건조,맑음,단일로 - 기타,승용,여,56세,상해없음,화물,남,54세,경상
2015091000100524,2015년 9월 10일 17시,목요일,전라남도 순천시 장천동,경상사고,0,0,1,0,차대차 - 기타,안전운전불이행,건조,맑음,단일로 - 기타,승용,여,55세,상해없음,승용,남,26세,경상
2015091000100525,2015년 9월 10일 17시,목요일,전라남도 나주시 남평읍,경상사고,0,0,1,0,차대사람 - 기타,안전운전불이행,건조,맑음,단일로 - 기타,화물,남,62세,상해없음,보행자,남,3세,경상
2015091000100564,2015년 9월 10일 18시,목요일,전라남도 목포시 옥암동,경상사고,0,0,2,0,차대차 - 측면직각충돌,안전운전불이행,건조,맑음,교차로 - 교차로안,승용,남,34세,상해없음,자전거,남,11세,경상
2015091000100565,2015년 9월 10일 18시,목요일,전라남도 목포시 산정동,중상사고,0,1,1,0,차대차 - 측면직각충돌,중앙선침범,건조,맑음,단일로 - 기타,승용,남,58세,상해없음,이륜,남,58세,중상
2015091000100566,2015년 9월 10일 18시,목요일,전라남도 여수시 광무동,경상사고,0,0,1,0,차대사람 - 횡단중,신호위반,건조,맑음,단일로 - 기타,승용,남,62세,상해없음,보행자,남,53세,경상
2015091000100567,2015년 9월 10일 18시,목요일,전라남도 나주시 공산면,중상사고,0,1,1,0,차대차 - 추돌 - 주정차중,안전운전불이행,건조,맑음,단일로 - 기타,원동기,남,77세,경상,화물,남,43세,상해없음
2015091000100610,2015년 9월 10일 19시,목요일,전라남도 영암군 학산면,경상사고,0,0,1,0,차대차 - 측면직각충돌,안전운전불이행,건조,맑음,기타 - 기타,승용,남,52세,상해없음,화물,남,37세,상해없음
2015091000100652,2015년 9월 10일 20시,목요일,전라남도 강진군 강진읍,중상사고,0,1,0,0,차대차 - 측면직각충돌,직진우회전진행방해,건조,맑음,교차로 - 교차로안,화물,남,53세,상해없음,승용,여,35세,중상
2015091000100653,2015년 9월 10일 20시,목요일,전라남도 광양시 중동,경상사고,0,0,1,0,차대차 - 기타,안전운전불이행,건조,맑음,교차로 - 교차로부근,자전거,남,14세,경상,승용,여,46세,상해없음
2015091000100720,2015년 9월 10일 22시,목요일,전라남도 곡성군 옥과면,경상사고,0,0,1,0,차대차 - 정면충돌,안전운전불이행,건조,맑음,단일로 - 기타,원동기,남,38세,경상,승합,남,53세,상해없음
2015091100100024,2015년 9월 11일 01시,금요일,전라남도 순천시 연향동,중상사고,0,1,0,0,차대차 - 기타,안전운전불이행,건조,맑음,단일로 - 기타,승용,남,53세,중상,화물,남,49세,상해없음
2015091100100114,2015년 9월 11일 07시,금요일,전라남도 나주시 성북동,경상사고,0,0,2,0,차대차 - 기타,안전거리미확보,건조,맑음,단일로 - 기타,원동기,남,72세,경상,승용,여,51세,경상
2015091100100115,2015년 9월 11일 07시,금요일,전라남도 고흥군 포두면,중상사고,0,1,2,0,차대차 - 기타,안전운전불이행,건조,맑음,단일로 - 기타,승용,남,42세,상해없음,화물,남,47세,상해없음
2015091100100153,2015년 9월 11일 08시,금요일,전라남도 목포시 옥암동,경상사고,0,0,2,0,차대차 - 추돌 - 진행중,안전운전불이행,건조,맑음,단일로 - 기타,승용,남,33세,상해없음,승용,여,34세,경상
2015091100100154,2015년 9월 11일 08시,금요일,전라남도 영암군 영암읍,부상신고사고,0,0,0,1,차대차 - 측면직각충돌,안전운전불이행,건조,맑음,교차로 - 교차로안,이륜,남,80세,부상신고,승용,남,45세,상해없음
2015091100100198,2015년 9월 11일 09시,금요일,전라남도 나주시 운곡동,경상사고,0,0,1,0,차대차 - 측면직각충돌,직진우회전진행방해,건조,맑음,교차로 - 교차로안,승용,남,34세,상해없음,원동기,남,84세,경상
2015091100100199,2015년 9월 11일 09시,금요일,전라남도 담양군 담양읍,경상사고,0,0,1,0,차대차 - 측면직각충돌,신호위반,건조,맑음,교차로 - 교차로안,화물,남,35세,상해없음,화물,남,69세,경상
2015091100100200,2015년 9월 11일 09시,금요일,전라남도 무안군 몽탄면,중상사고,0,1,0,0,차대차 - 측면직각충돌,안전운전불이행,건조,맑음,교차로 - 교차로안,승합,남,33세,상해없음,이륜,남,72세,중상
2015091100100253,2015년 9월 11일 11시,금요일,전라남도 신안군 압해읍,경상사고,0,0,1,0,차대차 - 기타,안전운전불이행,건조,맑음,단일로 - 기타,화물,남,43세,상해없음,이륜,남,82세,경상
2015091100100254,2015년 9월 11일 11시,금요일,전라남도 순천시 동외동,경상사고,0,0,2,0,차대차 - 기타,불법유턴,건조,맑음,단일로 - 기타,화물,남,66세,상해없음,승용,여,37세,경상
2015091100100255,2015년 9월 11일 11시,금요일,전라남도 나주시 봉황면,중상사고,0,1,0,0,차대차 - 추돌 - 진행중,안전운전불이행,건조,맑음,단일로 - 기타,원동기,남,77세,중상,승용,남,68세,상해없음
2015091100100256,2015년 9월 11일 11시,금요일,전라남도 보성군 벌교읍,중상사고,0,1,0,0,차대차 - 측면직각충돌,안전운전불이행,건조,맑음,단일로 - 기타,화물,남,47세,상해없음,이륜,남,43세,중상
2015091100100287,2015년 9월 11일 12시,금요일,전라남도 영광군 법성면,중상사고,0,2,0,0,차대차 - 측면직각충돌,직진우회전진행방해,건조,맑음,교차로 - 교차로부근,이륜,남,66세,중상,화물,남,38세,상해없음
2015091100100288,2015년 9월 11일 12시,금요일,전라남도 담양군 창평면,경상사고,0,0,3,0,차량단독 - 전도전복,안전운전불이행,건조,맑음,단일로 - 기타,승용,남,61세,상해없음,,,,
2015091100100289,2015년 9월 11일 12시,금요일,전라남도 완도군 완도읍,경상사고,0,0,1,0,차대사람 - 횡단중,보행자보호의무위반,건조,맑음,교차로 - 교차로부근,승용,남,73세,상해없음,보행자,여,53세,경상
2015091100100290,2015년 9월 11일 12시,금요일,전라남도 순천시 서면,부상신고사고,0,0,0,1,차대차 - 추돌 - 진행중,안전운전불이행,건조,맑음,단일로 - 기타,화물,남,32세,부상신고,승용,여,33세,상해없음
2015091100100356,2015년 9월 11일 14시,금요일,전라남도 해남군 황산면,경상사고,0,0,1,0,차대차 - 측면직각충돌,안전운전불이행,건조,맑음,교차로 - 교차로안,승용,남,26세,상해없음,화물,남,36세,경상
2015091100100392,2015년 9월 11일 15시,금요일,전라남도 목포시 대양동,경상사고,0,0,1,0,차대사람 - 길가장자리구역통행중,기타,건조,맑음,단일로 - 기타,기타불명,기타불명,기타불명,기타불명,보행자,남,12세,경상
2015091100100429,2015년 9월 11일 16시,금요일,전라남도 목포시 상동,경상사고,0,0,2,0,차대차 - 기타,안전운전불이행,건조,맑음,단일로 - 기타,승용,여,31세,상해없음,승용,남,28세,경상
2015091100100430,2015년 9월 11일 16시,금요일,전라남도 나주시 이창동,경상사고,0,0,1,0,차대차 - 측면직각충돌,안전운전불이행,건조,맑음,단일로 - 기타,원동기,남,40세,경상,화물,여,57세,기타불명
2015091100100431,2015년 9월 11일 16시,금요일,전라남도 해남군 옥천면,중상사고,0,1,1,0,차대차 - 측면직각충돌,안전운전불이행,건조,맑음,단일로 - 기타,승용,남,24세,상해없음,화물,남,71세,경상
2015091100100469,2015년 9월 11일 17시,금요일,전라남도 목포시 산정동,경상사고,0,0,1,0,차대차 - 기타,신호위반,건조,맑음,교차로 - 교차로안,승용,여,49세,상해없음,승합,남,53세,상해없음
2015091100100470,2015년 9월 11일 17시,금요일,전라남도 순천시 조례동,경상사고,0,0,1,0,차대차 - 기타,안전운전불이행,건조,맑음,단일로 - 기타,이륜,남,27세,상해없음,화물,남,43세,상해없음
2015091100100471,2015년 9월 11일 17시,금요일,전라남도 곡성군 석곡면,경상사고,0,0,3,0,차대차 - 추돌 - 진행중,안전운전불이행,건조,흐림,단일로 - 기타,승합,남,47세,상해없음,승용,남,38세,경상
2015091100100522,2015년 9월 11일 18시,금요일,전라남도 목포시 연산동,경상사고,0,0,1,0,차대차 - 기타,안전운전불이행,건조,맑음,단일로 - 기타,화물,남,47세,상해없음,자전거,남,75세,경상
2015091100100523,2015년 9월 11일 18시,금요일,전라남도 순천시 조례동,경상사고,0,0,1,0,차대차 - 기타,안전운전불이행,건조,맑음,단일로 - 기타,승용,여,63세,상해없음,승용,남,28세,경상
2015091100100598,2015년 9월 11일 19시,금요일,전라남도 목포시 옥암동,경상사고,0,0,1,0,차대차 - 기타,안전운전불이행,건조,맑음,교차로 - 교차로안,승용,여,27세,상해없음,자전거,남,15세,경상
2015091100100599,2015년 9월 11일 19시,금요일,전라남도 화순군 화순읍,경상사고,0,0,1,0,차대차 - 기타,안전운전불이행,건조,맑음,교차로 - 교차로안,승용,남,37세,상해없음,승용,여,39세,경상
2015091100100658,2015년 9월 11일 20시,금요일,전라남도 여수시 학동,경상사고,0,0,2,0,차대차 - 측면직각충돌,안전운전불이행,건조,맑음,단일로 - 기타,승용,남,43세,상해없음,승용,여,27세,경상
2015091100100753,2015년 9월 11일 22시,금요일,전라남도 무안군 무안읍,경상사고,0,0,2,0,차량단독 - 전도전복,안전운전불이행,습기,비,단일로 - 기타,이륜,남,18세,상해없음,,,,
2015091100100754,2015년 9월 11일 22시,금요일,전라남도 광양시 금호동,경상사고,0,0,2,0,차대차 - 측면직각충돌,안전운전불이행,건조,맑음,교차로 - 교차로부근,화물,남,40세,경상,승용,여,56세,경상
2015091100100796,2015년 9월 11일 23시,금요일,전라남도 여수시 선원동,경상사고,0,0,1,0,차대차 - 측면직각충돌,안전운전불이행,건조,맑음,단일로 - 기타,승용,남,45세,상해없음,승용,여,29세,경상
2015091100100797,2015년 9월 11일 23시,금요일,전라남도 여수시 신기동,중상사고,0,1,0,0,차대차 - 측면직각충돌,신호위반,습기,비,교차로 - 교차로안,이륜,남,19세,중상,승용,남,40세,상해없음
2015091100100798,2015년 9월 11일 23시,금요일,전라남도 화순군 화순읍,부상신고사고,0,0,0,1,차대차 - 기타,안전운전불이행,건조,맑음,기타 - 기타,승용,여,48세,상해없음,승용,남,43세,상해없음
2015091100100799,2015년 9월 11일 23시,금요일,전라남도 광양시 봉강면,경상사고,0,0,1,0,차량단독 - 공작물충돌,안전운전불이행,건조,맑음,단일로 - 기타,승용,남,29세,경상,,,,
2015091200100030,2015년 9월 12일 00시,토요일,전라남도 순천시 연향동,경상사고,0,0,2,0,차대사람 - 기타,안전운전불이행,건조,맑음,교차로 - 교차로안,승용,남,20세,상해없음,보행자,남,27세,경상
2015091200100031,2015년 9월 12일 00시,토요일,전라남도 무안군 청계면,경상사고,0,0,1,0,차대사람 - 차도통행중,안전운전불이행,건조,흐림,단일로 - 기타,승용,남,23세,상해없음,보행자,남,35세,경상
2015091200100058,2015년 9월 12일 01시,토요일,전라남도 광양시 중동,경상사고,0,0,2,0,차량단독 - 전도전복,안전운전불이행,건조,맑음,단일로 - 기타,승용,남,16세,경상,,,,
2015091200100132,2015년 9월 12일 05시,토요일,전라남도 진도군 의신면,중상사고,0,1,0,0,차량단독 - 기타,안전운전불이행,습기,비,단일로 - 기타,승합,남,70세,상해없음,,,,
2015091200100151,2015년 9월 12일 06시,토요일,전라남도 함평군 함평읍,경상사고,0,0,1,0,차대차 - 추돌 - 주정차중,안전운전불이행,습기,맑음,단일로 - 기타,화물,남,73세,상해없음,승용,남,40세,경상
2015091200100164,2015년 9월 12일 07시,토요일,전라남도 나주시 왕곡면,경상사고,0,0,1,0,차대차 - 추돌 - 진행중,안전거리미확보,건조,맑음,교차로 - 교차로부근,승용,남,71세,상해없음,승용,남,29세,경상
2015091200100236,2015년 9월 12일 10시,토요일,전라남도 여수시 학동,경상사고,0,0,1,0,차대차 - 측면직각충돌,신호위반,건조,맑음,교차로 - 교차로안,승합,남,39세,상해없음,화물,남,72세,경상
2015091200100237,2015년 9월 12일 10시,토요일,전라남도 여수시 율촌면,경상사고,0,0,1,0,차대차 - 측면직각충돌,안전운전불이행,건조,맑음,단일로 - 기타,농기계,남,63세,상해없음,승용,남,68세,상해없음
2015091200100238,2015년 9월 12일 10시,토요일,전라남도 장흥군 용산면,중상사고,0,2,0,0,차대차 - 측면직각충돌,교차로운행방법위반,건조,맑음,교차로 - 교차로안,승합,남,24세,상해없음,이륜,남,67세,중상
2015091200100239,2015년 9월 12일 10시,토요일,전라남도 고흥군 점암면,경상사고,0,0,1,0,차량단독 - 전도전복,안전운전불이행,건조,맑음,단일로 - 기타,원동기,남,72세,경상,,,,
2015091200100272,2015년 9월 12일 11시,토요일,전라남도 여수시 둔덕동,경상사고,0,0,1,0,차대차 - 측면직각충돌,교차로운행방법위반,건조,맑음,교차로 - 교차로부근,화물,남,65세,상해없음,화물,남,43세,상해없음
2015091200100273,2015년 9월 12일 11시,토요일,전라남도 나주시 삼영동,경상사고,0,0,1,0,차대차 - 기타,안전운전불이행,습기,비,단일로 - 기타,자전거,남,41세,상해없음,자전거,남,41세,경상
2015091200100274,2015년 9월 12일 11시,토요일,전라남도 장흥군 장동면,중상사고,0,1,0,0,차대사람 - 횡단중,안전운전불이행,건조,맑음,단일로 - 기타,승용,남,68세,상해없음,보행자,여,75세,중상
2015091200100275,2015년 9월 12일 11시,토요일,전라남도 해남군 화원면,중상사고,0,2,1,0,차대차 - 측면직각충돌,안전운전불이행,건조,맑음,교차로 - 교차로안,승용,남,67세,경상,화물,남,26세,중상
2015091200100276,2015년 9월 12일 11시,토요일,전라남도 담양군 월산면,중상사고,0,1,0,0,차대차 - 추돌 - 주정차중,안전운전불이행,건조,흐림,교차로 - 교차로부근,원동기,여,65세,중상,승용,남,45세,상해없음
2015091200100313,2015년 9월 12일 12시,토요일,전라남도 화순군 화순읍,중상사고,0,1,0,0,차대사람 - 차도통행중,안전운전불이행,건조,맑음,교차로 - 교차로부근,승합,남,47세,상해없음,보행자,여,6세,중상
2015091200100340,2015년 9월 12일 13시,토요일,전라남도 목포시 산정동,경상사고,0,0,1,0,차대사람 - 길가장자리구역통행중,안전운전불이행,건조,맑음,단일로 - 기타,승용,남,60세,상해없음,보행자,여,75세,경상
2015091200100341,2015년 9월 12일 13시,토요일,전라남도 목포시 옥암동,경상사고,0,0,1,0,차대차 - 추돌 - 진행중,안전거리미확보,건조,맑음,단일로 - 기타,승용,여,33세,상해없음,승용,남,31세,경상
2015091200100342,2015년 9월 12일 13시,토요일,전라남도 여수시 신기동,경상사고,0,0,2,0,차대차 - 측면직각충돌,안전운전불이행,건조,맑음,교차로 - 교차로안,승용,남,58세,상해없음,승용,남,25세,경상
2015091200100343,2015년 9월 12일 13시,토요일,전라남도 여수시 웅천동,경상사고,0,0,1,0,차대차 - 측면직각충돌,신호위반,건조,맑음,교차로 - 교차로안,승용,남,28세,상해없음,승용,남,38세,상해없음
2015091200100344,2015년 9월 12일 13시,토요일,전라남도 나주시 산포면,중상사고,0,1,1,0,차대차 - 추돌 - 주정차중,안전운전불이행,건조,맑음,단일로 - 기타,승용,여,57세,경상,화물,남,49세,기타불명
2015091200100345,2015년 9월 12일 13시,토요일,전라남도 무안군 해제면,경상사고,0,0,7,0,차대차 - 측면직각충돌,안전운전불이행,건조,맑음,교차로 - 교차로안,승합,남,69세,경상,승용,여,44세,경상
2015091200100368,2015년 9월 12일 14시,토요일,전라남도 순천시 덕암동,경상사고,0,0,1,0,차대차 - 기타,안전거리미확보,건조,맑음,단일로 - 기타,승용,남,47세,상해없음,승용,남,54세,상해없음
2015091200100415,2015년 9월 12일 15시,토요일,전라남도 순천시 풍덕동,경상사고,0,0,2,0,차대차 - 추돌 - 진행중,안전운전불이행,건조,맑음,교차로 - 교차로안,승용,남,63세,상해없음,승용,여,60세,경상
2015091200100416,2015년 9월 12일 15시,토요일,전라남도 고흥군 도화면,중상사고,0,1,0,0,차대사람 - 횡단중,안전운전불이행,건조,맑음,단일로 - 기타,원동기,남,55세,상해없음,보행자,남,64세,중상
2015091200100460,2015년 9월 12일 16시,토요일,전라남도 순천시 덕월동,중상사고,0,2,1,0,차대차 - 정면충돌,신호위반,건조,맑음,교차로 - 교차로안,승용,여,53세,경상,승용,남,47세,중상
2015091200100461,2015년 9월 12일 16시,토요일,전라남도 순천시 장천동,경상사고,0,0,1,0,차대사람 - 기타,안전운전불이행,건조,맑음,단일로 - 기타,승용,남,26세,상해없음,보행자,남,41세,경상
2015091200100507,2015년 9월 12일 17시,토요일,전라남도 장흥군 장흥읍,경상사고,0,0,1,0,차대차 - 기타,중앙선침범,건조,맑음,단일로 - 기타,화물,남,66세,상해없음,승용,남,58세,상해없음
2015091200100508,2015년 9월 12일 17시,토요일,전라남도 해남군 송지면,중상사고,0,1,0,0,차대차 - 측면직각충돌,교차로운행방법위반,건조,맑음,교차로 - 교차로부근,화물,기타불명,기타불명,기타불명,원동기,남,75세,중상
2015091200100590,2015년 9월 12일 19시,토요일,전라남도 순천시 덕월동,경상사고,0,0,1,0,차대차 - 측면직각충돌,안전운전불이행,습기,비,교차로 - 교차로안,승용,남,53세,상해없음,승용,여,36세,경상
2015091200100591,2015년 9월 12일 19시,토요일,전라남도 보성군 회천면,중상사고,0,1,0,0,차대사람 - 횡단중,기타,건조,맑음,단일로 - 기타,화물,남,60세,상해없음,보행자,여,12세,중상
2015091200100592,2015년 9월 12일 19시,토요일,전라남도 보성군 벌교읍,경상사고,0,0,2,1,차대차 - 추돌 - 진행중,안전운전불이행,건조,맑음,단일로 - 기타,승용,남,21세,부상신고,승용,남,49세,경상
2015091200100631,2015년 9월 12일 20시,토요일,전라남도 여수시 문수동,경상사고,0,0,2,0,차대차 - 추돌 - 진행중,안전운전불이행,습기,흐림,단일로 - 기타,승용,남,45세,상해없음,승용,여,29세,경상
2015091200100632,2015년 9월 12일 20시,토요일,전라남도 순천시 가곡동,중상사고,0,1,0,0,차대사람 - 횡단중,안전운전불이행,습기,비,단일로 - 기타,승용,남,61세,상해없음,보행자,여,68세,중상
2015091200100633,2015년 9월 12일 20시,토요일,전라남도 진도군 조도면,경상사고,0,0,2,0,차대차 - 측면직각충돌,중앙선침범,건조,맑음,단일로 - 기타,화물,남,44세,상해없음,승용,남,49세,경상
2015091200100669,2015년 9월 12일 21시,토요일,전라남도 여수시 신기동,경상사고,0,0,1,0,차대차 - 측면직각충돌,교차로운행방법위반,건조,맑음,교차로 - 교차로안,화물,남,55세,상해없음,승용,남,51세,상해없음
2015091200100699,2015년 9월 12일 22시,토요일,전라남도 여수시 학동,경상사고,0,0,1,0,차대사람 - 차도통행중,안전운전불이행,건조,맑음,단일로 - 기타,승용,여,47세,상해없음,보행자,남,23세,경상
2015091300100017,2015년 9월 13일 00시,일요일,전라남도 여수시 소호동,중상사고,0,1,0,0,차대사람 - 횡단중,안전운전불이행,건조,맑음,단일로 - 기타,승용,여,49세,상해없음,보행자,남,18세,중상
2015091300100018,2015년 9월 13일 00시,일요일,전라남도 광양시 중동,경상사고,0,0,2,0,차대차 - 측면직각충돌,신호위반,건조,맑음,교차로 - 교차로안,승용,남,35세,상해없음,승용,여,25세,경상
2015091300100040,2015년 9월 13일 01시,일요일,전라남도 나주시 남평읍,경상사고,0,0,1,0,차량단독 - 기타,안전운전불이행,건조,맑음,단일로 - 기타,원동기,남,72세,경상,,,,
2015091300100041,2015년 9월 13일 01시,일요일,전라남도 화순군 이양면,경상사고,0,0,1,0,차량단독 - 공작물충돌,안전운전불이행,기타,안개,단일로 - 기타,승용,여,64세,상해없음,,,,
2015091300100075,2015년 9월 13일 04시,일요일,전라남도 영암군 덕진면,중상사고,0,1,3,0,차대차 - 추돌 - 주정차중,안전운전불이행,건조,맑음,교차로 - 교차로부근,승용,남,47세,중상,승용,남,37세,경상
2015091300100089,2015년 9월 13일 05시,일요일,전라남도 여수시 문수동,경상사고,0,0,1,0,차대차 - 측면직각충돌,안전운전불이행,건조,맑음,단일로 - 기타,승용,남,32세,상해없음,승용,남,31세,경상
2015091300100118,2015년 9월 13일 07시,일요일,전라남도 목포시 옥암동,경상사고,0,0,1,0,차대사람 - 길가장자리구역통행중,안전운전불이행,건조,맑음,교차로 - 교차로부근,승용,남,35세,상해없음,보행자,남,22세,경상
2015091300100119,2015년 9월 13일 07시,일요일,전라남도 영암군 삼호읍,경상사고,0,0,3,0,차대차 - 기타,안전거리미확보,건조,맑음,단일로 - 기타,승용,남,50세,경상,건설기계,남,46세,경상
2015091300100134,2015년 9월 13일 08시,일요일,전라남도 나주시 동수동,경상사고,0,0,1,0,차대차 - 추돌 - 진행중,안전거리미확보,건조,맑음,단일로 - 기타,승용,남,62세,상해없음,승용,남,41세,경상
2015091300100135,2015년 9월 13일 08시,일요일,전라남도 영암군 삼호읍,중상사고,0,1,7,0,차대차 - 측면직각충돌,신호위반,건조,맑음,교차로 - 교차로안,화물,남,71세,경상,승합,남,58세,경상
2015091300100162,2015년 9월 13일 09시,일요일,전라남도 장성군 북일면,중상사고,0,2,0,0,차대차 - 측면직각충돌,교차로운행방법위반,건조,맑음,교차로 - 교차로안,화물,남,42세,상해없음,화물,남,59세,중상
2015091300100163,2015년 9월 13일 09시,일요일,전라남도 무안군 청계면,경상사고,0,0,1,0,차대차 - 측면직각충돌,신호위반,건조,맑음,교차로 - 교차로안,승용,남,44세,상해없음,승용,남,35세,경상
2015091300100180,2015년 9월 13일 10시,일요일,전라남도 순천시 해룡면,중상사고,0,1,1,0,차대차 - 기타,신호위반,건조,맑음,교차로 - 교차로부근,이륜,남,30세,중상,승용,남,37세,상해없음
2015091300100181,2015년 9월 13일 10시,일요일,전라남도 강진군 신전면,중상사고,0,1,0,0,차대사람 - 기타,안전운전불이행,건조,맑음,단일로 - 기타,화물,남,24세,상해없음,보행자,남,71세,중상
2015091300100211,2015년 9월 13일 11시,일요일,전라남도 고흥군 동강면,경상사고,0,0,2,0,차대차 - 추돌 - 진행중,안전운전불이행,건조,맑음,단일로 - 기타,화물,남,39세,상해없음,승용,남,29세,경상
2015091300100242,2015년 9월 13일 12시,일요일,전라남도 목포시 상동,경상사고,0,0,6,0,차대차 - 측면직각충돌,안전거리미확보,건조,맑음,단일로 - 기타,승용,여,26세,상해없음,승용,남,43세,경상
2015091300100311,2015년 9월 13일 14시,일요일,전라남도 목포시 대양동,경상사고,0,0,1,0,차대차 - 측면직각충돌,신호위반,건조,맑음,교차로 - 교차로안,이륜,남,37세,경상,승용,남,43세,상해없음
2015091300100355,2015년 9월 13일 15시,일요일,전라남도 여수시 돌산읍,경상사고,0,0,1,0,차대차 - 측면직각충돌,안전운전불이행,건조,맑음,단일로 - 기타,승용,남,56세,상해없음,이륜,남,43세,경상
2015091300100356,2015년 9월 13일 15시,일요일,전라남도 여수시 관문동,경상사고,0,0,2,0,차대차 - 측면직각충돌,신호위반,건조,맑음,교차로 - 교차로안,승용,여,47세,상해없음,승용,남,41세,경상
2015091300100357,2015년 9월 13일 15시,일요일,전라남도 순천시 연향동,중상사고,0,1,1,1,차대차 - 기타,안전운전불이행,건조,맑음,교차로 - 교차로안,화물,남,66세,부상신고,승용,여,46세,경상
2015091300100358,2015년 9월 13일 15시,일요일,전라남도 순천시 덕암동,경상사고,0,0,1,0,차대사람 - 기타,안전운전불이행,건조,맑음,단일로 - 기타,승용,여,68세,상해없음,보행자,남,36세,경상
2015091300100359,2015년 9월 13일 15시,일요일,전라남도 순천시 낙안면,경상사고,0,0,1,0,차대차 - 기타,안전운전불이행,건조,맑음,단일로 - 기타,화물,남,48세,상해없음,이륜,남,53세,경상
2015091300100398,2015년 9월 13일 16시,일요일,전라남도 목포시 동명동,중상사고,0,2,0,0,차대차 - 추돌 - 진행중,안전거리미확보,건조,맑음,단일로 - 기타,승용,남,32세,상해없음,승용,여,56세,중상
2015091300100399,2015년 9월 13일 16시,일요일,전라남도 진도군 고군면,경상사고,0,0,1,0,차대차 - 기타,안전운전불이행,건조,맑음,단일로 - 기타,승용,여,49세,상해없음,자전거,남,40세,경상
2015091300100449,2015년 9월 13일 17시,일요일,전라남도 신안군 압해읍,경상사고,0,0,1,0,차량단독 - 기타,안전운전불이행,건조,맑음,단일로 - 기타,농기계,남,61세,경상,,,,
2015091300100495,2015년 9월 13일 18시,일요일,전라남도 나주시 송월동,중상사고,0,1,0,0,차대차 - 측면직각충돌,안전운전불이행,건조,맑음,단일로 - 기타,승용,여,52세,상해없음,자전거,남,90세 이상,중상
2015091300100536,2015년 9월 13일 19시,일요일,전라남도 목포시 상동,중상사고,0,1,1,0,차대사람 - 횡단중,안전운전불이행,건조,맑음,단일로 - 횡단보도상,승용,남,41세,기타불명,보행자,남,53세,경상
2015091300100537,2015년 9월 13일 19시,일요일,전라남도 목포시 산정동,중상사고,0,1,0,0,차대사람 - 횡단중,안전운전불이행,건조,맑음,단일로 - 기타,승용,남,66세,상해없음,보행자,남,73세,중상
2015091300100538,2015년 9월 13일 19시,일요일,전라남도 나주시 왕곡면,중상사고,0,1,6,1,차대차 - 측면직각충돌,직진우회전진행방해,건조,맑음,교차로 - 교차로안,승용,남,55세,부상신고,승용,여,24세,경상
2015091300100539,2015년 9월 13일 19시,일요일,전라남도 영암군 삼호읍,중상사고,0,1,1,1,차대차 - 측면직각충돌,안전운전불이행,건조,맑음,교차로 - 교차로안,승용,남,33세,부상신고,승용,남,46세,경상
2015091300100565,2015년 9월 13일 20시,일요일,전라남도 나주시 송월동,중상사고,0,1,0,0,차대차 - 측면직각충돌,신호위반,건조,맑음,단일로 - 횡단보도상,자전거,남,19세,중상,화물,남,36세,상해없음