사고번호,사고일시,요일,시군구,사고내용,사망자수,중상자수,경상자수,부상신고자수,사고유형,법규위반,노면상태,기상상태,도로형태,가해운전자 차종,가해운전자 성별,가해운전자 연령,가해운전자 상해정도,피해운전자 차종,피해운전자 성별,피해운전자 연령,피해운전자 상해정도
2015092100100628,2015년 9월 21일 19시,월요일,전라남도 순천시 서면,경상사고,0,0,1,0,차대차 - 기타,안전운전불이행,건조,맑음,교차로 - 교차로부근,승용,여,45세,상해없음,승용,남,30세,경상
2015092100100629,2015년 9월 21일 19시,월요일,전라남도 무안군 삼향읍,중상사고,0,1,0,0,차대사람 - 횡단중,보행자보호의무위반,건조,맑음,교차로 - 교차로부근,승용,남,45세,상해없음,보행자,여,46세,중상
2015092100100660,2015년 9월 21일 20시,월요일,전라남도 여수시 신기동,경상사고,0,0,1,0,차대차 - 추돌 - 진행중,중앙선침범,건조,맑음,단일로 - 기타,승용,남,46세,상해없음,승용,여,47세,경상
2015092100100661,2015년 9월 21일 20시,월요일,전라남도 광양시 광양읍,중상사고,0,1,0,0,차대사람 - 횡단중,보행자보호의무위반,건조,맑음,교차로 - 교차로부근,승용,남,65세,상해없음,보행자,여,71세,중상
2015092100100723,2015년 9월 21일 22시,월요일,전라남도 목포시 옥암동,경상사고,0,0,1,0,차대차 - 추돌 - 주정차중,안전운전불이행,건조,맑음,기타 - 기타,승용,남,33세,상해없음,승용,남,31세,경상
2015092100100724,2015년 9월 21일 22시,월요일,전라남도 여수시 신월동,경상사고,0,0,1,0,차대차 - 측면직각충돌,신호위반,건조,맑음,교차로 - 교차로안,승용,여,62세,상해없음,원동기,남,40세,경상
2015092100100725,2015년 9월 21일 22시,월요일,전라남도 강진군 강진읍,경상사고,0,0,2,0,차대차 - 측면직각충돌,직진우회전진행방해,건조,맑음,교차로 - 교차로안,승용,여,54세,상해없음,승용,남,54세,상해없음
2015092100100744,2015년 9월 21일 23시,월요일,전라남도 목포시 달동,경상사고,0,0,7,0,차대차 - 추돌 - 진행중,안전운전불이행,건조,맑음,교차로 - 교차로안,승용,남,42세,경상,승용,남,34세,경상
2015092200100041,2015년 9월 22일 04시,화요일,전라남도 여수시 광무동,사망사고,1,0,0,0,차대사람 - 횡단중,안전운전불이행,건조,맑음,교차로 - 교차로안,승용,남,56세,상해없음,보행자,여,64세,사망
2015092200100049,2015년 9월 22일 05시,화요일,전라남도 나주시 동강면,중상사고,0,1,1,0,차대차 - 기타,중앙선침범,기타,안개,단일로 - 기타,화물,남,56세,상해없음,화물,남,56세,중상
2015092200100093,2015년 9월 22일 07시,화요일,전라남도 순천시 해룡면,경상사고,0,0,2,0,차대차 - 기타,안전운전불이행,습기,안개,단일로 - 기타,화물,여,43세,경상,승용,남,36세,경상
2015092200100094,2015년 9월 22일 07시,화요일,전라남도 진도군 임회면,경상사고,0,0,2,0,차대차 - 추돌 - 진행중,안전거리미확보,건조,맑음,단일로 - 기타,화물,남,45세,상해없음,승합,남,36세,경상
2015092200100148,2015년 9월 22일 08시,화요일,전라남도 목포시 상동,경상사고,0,0,3,0,차대차 - 기타,안전운전불이행,건조,맑음,기타 - 기타,승용,여,25세,상해없음,승용,여,43세,경상
2015092200100149,2015년 9월 22일 08시,화요일,전라남도 화순군 능주면,경상사고,0,0,1,0,차대차 - 측면직각충돌,안전거리미확보,건조,맑음,단일로 - 교량,승용,여,32세,상해없음,화물,남,34세,경상
2015092200100150,2015년 9월 22일 08시,화요일,전라남도 진도군 진도읍,경상사고,0,0,2,0,차대차 - 측면직각충돌,안전거리미확보,건조,맑음,단일로 - 기타,승용,남,70세,기타불명,건설기계,남,54세,경상
2015092200100151,2015년 9월 22일 08시,화요일,전라남도 광양시 중동,경상사고,0,0,1,0,차대차 - 측면직각충돌,교차로운행방법위반,건조,맑음,교차로 - 교차로안,화물,남,62세,상해없음,승용,여,35세,경상
2015092200100195,2015년 9월 22일 09시,화요일,전라남도 순천시 서면,경상사고,0,0,1,0,차대차 - 기타,신호위반,건조,맑음,교차로 - 교차로안,승합,남,23세,경상,승합,남,55세,상해없음
2015092200100235,2015년 9월 22일 10시,화요일,전라남도 목포시 대성동,중상사고,0,1,1,0,차대차 - 측면직각충돌,직진우회전진행방해,건조,맑음,교차로 - 교차로안,승용,여,52세,중상,화물,남,60세,경상
2015092200100236,2015년 9월 22일 10시,화요일,전라남도 광양시 옥곡면,경상사고,0,0,1,0,차대차 - 추돌 - 진행중,안전운전불이행,건조,맑음,단일로 - 기타,승용,남,41세,상해없음,화물,여,68세,경상
2015092200100336,2015년 9월 22일 13시,화요일,전라남도 장성군 장성읍,경상사고,0,0,1,0,차대차 - 추돌 - 진행중,안전운전불이행,건조,맑음,단일로 - 기타,화물,남,30세,상해없음,화물,남,72세,경상
2015092200100377,2015년 9월 22일 14시,화요일,전라남도 나주시 성북동,경상사고,0,0,1,0,차대차 - 측면직각충돌,안전운전불이행,건조,맑음,단일로 - 기타,원동기,남,76세,경상,승용,남,36세,상해없음
2015092200100427,2015년 9월 22일 15시,화요일,전라남도 화순군 화순읍,경상사고,0,0,1,0,차대차 - 측면직각충돌,신호위반,건조,맑음,교차로 - 교차로안,화물,남,80세,상해없음,승용,여,57세,경상
2015092200100471,2015년 9월 22일 16시,화요일,전라남도 순천시 연향동,부상신고사고,0,0,0,1,차대차 - 기타,안전운전불이행,건조,맑음,단일로 - 기타,승용,남,51세,상해없음,자전거,남,13세,부상신고
2015092200100472,2015년 9월 22일 16시,화요일,전라남도 장흥군 회진면,경상사고,0,0,5,0,차대차 - 측면직각충돌,안전운전불이행,건조,맑음,단일로 - 기타,화물,남,68세,상해없음,승합,남,50세,상해없음
2015092200100473,2015년 9월 22일 16시,화요일,전라남도 화순군 화순읍,경상사고,0,0,1,0,차대차 - 정면충돌,안전운전불이행,건조,맑음,단일로 - 기타,승용,남,38세,상해없음,농기계,남,71세,경상
2015092200100474,2015년 9월 22일 16시,화요일,전라남도 무안군 해제면,경상사고,0,0,2,0,차대차 - 정면충돌,중앙선침범,건조,맑음,기타 - 기타,승용,남,37세,경상,이륜,남,51세,경상
2015092200100475,2015년 9월 22일 16시,화요일,전라남도 광양시 봉강면,경상사고,0,0,2,0,차대차 - 측면직각충돌,교차로운행방법위반,건조,맑음,교차로 - 교차로안,화물,남,60세,경상,승용,여,45세,경상
2015092200100522,2015년 9월 22일 17시,화요일,전라남도 장흥군 장흥읍,중상사고,0,1,0,0,차대차 - 측면직각충돌,안전운전불이행,건조,맑음,교차로 - 교차로부근,화물,남,60세,상해없음,이륜,여,56세,중상
2015092200100523,2015년 9월 22일 17시,화요일,전라남도 장흥군 장흥읍,중상사고,0,2,0,0,차대차 - 측면직각충돌,직진우회전진행방해,건조,맑음,교차로 - 교차로안,승용,여,55세,상해없음,승용,남,70세,중상
2015092200100524,2015년 9월 22일 17시,화요일,전라남도 보성군 보성읍,중상사고,0,1,0,0,차대차 - 기타,직진우회전진행방해,건조,맑음,교차로 - 교차로안,승용,남,56세,상해없음,자전거,남,11세,중상
2015092200100575,2015년 9월 22일 18시,화요일,전라남도 순천시 용당동,경상사고,0,0,1,0,차대차 - 기타,안전운전불이행,건조,맑음,단일로 - 기타,승용,남,57세,상해없음,자전거,남,13세,경상
2015092200100576,2015년 9월 22일 18시,화요일,전라남도 영광군 법성면,부상신고사고,0,0,0,1,차대차 - 측면직각충돌,교차로운행방법위반,건조,맑음,교차로 - 교차로부근,원동기,여,64세,부상신고,승합,남,36세,상해없음
2015092200100618,2015년 9월 22일 19시,화요일,전라남도 목포시 산정동,경상사고,0,0,1,0,차대사람 - 기타,안전운전불이행,건조,맑음,단일로 - 기타,승용,남,50세,상해없음,보행자,남,38세,경상
2015092200100619,2015년 9월 22일 19시,화요일,전라남도 목포시 용해동,중상사고,0,1,0,0,차대사람 - 횡단중,보행자보호의무위반,건조,맑음,단일로 - 횡단보도상,승용,남,63세,상해없음,보행자,여,64세,중상
2015092200100620,2015년 9월 22일 19시,화요일,전라남도 화순군 화순읍,중상사고,0,1,0,0,차대사람 - 기타,보행자보호의무위반,건조,맑음,교차로 - 교차로부근,원동기,남,48세,상해없음,보행자,남,55세,중상
2015092200100621,2015년 9월 22일 19시,화요일,전라남도 담양군 담양읍,경상사고,0,0,1,0,차대차 - 추돌 - 진행중,안전거리미확보,건조,맑음,단일로 - 기타,승용,남,30세,상해없음,승용,여,54세,경상
2015092200100622,2015년 9월 22일 19시,화요일,전라남도 완도군 완도읍,중상사고,0,1,0,0,차대사람 - 횡단중,안전운전불이행,건조,맑음,단일로 - 기타,승용,남,63세,상해없음,보행자,남,87세,중상
2015092200100623,2015년 9월 22일 19시,화요일,전라남도 구례군 토지면,중상사고,0,1,0,0,차대사람 - 기타,안전운전불이행,건조,맑음,교차로 - 교차로안,화물,남,47세,상해없음,보행자,여,72세,중상
2015092200100734,2015년 9월 22일 22시,화요일,전라남도 순천시 풍덕동,경상사고,0,0,1,0,차대차 - 기타,안전거리미확보,건조,맑음,교차로 - 교차로부근,승용,여,58세,상해없음,원동기,남,16세,경상
2015092300100026,2015년 9월 23일 01시,수요일,전라남도 순천시 연향동,경상사고,0,0,1,0,차량단독 - 공작물충돌,안전운전불이행,건조,맑음,단일로 - 기타,승용,남,33세,경상,,,,
2015092300100037,2015년 9월 23일 02시,수요일,전라남도 목포시 산정동,경상사고,0,0,2,0,차대차 - 측면직각충돌,교차로운행방법위반,건조,맑음,교차로 - 교차로안,승용,남,30세,경상,승용,남,66세,경상
2015092300100105,2015년 9월 23일 07시,수요일,전라남도 목포시 산정동,경상사고,0,0,1,0,차대사람 - 차도통행중,안전운전불이행,습기,비,단일로 - 기타,기타불명,기타불명,기타불명,기타불명,보행자,남,17세,경상
2015092300100106,2015년 9월 23일 07시,수요일,전라남도 목포시 산정동,경상사고,0,0,1,0,차대차 - 기타,안전운전불이행,습기,비,단일로 - 기타,승용,남,62세,상해없음,승용,여,37세,경상
2015092300100107,2015년 9월 23일 07시,수요일,전라남도 완도군 완도읍,사망사고,1,0,1,0,차대차 - 추돌 - 진행중,안전운전불이행,습기,비,교차로 - 교차로안,승용,남,73세,사망,승용,남,58세,경상
2015092300100149,2015년 9월 23일 08시,수요일,전라남도 나주시 남평읍,경상사고,0,0,2,0,차량단독 - 공작물충돌,중앙선침범,건조,맑음,단일로 - 기타,승용,여,52세,상해없음,,,,
2015092300100150,2015년 9월 23일 08시,수요일,전라남도 진도군 진도읍,경상사고,0,0,1,0,차대차 - 추돌 - 진행중,안전운전불이행,습기,비,교차로 - 교차로부근,승용,남,52세,상해없음,승용,남,32세,경상
2015092300100151,2015년 9월 23일 08시,수요일,전라남도 광양시 도이동,경상사고,0,0,1,1,차대차 - 측면직각충돌,신호위반,건조,흐림,교차로 - 교차로안,승용,남,40세,부상신고,승용,남,66세,경상
2015092300100189,2015년 9월 23일 09시,수요일,전라남도 목포시 대성동,중상사고,0,1,0,0,차대사람 - 기타,안전운전불이행,습기,비,교차로 - 교차로부근,화물,남,52세,상해없음,보행자,여,71세,중상
2015092300100190,2015년 9월 23일 09시,수요일,전라남도 순천시 중앙동,경상사고,0,0,5,0,차대차 - 기타,안전거리미확보,습기,비,교차로 - 교차로부근,화물,남,60세,경상,승용,여,55세,경상
2015092300100216,2015년 9월 23일 10시,수요일,전라남도 순천시 연향동,중상사고,0,1,0,0,차대사람 - 기타,안전운전불이행,습기,비,교차로 - 교차로부근,화물,남,52세,상해없음,보행자,여,64세,중상
2015092300100245,2015년 9월 23일 11시,수요일,전라남도 목포시 용당동,경상사고,0,0,3,0,차대차 - 기타,직진우회전진행방해,습기,비,교차로 - 교차로안,승용,여,52세,경상,승용,남,66세,경상
2015092300100246,2015년 9월 23일 11시,수요일,전라남도 강진군 강진읍,경상사고,0,0,1,0,차대차 - 측면직각충돌,안전운전불이행,습기,비,단일로 - 기타,승용,남,44세,기타불명,화물,남,52세,경상
2015092300100280,2015년 9월 23일 12시,수요일,전라남도 여수시 국동,중상사고,0,1,0,0,차대사람 - 횡단중,안전운전불이행,습기,비,단일로 - 기타,승용,남,66세,상해없음,보행자,남,54세,중상
2015092300100281,2015년 9월 23일 12시,수요일,전라남도 나주시 왕곡면,경상사고,0,0,1,0,차대차 - 기타,직진우회전진행방해,습기,비,교차로 - 교차로안,승용,남,43세,상해없음,이륜,여,63세,경상
2015092300100282,2015년 9월 23일 12시,수요일,전라남도 순천시 서면,경상사고,0,0,2,0,차대차 - 추돌 - 진행중,안전운전불이행,습기,맑음,단일로 - 기타,승용,남,41세,경상,승용,남,31세,경상
2015092300100324,2015년 9월 23일 13시,수요일,전라남도 고흥군 고흥읍,중상사고,0,1,0,0,차대차 - 기타,교차로운행방법위반,습기,비,교차로 - 교차로부근,승용,남,78세,상해없음,이륜,남,85세,중상
2015092300100325,2015년 9월 23일 13시,수요일,전라남도 영암군 삼호읍,경상사고,0,0,3,0,차대차 - 측면직각충돌,안전운전불이행,습기,비,교차로 - 교차로안,승용,남,48세,경상,승용,남,28세,경상
2015092300100363,2015년 9월 23일 14시,수요일,전라남도 순천시 조례동,경상사고,0,0,1,0,차대차 - 기타,안전운전불이행,습기,비,교차로 - 교차로부근,승용,여,38세,상해없음,승용,여,44세,경상
2015092300100399,2015년 9월 23일 15시,수요일,전라남도 여수시 소라면,경상사고,0,0,2,0,차대차 - 추돌 - 진행중,안전운전불이행,습기,비,단일로 - 기타,승용,남,67세,상해없음,화물,남,35세,경상
2015092300100448,2015년 9월 23일 16시,수요일,전라남도 순천시 조곡동,중상사고,0,1,0,0,차대사람 - 횡단중,안전운전불이행,습기,비,교차로 - 교차로부근,승용,남,66세,상해없음,보행자,여,67세,중상
2015092300100449,2015년 9월 23일 16시,수요일,전라남도 광양시 태인동,경상사고,0,0,1,0,차대차 - 추돌 - 진행중,안전운전불이행,습기,비,교차로 - 교차로안,건설기계,남,35세,상해없음,승용,남,57세,경상
2015092300100495,2015년 9월 23일 17시,수요일,전라남도 여수시 화장동,중상사고,0,1,0,0,차대차 - 측면직각충돌,안전운전불이행,습기,비,교차로 - 교차로안,화물,남,51세,상해없음,화물,남,45세,중상
2015092300100496,2015년 9월 23일 17시,수요일,전라남도 광양시 광양읍,중상사고,0,1,0,0,차량단독 - 공작물충돌,안전운전불이행,습기,비,단일로 - 기타,화물,남,42세,중상,,,,
2015092300100553,2015년 9월 23일 18시,수요일,전라남도 나주시 문평면,경상사고,0,0,2,0,차대차 - 기타,중앙선침범,건조,맑음,교차로 - 교차로부근,기타불명,기타불명,기타불명,기타불명,승용,남,46세,경상
2015092300100554,2015년 9월 23일 18시,수요일,전라남도 장흥군 용산면,중상사고,0,1,0,0,차대사람 - 길가장자리구역통행중,안전운전불이행,습기,비,단일로 - 기타,승용,남,60세,상해없음,보행자,여,72세,중상
2015092300100618,2015년 9월 23일 19시,수요일,전라남도 여수시 둔덕동,경상사고,0,0,1,0,차대차 - 추돌 - 진행중,안전운전불이행,습기,비,단일로 - 기타,승합,남,22세,상해없음,승용,남,57세,상해없음
2015092300100722,2015년 9월 23일 21시,수요일,전라남도 광양시 광양읍,중상사고,0,1,0,0,차량단독 - 전도전복,안전운전불이행,습기,비,단일로 - 기타,이륜,남,44세,중상,,,,
2015092300100771,2015년 9월 23일 22시,수요일,전라남도 여수시 둔덕동,경상사고,0,0,1,0,차대차 - 측면직각충돌,중앙선침범,습기,비,단일로 - 기타,기타불명,기타불명,기타불명,기타불명,원동기,남,49세,경상
2015092300100803,2015년 9월 23일 23시,수요일,전라남도 고흥군 봉래면,중상사고,0,1,2,0,차량단독 - 기타,안전운전불이행,건조,맑음,교차로 - 교차로부근,화물,남,50세,경상,,,,
2015092300100804,2015년 9월 23일 23시,수요일,전라남도 화순군 화순읍,중상사고,0,1,0,0,차대사람 - 기타,안전운전불이행,습기,비,단일로 - 기타,승용,남,26세,상해없음,보행자,여,49세,중상
2015092400100015,2015년 9월 24일 00시,목요일,전라남도 순천시 연향동,경상사고,0,0,1,0,차대차 - 추돌 - 주정차중,안전운전불이행,습기,비,교차로 - 교차로안,승용,여,33세,상해없음,승용,남,28세,경상
2015092400100016,2015년 9월 24일 00시,목요일,전라남도 순천시 서면,중상사고,0,7,2,0,차대차 - 정면충돌,중앙선침범,습기,비,단일로 - 기타,승용,남,38세,중상,승용,남,52세,중상
2015092400100124,2015년 9월 24일 07시,목요일,전라남도 여수시 돌산읍,중상사고,0,2,0,0,차대차 - 측면직각충돌,신호위반,건조,맑음,교차로 - 교차로안,화물,남,71세,상해없음,승용,여,42세,중상
2015092400100125,2015년 9월 24일 07시,목요일,전라남도 화순군 이양면,중상사고,0,1,0,0,차대사람 - 기타,중앙선침범,건조,맑음,단일로 - 기타,승합,남,76세,상해없음,보행자,여,64세,중상
2015092400100126,2015년 9월 24일 07시,목요일,전라남도 함평군 월야면,경상사고,0,0,1,0,차량단독 - 공작물충돌,안전운전불이행,건조,맑음,단일로 - 기타,승용,남,41세,경상,,,,
2015092400100162,2015년 9월 24일 08시,목요일,전라남도 함평군 대동면,중상사고,0,1,0,0,차량단독 - 전도전복,안전운전불이행,건조,맑음,단일로 - 기타,화물,남,57세,중상,,,,
2015092400100163,2015년 9월 24일 08시,목요일,전라남도 광양시 마동,경상사고,0,0,1,0,차량단독 - 공작물충돌,안전운전불이행,건조,맑음,단일로 - 기타,승용,여,46세,경상,,,,
2015092400100205,2015년 9월 24일 09시,목요일,전라남도 목포시 산정동,중상사고,0,1,0,0,차대사람 - 기타,보행자보호의무위반,건조,맑음,교차로 - 교차로부근,화물,남,36세,상해없음,보행자,여,72세,중상
2015092400100206,2015년 9월 24일 09시,목요일,전라남도 장흥군 장흥읍,중상사고,0,1,0,0,차대사람 - 길가장자리구역통행중,안전운전불이행,건조,맑음,단일로 - 기타,이륜,남,68세,상해없음,보행자,여,72세,중상
2015092400100207,2015년 9월 24일 09시,목요일,전라남도 화순군 화순읍,경상사고,0,0,1,0,차대차 - 기타,안전운전불이행,건조,맑음,단일로 - 기타,승합,남,63세,상해없음,승용,남,49세,경상
2015092400100208,2015년 9월 24일 09시,목요일,전라남도 무안군 무안읍,경상사고,0,0,1,0,차대사람 - 기타,안전운전불이행,건조,맑음,단일로 - 기타,승합,남,62세,상해없음,보행자,여,73세,경상
2015092400100209,2015년 9월 24일 09시,목요일,전라남도 광양시 옥곡면,사망사고,1,0,0,0,차대사람 - 기타,안전운전불이행,건조,맑음,단일로 - 기타,건설기계,남,42세,상해없음,보행자,여,84세,사망
2015092400100240,2015년 9월 24일 10시,목요일,전라남도 나주시 빛가람동,사망사고,1,0,0,0,차대사람 - 횡단중,보행자보호의무위반,건조,맑음,교차로 - 교차로안,건설기계,남,49세,상해없음,보행자,여,54세,사망
2015092400100241,2015년 9월 24일 10시,목요일,전라남도 장흥군 관산읍,경상사고,0,0,3,0,차대차 - 추돌 - 주정차중,안전운전불이행,건조,맑음,단일로 - 기타,화물,남,50세,상해없음,승용,여,44세,경상
2015092400100269,2015년 9월 24일 11시,목요일,전라남도 나주시 남평읍,중상사고,0,1,0,0,차대사람 - 기타,안전운전불이행,건조,맑음,단일로 - 기타,건설기계,남,48세,상해없음,보행자,남,46세,중상
2015092400100270,2015년 9월 24일 11시,목요일,전라남도 고흥군 도양읍,중상사고,0,2,1,0,차대차 - 측면직각충돌,차로위반,건조,맑음,단일로 - 기타,화물,남,63세,상해없음,화물,남,50세,중상
2015092400100271,2015년 9월 24일 11시,목요일,전라남도 완도군 신지면,중상사고,0,1,1,0,차대차 - 추돌 - 진행중,안전거리미확보,건조,맑음,단일로 - 기타,승용,남,55세,경상,화물,남,22세,중상
2015092400100272,2015년 9월 24일 11시,목요일,전라남도 광양시 광양읍,중상사고,0,1,0,0,차대차 - 기타,기타,건조,맑음,단일로 - 기타,승용,남,61세,상해없음,승용,남,38세,중상
2015092400100304,2015년 9월 24일 12시,목요일,전라남도 목포시 옥암동,경상사고,0,0,1,0,차대차 - 측면직각충돌,안전운전불이행,건조,맑음,교차로 - 교차로부근,화물,남,55세,상해없음,승용,여,44세,경상
2015092400100305,2015년 9월 24일 12시,목요일,전라남도 여수시 선원동,경상사고,0,0,1,0,차대차 - 추돌 - 진행중,안전운전불이행,건조,맑음,교차로 - 교차로안,승용,여,48세,상해없음,승용,남,53세,상해없음
2015092400100336,2015년 9월 24일 13시,목요일,전라남도 여수시 둔덕동,경상사고,0,0,2,0,차대차 - 측면직각충돌,신호위반,건조,맑음,교차로 - 교차로안,승용,남,70세,상해없음,승용,남,36세,경상
2015092400100337,2015년 9월 24일 13시,목요일,전라남도 여수시 돌산읍,중상사고,0,1,1,0,차량단독 - 도로외이탈 - 추락,안전운전불이행,건조,맑음,단일로 - 기타,승용,여,34세,중상,,,,
2015092400100369,2015년 9월 24일 14시,목요일,전라남도 강진군 강진읍,중상사고,0,4,0,0,차대차 - 측면직각충돌,신호위반,건조,맑음,교차로 - 교차로안,승용,남,30세,중상,승용,남,58세,중상
2015092400100404,2015년 9월 24일 15시,목요일,전라남도 순천시 대룡동,경상사고,0,0,1,0,차대사람 - 횡단중,안전운전불이행,건조,맑음,단일로 - 기타,승용,남,40세,상해없음,보행자,여,4세,경상
2015092400100405,2015년 9월 24일 15시,목요일,전라남도 화순군 화순읍,경상사고,0,0,1,0,차대차 - 기타,안전운전불이행,건조,맑음,교차로 - 교차로안,승용,남,47세,경상,승용,남,60세,상해없음
2015092400100406,2015년 9월 24일 15시,목요일,전라남도 함평군 학교면,부상신고사고,0,0,0,1,차대차 - 기타,안전운전불이행,건조,맑음,교차로 - 교차로안,원동기,남,73세,부상신고,승용,남,48세,상해없음
2015092400100407,2015년 9월 24일 15시,목요일,전라남도 구례군 간전면,중상사고,0,1,0,0,차대차 - 기타,안전운전불이행,건조,맑음,단일로 - 기타,화물,남,65세,상해없음,원동기,남,76세,중상
2015092400100500,2015년 9월 24일 17시,목요일,전라남도 여수시 소호동,중상사고,0,1,0,0,차대사람 - 횡단중,보행자보호의무위반,건조,맑음,단일로 - 기타,승용,여,46세,상해없음,보행자,여,6세,중상
2015092400100501,2015년 9월 24일 17시,목요일,전라남도 영암군 삼호읍,경상사고,0,0,1,0,차대차 - 측면직각충돌,신호위반,건조,맑음,교차로 - 교차로안,승용,여,45세,상해없음,승용,남,38세,경상
2015092400100601,2015년 9월 24일 19시,목요일,전라남도 여수시 서교동,중상사고,0,1,0,0,차대사람 - 횡단중,안전운전불이행,건조,맑음,단일로 - 기타,승용,남,61세,상해없음,보행자,여,68세,중상
2015092400100602,2015년 9월 24일 19시,목요일,전라남도 해남군 옥천면,부상신고사고,0,0,0,1,차대차 - 추돌 - 주정차중,안전운전불이행,건조,맑음,단일로 - 기타,승용,남,35세,부상신고,화물,남,69세,기타불명
2015092400100652,2015년 9월 24일 20시,목요일,전라남도 목포시 산정동,경상사고,0,0,2,0,차대차 - 추돌 - 진행중,안전거리미확보,건조,맑음,단일로 - 기타,화물,남,67세,상해없음,승용,남,40세,경상
2015092400100653,2015년 9월 24일 20시,목요일,전라남도 여수시 여서동,경상사고,0,0,1,0,차대차 - 측면직각충돌,교차로운행방법위반,건조,맑음,교차로 - 교차로안,승용,남,55세,상해없음,승용,남,51세,경상
2015092400100654,2015년 9월 24일 20시,목요일,전라남도 완도군 청산면,중상사고,0,1,0,0,차대사람 - 보도통행중,안전운전불이행,건조,맑음,교차로 - 교차로부근,이륜,남,52세,상해없음,보행자,여,8세,중상
2015092400100691,2015년 9월 24일 21시,목요일,전라남도 순천시 남정동,경상사고,0,0,1,0,차대차 - 측면직각충돌,신호위반,건조,맑음,교차로 - 교차로안,승용,남,54세,상해없음,승용,남,34세,경상
2015092400100692,2015년 9월 24일 21시,목요일,전라남도 무안군 몽탄면,경상사고,0,0,1,0,차대차 - 측면직각충돌,안전운전불이행,건조,맑음,교차로 - 교차로부근,승용,여,48세,상해없음,이륜,남,60세,경상
2015092400100693,2015년 9월 24일 21시,목요일,전라남도 광양시 광양읍,경상사고,0,0,1,0,차대사람 - 기타,안전운전불이행,건조,맑음,단일로 - 기타,화물,남,60세,상해없음,보행자,남,42세,경상
2015092400100694,2015년 9월 24일 21시,목요일,전라남도 광양시 광양읍,경상사고,0,0,1,0,차대차 - 기타,기타,건조,맑음,교차로 - 교차로부근,이륜,남,46세,경상,승용,남,34세,상해없음
2015092400100737,2015년 9월 24일 22시,목요일,전라남도 목포시 산정동,경상사고,0,0,1,0,차대차 - 기타,안전운전불이행,건조,맑음,단일로 - 기타,승합,남,40세,상해없음,승용,남,35세,상해없음
2015092400100767,2015년 9월 24일 23시,목요일,전라남도 순천시 조례동,경상사고,0,0,2,0,차대차 - 추돌 - 주정차중,안전운전불이행,건조,맑음,단일로 - 기타,승용,여,46세,상해없음,승용,여,45세,경상
2015092500100074,2015년 9월 25일 04시,금요일,전라남도 목포시 산정동,경상사고,0,0,1,0,차대차 - 추돌 - 주정차중,안전운전불이행,건조,맑음,단일로 - 기타,승용,남,39세,상해없음,승용,여,52세,경상
2015092500100085,2015년 9월 25일 05시,금요일,전라남도 해남군 북평면,부상신고사고,0,0,0,2,차대차 - 기타,안전운전불이행,건조,맑음,단일로 - 기타,화물,남,72세,부상신고,승용,남,47세,부상신고
2015092500100086,2015년 9월 25일 05시,금요일,전라남도 강진군 강진읍,중상사고,0,1,0,0,차대사람 - 차도통행중,안전운전불이행,건조,맑음,교차로 - 교차로안,승용,여,50세,상해없음,보행자,남,62세,중상
2015092500100103,2015년 9월 25일 06시,금요일,전라남도 해남군 화원면,중상사고,0,1,0,0,차대차 - 기타,안전거리미확보,건조,맑음,단일로 - 기타,건설기계,남,40세,상해없음,이륜,남,74세,중상
2015092500100172,2015년 9월 25일 08시,금요일,전라남도 목포시 산정동,경상사고,0,0,1,0,차대사람 - 횡단중,기타,건조,맑음,교차로 - 교차로부근,기타불명,기타불명,기타불명,기타불명,보행자,여,78세,경상
2015092500100173,2015년 9월 25일 08시,금요일,전라남도 목포시 대양동,경상사고,0,0,1,0,차량단독 - 공작물충돌,안전운전불이행,건조,맑음,단일로 - 기타,승용,여,38세,경상,,,,
2015092500100208,2015년 9월 25일 09시,금요일,전라남도 목포시 상동,경상사고,0,0,1,0,차대차 - 측면직각충돌,신호위반,건조,흐림,교차로 - 교차로안,승용,남,27세,상해없음,승용,여,35세,경상
2015092500100242,2015년 9월 25일 10시,금요일,전라남도 장성군 장성읍,중상사고,0,2,0,0,차대차 - 측면직각충돌,안전운전불이행,건조,맑음,교차로 - 교차로안,승용,여,38세,상해없음,이륜,남,80세,중상
2015092500100280,2015년 9월 25일 11시,금요일,전라남도 신안군 압해읍,중상사고,0,1,0,0,차대차 - 측면직각충돌,중앙선침범,건조,흐림,단일로 - 기타,승용,남,44세,상해없음,농기계,남,69세,중상
2015092500100281,2015년 9월 25일 11시,금요일,전라남도 장흥군 안양면,중상사고,0,1,2,0,차대차 - 추돌 - 진행중,안전운전불이행,건조,맑음,단일로 - 기타,승용,여,51세,경상,승용,남,60세,경상
2015092500100282,2015년 9월 25일 11시,금요일,전라남도 보성군 득량면,중상사고,0,1,0,0,차대차 - 측면직각충돌,안전운전불이행,건조,맑음,단일로 - 기타,화물,남,45세,상해없음,원동기,여,72세,중상
2015092500100283,2015년 9월 25일 11시,금요일,전라남도 강진군 강진읍,중상사고,0,1,0,0,차대차 - 측면직각충돌,직진우회전진행방해,건조,맑음,교차로 - 교차로안,원동기,남,79세,상해없음,화물,남,24세,상해없음
2015092500100284,2015년 9월 25일 11시,금요일,전라남도 완도군 완도읍,경상사고,0,0,3,0,차대차 - 측면직각충돌,교차로운행방법위반,건조,맑음,교차로 - 교차로안,화물,남,32세,상해없음,승합,남,31세,경상