사고번호,사고일시,요일,시군구,사고내용,사망자수,중상자수,경상자수,부상신고자수,사고유형,법규위반,노면상태,기상상태,도로형태,가해운전자 차종,가해운전자 성별,가해운전자 연령,가해운전자 상해정도,피해운전자 차종,피해운전자 성별,피해운전자 연령,피해운전자 상해정도
2015092500100372,2015년 9월 25일 13시,금요일,전라남도 신안군 팔금면,경상사고,0,0,1,0,차대차 - 측면직각충돌,안전운전불이행,건조,맑음,단일로 - 기타,승용,남,39세,경상,화물,남,55세,상해없음
2015092500100420,2015년 9월 25일 14시,금요일,전라남도 순천시 풍덕동,중상사고,0,1,0,0,차대차 - 기타,안전운전불이행,건조,맑음,교차로 - 교차로부근,자전거,남,62세,중상,승용,여,46세,상해없음
2015092500100421,2015년 9월 25일 14시,금요일,전라남도 고흥군 포두면,경상사고,0,0,1,0,차대차 - 측면직각충돌,안전운전불이행,건조,맑음,단일로 - 기타,화물,남,25세,상해없음,승용,여,61세,경상
2015092500100472,2015년 9월 25일 15시,금요일,전라남도 목포시 상동,경상사고,0,0,1,0,차대차 - 측면직각충돌,안전운전불이행,건조,흐림,단일로 - 횡단보도상,자전거,남,43세,경상,승용,남,31세,상해없음
2015092500100473,2015년 9월 25일 15시,금요일,전라남도 해남군 황산면,경상사고,0,0,1,0,차대차 - 측면직각충돌,안전운전불이행,건조,맑음,교차로 - 교차로안,승용,여,24세,상해없음,승용,남,55세,상해없음
2015092500100474,2015년 9월 25일 15시,금요일,전라남도 광양시 광양읍,경상사고,0,0,1,0,차대사람 - 횡단중,보행자보호의무위반,건조,맑음,단일로 - 횡단보도상,승합,남,42세,상해없음,보행자,여,8세,경상
2015092500100580,2015년 9월 25일 17시,금요일,전라남도 영암군 삼호읍,경상사고,0,0,3,0,차대차 - 측면직각충돌,신호위반,건조,맑음,교차로 - 교차로안,승용,여,30세,경상,승용,남,46세,경상
2015092500100643,2015년 9월 25일 18시,금요일,전라남도 목포시 석현동,경상사고,0,0,2,0,차대차 - 추돌 - 주정차중,안전운전불이행,건조,흐림,교차로 - 교차로부근,이륜,남,58세,상해없음,승용,남,44세,경상
2015092500100644,2015년 9월 25일 18시,금요일,전라남도 장흥군 부산면,중상사고,0,1,0,0,차량단독 - 도로외이탈 - 기타,안전운전불이행,건조,맑음,단일로 - 기타,농기계,남,70세,중상,,,,
2015092500100645,2015년 9월 25일 18시,금요일,전라남도 함평군 나산면,중상사고,0,1,0,0,차대차 - 기타,안전운전불이행,건조,맑음,단일로 - 기타,승용,여,41세,상해없음,승용,여,59세,중상
2015092500100646,2015년 9월 25일 18시,금요일,전라남도 담양군 월산면,경상사고,0,0,1,0,차대차 - 기타,안전운전불이행,건조,맑음,단일로 - 기타,이륜,남,76세,경상,화물,남,61세,상해없음
2015092500100710,2015년 9월 25일 19시,금요일,전라남도 순천시 해룡면,경상사고,0,0,1,0,차대차 - 기타,안전운전불이행,건조,맑음,교차로 - 교차로안,승용,여,54세,상해없음,승합,남,29세,경상
2015092500100711,2015년 9월 25일 19시,금요일,전라남도 강진군 도암면,중상사고,0,1,0,0,차대차 - 기타,중앙선침범,건조,맑음,교차로 - 교차로부근,승용,남,45세,상해없음,승용,여,49세,중상
2015092500100712,2015년 9월 25일 19시,금요일,전라남도 광양시 도이동,경상사고,0,0,1,0,차대차 - 측면직각충돌,교차로운행방법위반,건조,맑음,교차로 - 교차로안,특수,남,46세,상해없음,승용,남,30세,경상
2015092500100763,2015년 9월 25일 20시,금요일,전라남도 여수시 신기동,중상사고,0,3,2,0,차대차 - 측면직각충돌,안전운전불이행,건조,맑음,단일로 - 기타,승합,남,50세,상해없음,승용,남,39세,중상
2015092500100807,2015년 9월 25일 21시,금요일,전라남도 화순군 화순읍,경상사고,0,0,1,0,차대차 - 추돌 - 진행중,직진우회전진행방해,건조,맑음,교차로 - 교차로안,승용,여,44세,상해없음,승용,남,52세,경상
2015092500100848,2015년 9월 25일 22시,금요일,전라남도 보성군 벌교읍,중상사고,0,1,0,0,차량단독 - 공작물충돌,안전운전불이행,건조,맑음,단일로 - 기타,승용,남,20세,상해없음,,,,
2015092500100870,2015년 9월 25일 23시,금요일,전라남도 영암군 삼호읍,경상사고,0,0,1,0,차량단독 - 전도전복,안전운전불이행,건조,맑음,단일로 - 기타,이륜,남,39세,경상,,,,
2015092600100043,2015년 9월 26일 01시,토요일,전라남도 곡성군 곡성읍,중상사고,0,1,3,0,차대차 - 측면직각충돌,신호위반,건조,맑음,교차로 - 교차로안,승용,남,33세,중상,승용,남,41세,경상
2015092600100083,2015년 9월 26일 03시,토요일,전라남도 나주시 보산동,부상신고사고,0,0,0,1,차량단독 - 공작물충돌,안전운전불이행,습기,안개,단일로 - 기타,승용,남,36세,부상신고,,,,
2015092600100084,2015년 9월 26일 03시,토요일,전라남도 영암군 서호면,경상사고,0,0,6,0,차대차 - 측면직각충돌,안전운전불이행,건조,맑음,단일로 - 기타,승용,남,51세,경상,승용,남,30세,경상
2015092600100120,2015년 9월 26일 05시,토요일,전라남도 여수시 주삼동,중상사고,0,4,0,0,차대차 - 측면직각충돌,신호위반,건조,맑음,교차로 - 교차로안,승합,남,57세,상해없음,승용,남,47세,중상
2015092600100121,2015년 9월 26일 05시,토요일,전라남도 순천시 조곡동,경상사고,0,0,1,0,차대차 - 기타,직진우회전진행방해,건조,맑음,교차로 - 교차로안,승용,여,41세,상해없음,승용,여,44세,경상
2015092600100122,2015년 9월 26일 05시,토요일,전라남도 광양시 중동,경상사고,0,0,1,0,차대차 - 기타,신호위반,건조,맑음,교차로 - 교차로안,자전거,남,71세,경상,화물,남,57세,상해없음
2015092600100145,2015년 9월 26일 07시,토요일,전라남도 고흥군 두원면,중상사고,0,1,1,0,차대차 - 정면충돌,교차로운행방법위반,건조,맑음,교차로 - 교차로안,화물,남,58세,경상,승용,남,46세,중상
2015092600100166,2015년 9월 26일 08시,토요일,전라남도 해남군 화산면,중상사고,0,1,0,0,차대사람 - 횡단중,기타,건조,맑음,교차로 - 교차로안,승용,남,46세,상해없음,보행자,남,73세,중상
2015092600100191,2015년 9월 26일 09시,토요일,전라남도 함평군 신광면,경상사고,0,0,1,0,차대사람 - 보도통행중,안전운전불이행,건조,맑음,단일로 - 기타,승용,여,26세,상해없음,보행자,남,6세,경상
2015092600100218,2015년 9월 26일 10시,토요일,전라남도 목포시 산정동,중상사고,0,1,0,0,차대사람 - 횡단중,안전운전불이행,건조,맑음,교차로 - 교차로안,승용,남,64세,상해없음,보행자,여,67세,중상
2015092600100219,2015년 9월 26일 10시,토요일,전라남도 고흥군 금산면,경상사고,0,0,1,0,차대차 - 기타,안전운전불이행,건조,맑음,단일로 - 기타,이륜,남,65세,경상,승용,남,43세,상해없음
2015092600100252,2015년 9월 26일 11시,토요일,전라남도 목포시 남교동,경상사고,0,0,2,0,차대차 - 기타,안전운전불이행,건조,맑음,단일로 - 기타,화물,남,41세,상해없음,승용,남,37세,경상
2015092600100253,2015년 9월 26일 11시,토요일,전라남도 여수시 돌산읍,중상사고,0,4,0,0,차대차 - 추돌 - 진행중,중앙선침범,건조,맑음,단일로 - 기타,승용,남,70세,상해없음,승용,남,47세,중상
2015092600100254,2015년 9월 26일 11시,토요일,전라남도 보성군 득량면,경상사고,0,0,4,0,차대차 - 측면직각충돌,직진우회전진행방해,건조,맑음,교차로 - 교차로안,승용,여,53세,경상,승용,남,53세,경상
2015092600100313,2015년 9월 26일 13시,토요일,전라남도 순천시 서면,중상사고,0,1,3,0,차대차 - 기타,안전운전불이행,건조,맑음,단일로 - 기타,승용,남,43세,상해없음,승용,남,43세,경상
2015092600100360,2015년 9월 26일 15시,토요일,전라남도 나주시 송월동,경상사고,0,0,2,0,차대차 - 추돌 - 주정차중,안전운전불이행,건조,맑음,단일로 - 기타,화물,남,43세,상해없음,승용,남,70세,경상
2015092600100361,2015년 9월 26일 15시,토요일,전라남도 무안군 운남면,중상사고,0,1,0,0,차량단독 - 도로외이탈 - 추락,기타,건조,맑음,단일로 - 기타,이륜,여,72세,중상,,,,
2015092600100362,2015년 9월 26일 15시,토요일,전라남도 광양시 광양읍,중상사고,0,2,2,0,차량단독 - 공작물충돌,안전운전불이행,건조,맑음,기타 - 기타,승용,남,65세,상해없음,,,,
2015092600100392,2015년 9월 26일 16시,토요일,전라남도 여수시 국동,경상사고,0,0,1,0,차대사람 - 길가장자리구역통행중,안전운전불이행,건조,맑음,단일로 - 기타,승합,남,31세,상해없음,보행자,여,43세,경상
2015092600100393,2015년 9월 26일 16시,토요일,전라남도 순천시 황전면,중상사고,0,2,2,0,차대차 - 추돌 - 주정차중,안전운전불이행,건조,맑음,교차로 - 교차로부근,화물,남,53세,경상,승용,남,42세,중상
2015092600100394,2015년 9월 26일 16시,토요일,전라남도 화순군 도곡면,경상사고,0,0,3,0,차대차 - 기타,중앙선침범,건조,맑음,단일로 - 기타,승용,남,29세,상해없음,승용,남,52세,경상
2015092600100395,2015년 9월 26일 16시,토요일,전라남도 강진군 신전면,중상사고,0,2,0,0,차대차 - 기타,안전운전불이행,건조,맑음,단일로 - 기타,화물,남,37세,중상,승용,남,39세,상해없음
2015092600100447,2015년 9월 26일 18시,토요일,전라남도 여수시 돌산읍,중상사고,0,2,2,0,차대차 - 측면직각충돌,안전거리미확보,건조,맑음,단일로 - 기타,승용,남,47세,상해없음,승용,남,49세,경상
2015092600100448,2015년 9월 26일 18시,토요일,전라남도 화순군 남면,중상사고,0,1,0,0,차량단독 - 기타,안전운전불이행,건조,맑음,단일로 - 기타,승합,남,58세,상해없음,,,,
2015092600100449,2015년 9월 26일 18시,토요일,전라남도 완도군 노화읍,중상사고,0,1,0,0,차대사람 - 횡단중,안전운전불이행,건조,맑음,단일로 - 기타,승용,남,36세,상해없음,보행자,남,5세,중상
2015092600100467,2015년 9월 26일 19시,토요일,전라남도 장흥군 장흥읍,중상사고,0,1,0,0,차대차 - 측면직각충돌,직진우회전진행방해,건조,맑음,교차로 - 교차로안,승용,남,58세,상해없음,자전거,여,66세,중상
2015092600100468,2015년 9월 26일 19시,토요일,전라남도 무안군 해제면,경상사고,0,0,1,0,차대차 - 정면충돌,중앙선침범,건조,맑음,단일로 - 기타,승용,남,48세,상해없음,승용,남,51세,경상
2015092600100469,2015년 9월 26일 19시,토요일,전라남도 광양시 광양읍,중상사고,0,2,0,0,차대차 - 측면직각충돌,교차로운행방법위반,건조,맑음,교차로 - 교차로안,승용,남,53세,중상,승용,여,53세,중상
2015092600100493,2015년 9월 26일 20시,토요일,전라남도 장흥군 용산면,경상사고,0,0,2,0,차대차 - 추돌 - 주정차중,안전운전불이행,건조,맑음,단일로 - 기타,화물,남,59세,상해없음,화물,남,66세,경상
2015092600100494,2015년 9월 26일 20시,토요일,전라남도 영암군 삼호읍,경상사고,0,0,1,0,차대사람 - 횡단중,안전운전불이행,건조,맑음,단일로 - 기타,승용,남,56세,상해없음,보행자,남,6세,경상
2015092600100495,2015년 9월 26일 20시,토요일,전라남도 곡성군 오곡면,경상사고,0,0,3,0,차대차 - 추돌 - 진행중,안전운전불이행,건조,맑음,단일로 - 기타,승용,남,29세,경상,승용,남,46세,경상
2015092600100511,2015년 9월 26일 21시,토요일,전라남도 목포시 산정동,중상사고,0,1,0,0,차대사람 - 횡단중,안전운전불이행,건조,맑음,단일로 - 기타,승용,남,56세,상해없음,보행자,여,69세,중상
2015092600100528,2015년 9월 26일 22시,토요일,전라남도 나주시 삼도동,경상사고,0,0,1,0,차대차 - 측면직각충돌,신호위반,건조,맑음,교차로 - 교차로안,승용,여,19세,상해없음,승용,여,24세,경상
2015092600100529,2015년 9월 26일 22시,토요일,전라남도 해남군 산이면,경상사고,0,0,3,0,차량단독 - 공작물충돌,안전운전불이행,건조,맑음,단일로 - 기타,화물,남,47세,경상,,,,
2015092600100544,2015년 9월 26일 23시,토요일,전라남도 여수시 신월동,중상사고,0,1,3,0,차대차 - 추돌 - 주정차중,안전운전불이행,건조,기타,교차로 - 교차로부근,승용,여,35세,상해없음,승용,남,52세,경상
2015092700100012,2015년 9월 27일 00시,일요일,전라남도 신안군 안좌면,중상사고,0,1,2,1,차량단독 - 도로외이탈 - 추락,안전운전불이행,건조,흐림,단일로 - 기타,승용,남,26세,부상신고,,,,
2015092700100013,2015년 9월 27일 00시,일요일,전라남도 광양시 광양읍,경상사고,0,0,1,0,차대차 - 측면직각충돌,안전운전불이행,건조,맑음,교차로 - 교차로안,승용,남,38세,상해없음,승용,남,47세,경상
2015092700100024,2015년 9월 27일 01시,일요일,전라남도 여수시 오림동,경상사고,0,0,1,0,차대차 - 추돌 - 진행중,안전운전불이행,건조,맑음,단일로 - 기타,승용,여,20세,상해없음,승용,남,62세,경상
2015092700100038,2015년 9월 27일 02시,일요일,전라남도 장성군 장성읍,경상사고,0,0,1,0,차대사람 - 기타,안전운전불이행,건조,맑음,교차로 - 교차로부근,승용,남,24세,기타불명,보행자,남,44세,경상
2015092700100045,2015년 9월 27일 03시,일요일,전라남도 여수시 미평동,중상사고,0,1,0,0,차량단독 - 공작물충돌,안전운전불이행,건조,맑음,교차로 - 교차로부근,승용,남,22세,상해없음,,,,
2015092700100054,2015년 9월 27일 04시,일요일,전라남도 목포시 산정동,중상사고,0,1,3,0,차대차 - 측면직각충돌,신호위반,건조,맑음,교차로 - 교차로안,승용,남,49세,중상,승용,남,44세,경상
2015092700100085,2015년 9월 27일 07시,일요일,전라남도 무안군 일로읍,사망사고,1,0,0,0,차대사람 - 횡단중,안전운전불이행,기타,안개,단일로 - 기타,화물,남,62세,상해없음,보행자,남,73세,사망
2015092700100097,2015년 9월 27일 08시,일요일,전라남도 목포시 연산동,경상사고,0,0,2,0,차대차 - 기타,안전운전불이행,건조,맑음,단일로 - 기타,승용,남,25세,상해없음,승용,남,33세,경상
2015092700100098,2015년 9월 27일 08시,일요일,전라남도 영암군 학산면,경상사고,0,0,1,0,차대차 - 측면직각충돌,중앙선침범,건조,맑음,교차로 - 교차로부근,승용,남,48세,기타불명,화물,남,50세,경상
2015092700100121,2015년 9월 27일 09시,일요일,전라남도 나주시 산포면,경상사고,0,0,1,1,차대차 - 측면직각충돌,안전운전불이행,건조,맑음,교차로 - 교차로안,승용,남,58세,부상신고,승용,남,36세,경상
2015092700100122,2015년 9월 27일 09시,일요일,전라남도 장흥군 장흥읍,중상사고,0,1,0,1,차량단독 - 전도전복,안전운전불이행,건조,맑음,단일로 - 교량,승용,남,64세,부상신고,,,,
2015092700100159,2015년 9월 27일 11시,일요일,전라남도 화순군 도암면,경상사고,0,0,1,0,차대차 - 기타,안전운전불이행,건조,맑음,단일로 - 기타,승용,여,46세,상해없음,이륜,남,73세,경상
2015092700100160,2015년 9월 27일 11시,일요일,전라남도 구례군 구례읍,중상사고,0,1,0,0,차대사람 - 기타,안전운전불이행,건조,맑음,단일로 - 기타,승용,남,48세,상해없음,보행자,남,47세,중상
2015092700100197,2015년 9월 27일 12시,일요일,전라남도 장성군 장성읍,경상사고,0,0,2,0,차대차 - 측면직각충돌,안전운전불이행,건조,맑음,교차로 - 교차로안,승용,남,44세,상해없음,승용,남,59세,상해없음
2015092700100233,2015년 9월 27일 13시,일요일,전라남도 장흥군 회진면,경상사고,0,0,4,0,차대차 - 측면직각충돌,직진우회전진행방해,건조,맑음,교차로 - 교차로안,승합,남,46세,상해없음,승용,여,49세,경상
2015092700100234,2015년 9월 27일 13시,일요일,전라남도 함평군 월야면,경상사고,0,0,15,1,차대차 - 추돌 - 진행중,안전운전불이행,건조,맑음,단일로 - 기타,승용,남,66세,경상,승용,남,44세,경상
2015092700100235,2015년 9월 27일 13시,일요일,전라남도 완도군 청산면,중상사고,0,1,0,0,차량단독 - 전도전복,안전운전불이행,건조,맑음,단일로 - 기타,이륜,남,86세,중상,,,,
2015092700100257,2015년 9월 27일 14시,일요일,전라남도 여수시 덕충동,경상사고,0,0,3,0,차대차 - 추돌 - 진행중,안전운전불이행,건조,맑음,교차로 - 교차로부근,승용,남,39세,상해없음,승용,남,33세,경상
2015092700100258,2015년 9월 27일 14시,일요일,전라남도 여수시 남산동,경상사고,0,0,2,0,차대차 - 추돌 - 진행중,안전운전불이행,건조,맑음,단일로 - 교량,승용,여,52세,상해없음,화물,여,29세,경상
2015092700100259,2015년 9월 27일 14시,일요일,전라남도 구례군 용방면,중상사고,0,1,0,0,차대사람 - 기타,안전운전불이행,건조,맑음,단일로 - 기타,승용,남,28세,상해없음,보행자,여,8세,중상
2015092700100290,2015년 9월 27일 15시,일요일,전라남도 장흥군 관산읍,경상사고,0,0,1,0,차대차 - 측면직각충돌,교차로운행방법위반,건조,맑음,교차로 - 교차로안,승용,남,45세,상해없음,승용,여,31세,경상
2015092700100291,2015년 9월 27일 15시,일요일,전라남도 함평군 학교면,경상사고,0,0,1,0,차대차 - 추돌 - 진행중,안전거리미확보,건조,맑음,단일로 - 기타,승용,여,47세,상해없음,화물,남,28세,경상
2015092700100321,2015년 9월 27일 16시,일요일,전라남도 보성군 조성면,경상사고,0,0,4,0,차대차 - 정면충돌,중앙선침범,건조,맑음,단일로 - 기타,화물,남,56세,경상,승용,남,52세,경상
2015092700100348,2015년 9월 27일 17시,일요일,전라남도 순천시 낙안면,사망사고,1,0,0,0,차대사람 - 기타,과속,건조,맑음,단일로 - 기타,승용,남,63세,상해없음,보행자,남,12세,사망
2015092700100349,2015년 9월 27일 17시,일요일,전라남도 구례군 구례읍,중상사고,0,1,1,1,차대차 - 기타,직진우회전진행방해,건조,맑음,교차로 - 교차로안,승용,남,52세,부상신고,승용,여,46세,경상
2015092700100373,2015년 9월 27일 18시,일요일,전라남도 해남군 문내면,경상사고,0,0,1,0,차대차 - 정면충돌,안전운전불이행,건조,맑음,단일로 - 기타,승용,남,39세,경상,승용,남,35세,상해없음
2015092700100423,2015년 9월 27일 20시,일요일,전라남도 순천시 연향동,경상사고,0,0,2,0,차대차 - 측면직각충돌,안전거리미확보,건조,맑음,단일로 - 기타,승용,남,21세,상해없음,승용,남,33세,상해없음
2015092700100424,2015년 9월 27일 20시,일요일,전라남도 순천시 서면,중상사고,0,1,1,0,차대차 - 기타,중앙선침범,건조,맑음,단일로 - 기타,승용,남,54세,상해없음,승용,남,27세,경상
2015092700100466,2015년 9월 27일 22시,일요일,전라남도 순천시 왕지동,경상사고,0,0,1,0,차대차 - 기타,안전운전불이행,건조,맑음,교차로 - 교차로부근,원동기,남,17세,경상,승용,남,39세,상해없음
2015092700100467,2015년 9월 27일 22시,일요일,전라남도 고흥군 대서면,경상사고,0,0,5,0,차대차 - 기타,교차로운행방법위반,건조,맑음,교차로 - 교차로부근,승용,남,27세,경상,승용,여,39세,경상
2015092700100468,2015년 9월 27일 22시,일요일,전라남도 담양군 담양읍,중상사고,0,1,0,0,차대차 - 기타,직진우회전진행방해,건조,맑음,교차로 - 교차로안,승용,여,51세,상해없음,원동기,남,18세,중상
2015092700100488,2015년 9월 27일 23시,일요일,전라남도 곡성군 삼기면,중상사고,0,1,1,0,차대차 - 측면직각충돌,안전운전불이행,건조,맑음,단일로 - 기타,승용,여,47세,경상,승용,남,41세,상해없음
2015092800100017,2015년 9월 28일 01시,월요일,전라남도 광양시 중동,경상사고,0,0,5,0,차대차 - 측면직각충돌,직진우회전진행방해,건조,맑음,교차로 - 교차로안,승용,남,22세,경상,승용,남,69세,경상
2015092800100029,2015년 9월 28일 02시,월요일,전라남도 신안군 자은면,중상사고,0,1,0,0,차량단독 - 공작물충돌,안전운전불이행,건조,맑음,단일로 - 기타,이륜,남,18세,중상,,,,
2015092800100030,2015년 9월 28일 02시,월요일,전라남도 여수시 국동,경상사고,0,0,2,0,차대차 - 측면직각충돌,과속,건조,맑음,단일로 - 기타,승용,남,55세,상해없음,승용,남,25세,경상
2015092800100040,2015년 9월 28일 03시,월요일,전라남도 목포시 산정동,중상사고,0,1,0,0,차대차 - 측면직각충돌,신호위반,건조,맑음,교차로 - 교차로안,승용,남,27세,상해없음,승용,남,40세,중상
2015092800100084,2015년 9월 28일 07시,월요일,전라남도 영암군 금정면,경상사고,0,0,2,0,차대차 - 측면직각충돌,안전운전불이행,건조,맑음,교차로 - 교차로안,화물,남,53세,경상,승용,남,52세,경상
2015092800100133,2015년 9월 28일 11시,월요일,전라남도 해남군 계곡면,중상사고,0,1,3,0,차대차 - 기타,불법유턴,건조,맑음,기타 - 기타,승용,남,43세,상해없음,승용,남,34세,경상
2015092800100164,2015년 9월 28일 12시,월요일,전라남도 고흥군 고흥읍,경상사고,0,0,1,0,차대차 - 측면직각충돌,교차로운행방법위반,건조,맑음,교차로 - 교차로안,승용,여,43세,상해없음,승용,남,53세,경상
2015092800100182,2015년 9월 28일 13시,월요일,전라남도 순천시 오천동,경상사고,0,0,4,0,차대차 - 추돌 - 주정차중,안전운전불이행,건조,맑음,단일로 - 기타,승용,남,74세,상해없음,승용,남,54세,경상
2015092800100183,2015년 9월 28일 13시,월요일,전라남도 나주시 이창동,경상사고,0,0,1,0,차대차 - 측면직각충돌,신호위반,건조,맑음,교차로 - 교차로안,승용,남,23세,상해없음,화물,남,67세,경상
2015092800100184,2015년 9월 28일 13시,월요일,전라남도 영암군 삼호읍,중상사고,0,1,0,0,차량단독 - 공작물충돌,안전운전불이행,건조,맑음,단일로 - 기타,승용,남,50세,중상,,,,
2015092800100185,2015년 9월 28일 13시,월요일,전라남도 완도군 청산면,경상사고,0,0,1,0,차대차 - 기타,안전운전불이행,건조,맑음,단일로 - 기타,승합,여,47세,상해없음,농기계,남,77세,경상
2015092800100209,2015년 9월 28일 14시,월요일,전라남도 화순군 화순읍,경상사고,0,0,3,0,차대차 - 기타,안전운전불이행,건조,맑음,교차로 - 교차로안,승용,남,18세,상해없음,승용,여,48세,경상
2015092800100241,2015년 9월 28일 15시,월요일,전라남도 순천시 조례동,경상사고,0,0,2,0,차대차 - 추돌 - 진행중,안전거리미확보,건조,맑음,단일로 - 기타,승용,남,25세,상해없음,승용,여,26세,경상
2015092800100242,2015년 9월 28일 15시,월요일,전라남도 광양시 광영동,경상사고,0,0,2,0,차대차 - 측면직각충돌,안전운전불이행,건조,맑음,교차로 - 교차로부근,승용,남,50세,상해없음,승용,남,51세,경상
2015092800100243,2015년 9월 28일 15시,월요일,전라남도 순천시 별량면,중상사고,0,1,4,0,차대차 - 추돌 - 진행중,안전운전불이행,건조,맑음,단일로 - 기타,승용,여,36세,경상,승용,남,33세,경상
2015092800100305,2015년 9월 28일 17시,월요일,전라남도 여수시 공화동,경상사고,0,0,3,0,차대차 - 측면직각충돌,신호위반,건조,맑음,교차로 - 교차로안,승용,여,58세,상해없음,승용,남,46세,경상
2015092800100306,2015년 9월 28일 17시,월요일,전라남도 순천시 낙안면,경상사고,0,0,5,0,차대차 - 정면충돌,중앙선침범,건조,맑음,단일로 - 기타,화물,남,66세,상해없음,승용,남,35세,경상
2015092800100307,2015년 9월 28일 17시,월요일,전라남도 강진군 군동면,경상사고,0,0,1,0,차대차 - 측면직각충돌,직진우회전진행방해,건조,맑음,교차로 - 교차로안,원동기,남,70세,경상,승용,남,54세,상해없음
2015092800100366,2015년 9월 28일 19시,월요일,전라남도 화순군 동복면,중상사고,0,1,0,0,차대차 - 추돌 - 주정차중,안전운전불이행,건조,맑음,단일로 - 기타,이륜,남,44세,중상,화물,남,55세,상해없음
2015092800100407,2015년 9월 28일 20시,월요일,전라남도 고흥군 동강면,중상사고,0,4,3,0,차대차 - 추돌 - 진행중,차로위반,건조,맑음,단일로 - 기타,승용,남,55세,중상,승용,남,27세,경상
2015092800100429,2015년 9월 28일 21시,월요일,전라남도 목포시 동명동,중상사고,0,1,0,0,차대사람 - 횡단중,안전운전불이행,건조,맑음,교차로 - 교차로안,승용,남,68세,상해없음,보행자,남,64세,중상
2015092800100430,2015년 9월 28일 21시,월요일,전라남도 강진군 마량면,경상사고,0,0,1,0,차대사람 - 기타,안전운전불이행,건조,맑음,단일로 - 기타,승용,남,56세,상해없음,보행자,남,42세,경상
2015092800100431,2015년 9월 28일 21시,월요일,전라남도 무안군 삼향읍,중상사고,0,1,0,0,차대차 - 추돌 - 주정차중,안전운전불이행,건조,맑음,교차로 - 교차로안,이륜,남,16세,중상,승용,여,47세,상해없음
2015092800100459,2015년 9월 28일 22시,월요일,전라남도 목포시 상동,경상사고,0,0,1,0,차대사람 - 기타,안전운전불이행,건조,맑음,단일로 - 기타,승용,남,27세,상해없음,보행자,여,41세,경상
2015092800100460,2015년 9월 28일 22시,월요일,전라남도 여수시 종화동,중상사고,0,1,0,0,차대사람 - 횡단중,안전운전불이행,건조,맑음,교차로 - 교차로부근,승용,남,21세,상해없음,보행자,남,5세,중상
2015092800100486,2015년 9월 28일 23시,월요일,전라남도 목포시 상동,경상사고,0,0,3,0,차대차 - 측면직각충돌,교차로운행방법위반,건조,맑음,교차로 - 교차로안,승용,남,34세,경상,승용,남,43세,경상
2015092800100487,2015년 9월 28일 23시,월요일,전라남도 광양시 중동,경상사고,0,0,1,0,차대차 - 기타,안전운전불이행,건조,맑음,단일로 - 기타,승용,남,49세,경상,승용,남,48세,상해없음
2015092900100026,2015년 9월 29일 01시,화요일,전라남도 순천시 조례동,경상사고,0,0,2,0,차대차 - 기타,안전운전불이행,건조,맑음,단일로 - 기타,승용,남,26세,상해없음,화물,남,56세,경상
2015092900100102,2015년 9월 29일 08시,화요일,전라남도 고흥군 도양읍,경상사고,0,0,1,0,차대차 - 측면직각충돌,교차로운행방법위반,건조,맑음,교차로 - 교차로안,승용,여,54세,경상,화물,남,74세,상해없음
2015092900100114,2015년 9월 29일 09시,화요일,전라남도 장흥군 안양면,경상사고,0,0,2,0,차대차 - 추돌 - 진행중,안전운전불이행,건조,맑음,단일로 - 기타,승용,남,50세,경상,승용,남,75세,경상
2015092900100115,2015년 9월 29일 09시,화요일,전라남도 화순군 화순읍,경상사고,0,0,4,0,차대차 - 측면직각충돌,교차로운행방법위반,건조,맑음,교차로 - 교차로안,승용,여,35세,경상,승용,남,63세,경상
2015092900100116,2015년 9월 29일 09시,화요일,전라남도 영암군 금정면,중상사고,0,1,0,0,차대사람 - 기타,안전운전불이행,건조,맑음,단일로 - 기타,화물,남,65세,상해없음,보행자,여,44세,중상
2015092900100133,2015년 9월 29일 10시,화요일,전라남도 구례군 광의면,중상사고,0,1,0,1,차대차 - 기타,안전운전불이행,건조,맑음,단일로 - 기타,승용,남,59세,부상신고,승용,남,56세,상해없음
2015092900100154,2015년 9월 29일 11시,화요일,전라남도 순천시 연향동,경상사고,0,0,1,1,차대차 - 기타,안전운전불이행,건조,맑음,교차로 - 교차로안,승용,남,68세,부상신고,승용,남,36세,경상
2015092900100190,2015년 9월 29일 12시,화요일,전라남도 해남군 황산면,중상사고,0,1,1,0,차량단독 - 도로외이탈 - 기타,안전운전불이행,건조,맑음,단일로 - 기타,승용,남,45세,상해없음,,,,
2015092900100191,2015년 9월 29일 12시,화요일,전라남도 무안군 몽탄면,경상사고,0,0,1,0,차대차 - 측면직각충돌,직진우회전진행방해,건조,맑음,교차로 - 교차로부근,승용,남,60세,상해없음,이륜,여,67세,경상
2015092900100217,2015년 9월 29일 13시,화요일,전라남도 목포시 산정동,중상사고,0,1,4,0,차대차 - 측면직각충돌,차로위반,건조,맑음,단일로 - 기타,승용,남,36세,경상,승합,남,29세,경상
2015092900100218,2015년 9월 29일 13시,화요일,전라남도 보성군 벌교읍,경상사고,0,0,1,0,차대사람 - 기타,안전운전불이행,건조,맑음,기타 - 기타,승용,남,57세,상해없음,보행자,여,20세,경상