사고번호,사고일시,요일,시군구,사고내용,사망자수,중상자수,경상자수,부상신고자수,사고유형,법규위반,노면상태,기상상태,도로형태,가해운전자 차종,가해운전자 성별,가해운전자 연령,가해운전자 상해정도,피해운전자 차종,피해운전자 성별,피해운전자 연령,피해운전자 상해정도
2015092900100292,2015년 9월 29일 15시,화요일,전라남도 순천시 해룡면,경상사고,0,0,4,0,차대차 - 측면직각충돌,안전운전불이행,건조,맑음,단일로 - 기타,승용,남,17세,상해없음,승용,남,34세,경상
2015092900100293,2015년 9월 29일 15시,화요일,전라남도 고흥군 도양읍,경상사고,0,0,2,0,차대차 - 기타,교차로운행방법위반,건조,맑음,교차로 - 교차로안,승용,남,41세,경상,화물,남,75세,경상
2015092900100323,2015년 9월 29일 16시,화요일,전라남도 목포시 상동,경상사고,0,0,2,0,차대차 - 추돌 - 주정차중,안전운전불이행,건조,맑음,단일로 - 기타,승용,남,30세,상해없음,승용,여,46세,경상
2015092900100324,2015년 9월 29일 16시,화요일,전라남도 목포시 북교동,경상사고,0,0,1,0,차대차 - 기타,안전운전불이행,건조,맑음,단일로 - 기타,화물,남,69세,상해없음,이륜,남,34세,경상
2015092900100325,2015년 9월 29일 16시,화요일,전라남도 나주시 삼영동,경상사고,0,0,7,0,차대차 - 측면직각충돌,안전운전불이행,건조,맑음,교차로 - 교차로부근,승용,여,42세,상해없음,승용,여,50세,경상
2015092900100388,2015년 9월 29일 18시,화요일,전라남도 고흥군 고흥읍,중상사고,0,1,0,0,차대사람 - 횡단중,보행자보호의무위반,건조,맑음,단일로 - 횡단보도상,화물,남,52세,상해없음,보행자,여,75세,중상
2015092900100389,2015년 9월 29일 18시,화요일,전라남도 화순군 남면,중상사고,0,1,1,0,차대차 - 기타,안전운전불이행,건조,기타,단일로 - 기타,승용,남,76세,상해없음,농기계,남,79세,경상
2015092900100435,2015년 9월 29일 19시,화요일,전라남도 여수시 돌산읍,중상사고,0,2,0,0,차대사람 - 횡단중,보행자보호의무위반,건조,맑음,단일로 - 횡단보도상,승용,남,27세,상해없음,보행자,여,27세,중상
2015092900100436,2015년 9월 29일 19시,화요일,전라남도 순천시 풍덕동,경상사고,0,0,1,0,차대차 - 측면직각충돌,안전운전불이행,건조,맑음,교차로 - 교차로안,승용,남,55세,상해없음,승용,남,46세,경상
2015092900100462,2015년 9월 29일 20시,화요일,전라남도 보성군 벌교읍,경상사고,0,0,1,0,차대차 - 기타,안전운전불이행,건조,맑음,단일로 - 기타,화물,남,64세,상해없음,자전거,남,67세,경상
2015092900100531,2015년 9월 29일 22시,화요일,전라남도 목포시 산정동,경상사고,0,0,3,0,차대차 - 기타,안전운전불이행,건조,맑음,기타 - 기타,승용,여,35세,상해없음,승용,남,33세,경상
2015092900100532,2015년 9월 29일 22시,화요일,전라남도 순천시 서면,중상사고,0,1,0,0,차대차 - 기타,안전운전불이행,건조,맑음,단일로 - 기타,승용,남,49세,상해없음,자전거,남,17세,중상
2015092900100548,2015년 9월 29일 23시,화요일,전라남도 광양시 중동,경상사고,0,0,1,0,차대차 - 기타,안전운전불이행,건조,맑음,교차로 - 교차로안,승용,남,49세,상해없음,승용,여,34세,경상
2015093000100026,2015년 9월 30일 01시,수요일,전라남도 순천시 조례동,경상사고,0,0,4,0,차대차 - 측면직각충돌,교차로운행방법위반,건조,맑음,교차로 - 교차로안,승용,남,68세,상해없음,승용,남,28세,경상
2015093000100049,2015년 9월 30일 04시,수요일,전라남도 목포시 상동,중상사고,0,1,2,0,차대차 - 측면직각충돌,신호위반,건조,맑음,교차로 - 교차로안,이륜,남,23세,중상,승용,남,25세,경상
2015093000100072,2015년 9월 30일 06시,수요일,전라남도 목포시 산정동,경상사고,0,0,1,0,차대차 - 추돌 - 주정차중,안전운전불이행,건조,맑음,단일로 - 횡단보도부근,승용,남,71세,상해없음,승용,남,33세,경상
2015093000100136,2015년 9월 30일 08시,수요일,전라남도 여수시 미평동,경상사고,0,0,1,0,차대사람 - 횡단중,안전운전불이행,건조,맑음,단일로 - 기타,승용,여,36세,상해없음,보행자,여,7세,경상
2015093000100137,2015년 9월 30일 08시,수요일,전라남도 순천시 조례동,경상사고,0,0,1,0,차대사람 - 기타,안전운전불이행,건조,흐림,단일로 - 기타,승용,남,59세,상해없음,보행자,남,78세,경상
2015093000100138,2015년 9월 30일 08시,수요일,전라남도 순천시 덕암동,경상사고,0,0,1,0,차대차 - 추돌 - 진행중,교차로운행방법위반,건조,맑음,교차로 - 교차로안,승용,남,66세,상해없음,원동기,남,53세,경상
2015093000100179,2015년 9월 30일 09시,수요일,전라남도 해남군 해남읍,경상사고,0,0,2,0,차대차 - 측면직각충돌,안전운전불이행,습기,비,교차로 - 교차로안,승용,여,36세,경상,승용,여,51세,경상
2015093000100180,2015년 9월 30일 09시,수요일,전라남도 영암군 신북면,경상사고,0,0,1,0,차대차 - 측면직각충돌,안전거리미확보,습기,비,교차로 - 교차로부근,승용,여,67세,상해없음,승용,여,58세,경상
2015093000100213,2015년 9월 30일 10시,수요일,전라남도 나주시 경현동,경상사고,0,0,1,0,차대차 - 기타,신호위반,습기,비,교차로 - 교차로안,화물,여,55세,상해없음,승용,남,77세,경상
2015093000100214,2015년 9월 30일 10시,수요일,전라남도 고흥군 점암면,경상사고,0,0,1,0,차량단독 - 공작물충돌,안전운전불이행,습기,비,단일로 - 기타,화물,남,34세,경상,,,,
2015093000100215,2015년 9월 30일 10시,수요일,전라남도 화순군 화순읍,경상사고,0,0,2,0,차대차 - 측면직각충돌,교차로운행방법위반,건조,맑음,교차로 - 교차로안,화물,남,58세,경상,승용,여,41세,상해없음
2015093000100243,2015년 9월 30일 11시,수요일,전라남도 목포시 연산동,경상사고,0,0,7,0,차대차 - 기타,안전운전불이행,습기,비,교차로 - 교차로부근,화물,남,62세,상해없음,승용,남,40세,경상
2015093000100244,2015년 9월 30일 11시,수요일,전라남도 광양시 광양읍,경상사고,0,0,1,0,차대차 - 측면직각충돌,안전운전불이행,건조,맑음,단일로 - 기타,화물,남,68세,상해없음,승합,남,37세,경상
2015093000100276,2015년 9월 30일 12시,수요일,전라남도 목포시 상동,경상사고,0,0,1,0,차대차 - 기타,안전운전불이행,습기,비,단일로 - 기타,승용,남,71세,상해없음,승용,여,73세,경상
2015093000100277,2015년 9월 30일 12시,수요일,전라남도 여수시 문수동,경상사고,0,0,1,0,차대차 - 추돌 - 주정차중,안전운전불이행,습기,비,교차로 - 교차로부근,승용,여,43세,상해없음,승용,남,63세,경상
2015093000100278,2015년 9월 30일 12시,수요일,전라남도 여수시 문수동,경상사고,0,0,1,0,차대사람 - 차도통행중,안전운전불이행,습기,비,단일로 - 기타,화물,여,30세,상해없음,보행자,남,46세,경상
2015093000100305,2015년 9월 30일 13시,수요일,전라남도 나주시 남평읍,중상사고,0,1,0,0,차대사람 - 횡단중,안전운전불이행,습기,비,단일로 - 기타,승용,남,54세,상해없음,보행자,여,76세,중상
2015093000100306,2015년 9월 30일 13시,수요일,전라남도 무안군 청계면,경상사고,0,0,2,0,차대차 - 추돌 - 진행중,안전운전불이행,습기,비,교차로 - 교차로부근,승용,남,59세,경상,승용,여,24세,경상
2015093000100307,2015년 9월 30일 13시,수요일,전라남도 광양시 광양읍,경상사고,0,0,1,1,차대사람 - 횡단중,안전운전불이행,습기,비,단일로 - 횡단보도상,이륜,남,72세,부상신고,보행자,여,39세,경상
2015093000100345,2015년 9월 30일 14시,수요일,전라남도 나주시 금천면,중상사고,0,1,1,0,차대차 - 기타,안전운전불이행,습기,비,단일로 - 기타,승용,여,62세,상해없음,화물,남,35세,경상
2015093000100346,2015년 9월 30일 14시,수요일,전라남도 광양시 광양읍,경상사고,0,0,2,0,차대차 - 측면직각충돌,신호위반,습기,비,교차로 - 교차로안,화물,남,68세,상해없음,화물,남,50세,경상
2015093000100388,2015년 9월 30일 15시,수요일,전라남도 영암군 삼호읍,중상사고,0,3,0,0,차대차 - 추돌 - 진행중,안전거리미확보,습기,비,교차로 - 교차로부근,화물,남,48세,상해없음,승용,남,39세,중상
2015093000100416,2015년 9월 30일 16시,수요일,전라남도 순천시 낙안면,경상사고,0,0,5,0,차대차 - 기타,안전운전불이행,건조,맑음,단일로 - 기타,화물,남,44세,상해없음,승용,여,32세,경상
2015093000100457,2015년 9월 30일 17시,수요일,전라남도 담양군 대전면,중상사고,0,1,0,0,차대차 - 측면직각충돌,신호위반,습기,비,교차로 - 교차로안,승용,남,43세,중상,승합,남,43세,상해없음
2015093000100503,2015년 9월 30일 18시,수요일,전라남도 목포시 산정동,중상사고,0,1,0,0,차대사람 - 기타,안전운전불이행,습기,비,교차로 - 교차로안,승용,여,37세,상해없음,보행자,여,72세,중상
2015093000100504,2015년 9월 30일 18시,수요일,전라남도 목포시 대성동,경상사고,0,0,1,0,차대사람 - 횡단중,안전운전불이행,습기,비,단일로 - 기타,승용,여,63세,상해없음,보행자,남,67세,경상
2015093000100505,2015년 9월 30일 18시,수요일,전라남도 목포시 산정동,경상사고,0,0,1,0,차대차 - 기타,중앙선침범,습기,비,단일로 - 기타,승용,여,45세,상해없음,승용,남,53세,경상
2015093000100506,2015년 9월 30일 18시,수요일,전라남도 목포시 상동,경상사고,0,0,2,0,차대차 - 기타,안전운전불이행,습기,비,단일로 - 기타,승용,남,61세,상해없음,승용,남,44세,경상
2015093000100507,2015년 9월 30일 18시,수요일,전라남도 순천시 인제동,경상사고,0,0,1,0,차대차 - 기타,교차로운행방법위반,습기,비,교차로 - 교차로안,승용,여,50세,상해없음,승용,남,51세,경상
2015093000100508,2015년 9월 30일 18시,수요일,전라남도 고흥군 고흥읍,경상사고,0,0,1,0,차대차 - 기타,교차로운행방법위반,건조,기타,교차로 - 교차로안,승용,여,47세,상해없음,이륜,여,61세,경상
2015093000100546,2015년 9월 30일 19시,수요일,전라남도 여수시 공화동,경상사고,0,0,2,0,차대차 - 측면직각충돌,안전운전불이행,습기,비,교차로 - 교차로안,승용,남,25세,상해없음,화물,남,63세,경상
2015093000100547,2015년 9월 30일 19시,수요일,전라남도 광양시 중동,경상사고,0,0,1,0,차대차 - 추돌 - 주정차중,안전거리미확보,습기,비,교차로 - 교차로안,승용,남,56세,상해없음,승용,여,20세,경상
2015093000100586,2015년 9월 30일 20시,수요일,전라남도 목포시 산정동,경상사고,0,0,3,0,차대차 - 기타,교차로운행방법위반,건조,맑음,교차로 - 교차로안,승용,남,34세,경상,승용,남,57세,경상
2015093000100587,2015년 9월 30일 20시,수요일,전라남도 여수시 서교동,중상사고,0,1,0,0,차대사람 - 차도통행중,안전운전불이행,습기,비,단일로 - 횡단보도상,승용,남,38세,상해없음,보행자,남,65세,중상
2015093000100613,2015년 9월 30일 21시,수요일,전라남도 목포시 옥암동,중상사고,0,1,0,0,차대사람 - 횡단중,신호위반,습기,비,교차로 - 교차로안,승용,남,35세,상해없음,보행자,남,13세,중상
2015093000100642,2015년 9월 30일 22시,수요일,전라남도 영암군 삼호읍,경상사고,0,0,1,0,차대차 - 기타,안전운전불이행,습기,비,단일로 - 기타,승용,남,48세,상해없음,자전거,남,26세,경상
2015093000100643,2015년 9월 30일 22시,수요일,전라남도 무안군 삼향읍,경상사고,0,0,1,0,차대차 - 추돌 - 진행중,안전운전불이행,습기,비,단일로 - 기타,승용,남,36세,상해없음,승용,남,23세,경상
2015093000100668,2015년 9월 30일 23시,수요일,전라남도 목포시 산정동,경상사고,0,0,2,1,차대차 - 기타,신호위반,습기,비,교차로 - 교차로안,승용,여,27세,부상신고,승용,여,48세,경상
2015093000100669,2015년 9월 30일 23시,수요일,전라남도 여수시 고소동,경상사고,0,0,1,0,차대차 - 정면충돌,안전운전불이행,습기,비,교차로 - 교차로안,승용,남,36세,상해없음,승용,남,38세,상해없음
2015100100100082,2015년 10월 1일 04시,목요일,전라남도 순천시 덕암동,경상사고,0,0,2,0,차대차 - 추돌 - 주정차중,안전운전불이행,건조,맑음,교차로 - 교차로부근,승용,여,32세,상해없음,승용,여,55세,경상
2015100100100110,2015년 10월 1일 06시,목요일,전라남도 목포시 상동,중상사고,0,1,0,0,차대차 - 기타,안전운전불이행,습기,비,단일로 - 기타,승용,여,54세,중상,화물,남,19세,상해없음
2015100100100132,2015년 10월 1일 07시,목요일,전라남도 담양군 담양읍,경상사고,0,0,5,0,차대차 - 측면직각충돌,직진우회전진행방해,습기,비,교차로 - 교차로안,화물,여,46세,경상,화물,남,50세,경상
2015100100100164,2015년 10월 1일 08시,목요일,전라남도 순천시 조례동,경상사고,0,0,1,0,차대차 - 추돌 - 진행중,안전운전불이행,건조,맑음,단일로 - 기타,승용,남,53세,상해없음,승용,남,50세,상해없음
2015100100100165,2015년 10월 1일 08시,목요일,전라남도 순천시 승주읍,중상사고,0,1,0,0,차대차 - 기타,안전운전불이행,습기,맑음,단일로 - 기타,승용,여,56세,상해없음,승용,남,35세,상해없음
2015100100100207,2015년 10월 1일 09시,목요일,전라남도 목포시 산정동,경상사고,0,0,2,0,차대차 - 추돌 - 주정차중,안전운전불이행,습기,비,교차로 - 교차로안,승합,남,59세,상해없음,승용,남,55세,경상
2015100100100208,2015년 10월 1일 09시,목요일,전라남도 영광군 영광읍,중상사고,0,1,0,0,차대사람 - 횡단중,안전운전불이행,습기,비,단일로 - 기타,승용,여,64세,상해없음,보행자,남,72세,중상
2015100100100209,2015년 10월 1일 09시,목요일,전라남도 담양군 수북면,경상사고,0,0,2,0,차대차 - 기타,안전운전불이행,습기,비,교차로 - 교차로안,특수,남,55세,상해없음,승용,여,25세,경상
2015100100100233,2015년 10월 1일 10시,목요일,전라남도 목포시 상동,중상사고,0,1,3,0,차대차 - 측면직각충돌,직진우회전진행방해,습기,비,교차로 - 교차로안,승용,남,58세,경상,승용,남,63세,경상
2015100100100234,2015년 10월 1일 10시,목요일,전라남도 함평군 월야면,경상사고,0,0,2,0,차대차 - 추돌 - 진행중,안전거리미확보,습기,비,단일로 - 기타,승용,남,73세,경상,승용,남,35세,경상
2015100100100255,2015년 10월 1일 11시,목요일,전라남도 나주시 산포면,중상사고,0,1,1,1,차대차 - 측면직각충돌,직진우회전진행방해,습기,비,교차로 - 교차로안,승용,남,24세,부상신고,승용,여,58세,중상
2015100100100256,2015년 10월 1일 11시,목요일,전라남도 화순군 화순읍,중상사고,0,2,0,0,차대차 - 추돌 - 진행중,안전운전불이행,습기,비,단일로 - 기타,승용,남,59세,상해없음,승용,남,46세,중상
2015100100100292,2015년 10월 1일 12시,목요일,전라남도 영암군 영암읍,경상사고,0,0,1,0,차량단독 - 전도전복,안전운전불이행,습기,비,교차로 - 교차로부근,이륜,남,77세,상해없음,,,,
2015100100100319,2015년 10월 1일 13시,목요일,전라남도 여수시 학동,경상사고,0,0,1,0,차대차 - 측면직각충돌,안전운전불이행,습기,비,교차로 - 교차로안,승용,여,45세,상해없음,원동기,남,25세,경상
2015100100100320,2015년 10월 1일 13시,목요일,전라남도 해남군 옥천면,경상사고,0,0,1,0,차대차 - 측면직각충돌,교차로운행방법위반,습기,비,교차로 - 교차로안,화물,남,57세,상해없음,승용,남,58세,경상
2015100100100321,2015년 10월 1일 13시,목요일,전라남도 해남군 해남읍,경상사고,0,0,1,0,차대차 - 추돌 - 주정차중,안전운전불이행,습기,비,단일로 - 기타,화물,여,59세,상해없음,승용,남,48세,경상
2015100100100322,2015년 10월 1일 13시,목요일,전라남도 광양시 성황동,경상사고,0,0,2,0,차대차 - 기타,안전운전불이행,습기,비,단일로 - 기타,승용,남,22세,경상,특수,남,45세,경상
2015100100100354,2015년 10월 1일 14시,목요일,전라남도 순천시 조례동,경상사고,0,0,1,0,차대차 - 기타,안전운전불이행,습기,비,단일로 - 기타,승용,여,53세,상해없음,승용,남,45세,경상
2015100100100355,2015년 10월 1일 14시,목요일,전라남도 강진군 칠량면,중상사고,0,1,3,0,차대차 - 추돌 - 주정차중,안전거리미확보,습기,비,단일로 - 기타,화물,남,38세,기타불명,승용,남,35세,경상
2015100100100356,2015년 10월 1일 14시,목요일,전라남도 순천시 주암면,중상사고,0,1,1,0,차량단독 - 공작물충돌,안전운전불이행,습기,비,단일로 - 기타,승합,남,39세,상해없음,,,,
2015100100100392,2015년 10월 1일 15시,목요일,전라남도 목포시 호남동,경상사고,0,0,1,0,차대사람 - 길가장자리구역통행중,안전운전불이행,습기,비,단일로 - 기타,승용,남,73세,상해없음,보행자,남,82세,경상
2015100100100393,2015년 10월 1일 15시,목요일,전라남도 목포시 대양동,경상사고,0,0,1,0,차대사람 - 횡단중,안전운전불이행,습기,비,단일로 - 기타,승용,남,63세,상해없음,보행자,여,8세,경상
2015100100100420,2015년 10월 1일 16시,목요일,전라남도 영암군 삼호읍,경상사고,0,0,1,0,차량단독 - 도로외이탈 - 추락,안전운전불이행,습기,비,단일로 - 기타,승용,남,33세,경상,,,,
2015100100100421,2015년 10월 1일 16시,목요일,전라남도 무안군 일로읍,경상사고,0,0,1,0,차대사람 - 기타,기타,건조,맑음,단일로 - 기타,승합,남,57세,상해없음,보행자,여,72세,경상
2015100100100451,2015년 10월 1일 17시,목요일,전라남도 해남군 해남읍,경상사고,0,0,1,0,차대차 - 측면직각충돌,안전운전불이행,습기,흐림,교차로 - 교차로안,승용,남,57세,상해없음,승용,남,62세,경상
2015100100100452,2015년 10월 1일 17시,목요일,전라남도 화순군 화순읍,중상사고,0,1,0,0,차대차 - 측면직각충돌,중앙선침범,습기,비,단일로 - 기타,승용,남,31세,상해없음,승용,여,37세,중상
2015100100100453,2015년 10월 1일 17시,목요일,전라남도 무안군 무안읍,경상사고,0,0,1,0,차대차 - 추돌 - 주정차중,안전운전불이행,습기,비,교차로 - 교차로부근,특수,남,44세,상해없음,승용,남,63세,경상
2015100100100489,2015년 10월 1일 18시,목요일,전라남도 순천시 해룡면,사망사고,1,0,0,0,차대사람 - 횡단중,안전운전불이행,습기,맑음,단일로 - 기타,화물,남,44세,상해없음,보행자,남,44세,사망
2015100100100490,2015년 10월 1일 18시,목요일,전라남도 해남군 산이면,경상사고,0,0,2,0,차대차 - 측면직각충돌,신호위반,건조,맑음,교차로 - 교차로안,승용,남,59세,경상,승용,여,49세,경상
2015100100100491,2015년 10월 1일 18시,목요일,전라남도 광양시 진월면,사망사고,1,0,1,0,차대차 - 정면충돌,중앙선침범,건조,맑음,단일로 - 기타,승용,남,53세,경상,승용,여,47세,사망
2015100100100526,2015년 10월 1일 19시,목요일,전라남도 영암군 신북면,경상사고,0,0,2,0,차대차 - 추돌 - 진행중,안전운전불이행,습기,비,단일로 - 기타,승용,남,49세,상해없음,승용,남,72세,경상
2015100100100588,2015년 10월 1일 21시,목요일,전라남도 목포시 상동,경상사고,0,0,4,0,차대차 - 측면직각충돌,직진우회전진행방해,건조,맑음,교차로 - 교차로안,승용,남,23세,경상,승용,남,53세,경상
2015100100100589,2015년 10월 1일 21시,목요일,전라남도 무안군 삼향읍,중상사고,0,1,0,0,차대사람 - 보도통행중,안전운전불이행,습기,비,단일로 - 기타,이륜,남,41세,기타불명,보행자,남,15세,중상
2015100200100033,2015년 10월 2일 02시,금요일,전라남도 장흥군 용산면,경상사고,0,0,1,1,차량단독 - 공작물충돌,안전운전불이행,습기,흐림,단일로 - 기타,화물,남,42세,부상신고,,,,
2015100200100069,2015년 10월 2일 06시,금요일,전라남도 여수시 학동,사망사고,1,0,0,0,차대사람 - 횡단중,안전운전불이행,건조,맑음,교차로 - 교차로부근,승용,남,60세,상해없음,보행자,남,78세,사망
2015100200100094,2015년 10월 2일 07시,금요일,전라남도 목포시 죽교동,중상사고,0,1,0,0,차대차 - 기타,교차로운행방법위반,건조,맑음,기타 - 기타,화물,남,55세,상해없음,자전거,남,17세,중상
2015100200100095,2015년 10월 2일 07시,금요일,전라남도 영광군 염산면,중상사고,0,1,0,0,차대차 - 추돌 - 진행중,안전운전불이행,건조,맑음,단일로 - 기타,승용,여,45세,상해없음,농기계,남,75세,중상
2015100200100096,2015년 10월 2일 07시,금요일,전라남도 장성군 삼서면,경상사고,0,0,1,0,차대차 - 추돌 - 진행중,안전운전불이행,건조,맑음,교차로 - 교차로부근,승용,남,25세,상해없음,화물,남,60세,경상
2015100200100139,2015년 10월 2일 08시,금요일,전라남도 보성군 조성면,경상사고,0,0,1,0,차대차 - 기타,안전운전불이행,건조,맑음,단일로 - 기타,승용,남,72세,상해없음,자전거,남,73세,경상
2015100200100183,2015년 10월 2일 09시,금요일,전라남도 신안군 장산면,경상사고,0,0,1,0,차대사람 - 기타,안전운전불이행,건조,맑음,단일로 - 기타,기타불명,기타불명,기타불명,기타불명,보행자,여,82세,경상
2015100200100184,2015년 10월 2일 09시,금요일,전라남도 순천시 연향동,경상사고,0,0,1,0,차대차 - 기타,기타,건조,맑음,교차로 - 교차로안,이륜,남,73세,경상,승용,여,40세,상해없음
2015100200100185,2015년 10월 2일 09시,금요일,전라남도 장흥군 장흥읍,중상사고,0,1,0,0,차대사람 - 차도통행중,교차로운행방법위반,건조,맑음,교차로 - 교차로안,화물,남,68세,상해없음,보행자,여,67세,중상
2015100200100186,2015년 10월 2일 09시,금요일,전라남도 담양군 고서면,사망사고,1,0,0,0,차대차 - 기타,안전운전불이행,건조,맑음,교차로 - 교차로안,승합,여,52세,상해없음,자전거,남,88세,사망
2015100200100227,2015년 10월 2일 10시,금요일,전라남도 영광군 불갑면,중상사고,0,1,2,0,차대차 - 측면직각충돌,직진우회전진행방해,건조,맑음,교차로 - 교차로안,승용,남,53세,경상,화물,남,65세,경상
2015100200100254,2015년 10월 2일 11시,금요일,전라남도 광양시 태인동,중상사고,0,1,0,0,차대사람 - 횡단중,안전운전불이행,건조,맑음,단일로 - 기타,승용,남,55세,상해없음,보행자,여,80세,중상
2015100200100285,2015년 10월 2일 12시,금요일,전라남도 나주시 노안면,경상사고,0,0,1,0,차대차 - 측면직각충돌,차로위반,건조,맑음,단일로 - 기타,화물,남,67세,상해없음,화물,남,41세,경상
2015100200100286,2015년 10월 2일 12시,금요일,전라남도 무안군 삼향읍,경상사고,0,0,1,0,차대사람 - 보도통행중,보행자보호의무위반,건조,맑음,교차로 - 교차로안,기타불명,기타불명,기타불명,기타불명,보행자,남,20세,경상
2015100200100287,2015년 10월 2일 12시,금요일,전라남도 구례군 구례읍,경상사고,0,0,1,1,차대차 - 기타,직진우회전진행방해,건조,맑음,교차로 - 교차로안,승용,여,54세,부상신고,원동기,남,80세,경상
2015100200100326,2015년 10월 2일 13시,금요일,전라남도 고흥군 도덕면,경상사고,0,0,1,0,차대차 - 측면직각충돌,중앙선침범,건조,맑음,단일로 - 기타,화물,남,49세,상해없음,승용,여,62세,경상
2015100200100327,2015년 10월 2일 13시,금요일,전라남도 장성군 삼계면,경상사고,0,0,1,0,차대차 - 측면직각충돌,안전운전불이행,건조,맑음,교차로 - 교차로부근,승용,남,78세,상해없음,승용,여,19세,경상
2015100200100328,2015년 10월 2일 13시,금요일,전라남도 광양시 중동,경상사고,0,0,1,0,차대차 - 측면직각충돌,안전운전불이행,건조,맑음,단일로 - 기타,승용,남,31세,상해없음,승용,여,33세,경상
2015100200100329,2015년 10월 2일 13시,금요일,전라남도 구례군 산동면,경상사고,0,0,2,0,차대차 - 기타,안전운전불이행,건조,맑음,교차로 - 교차로부근,화물,남,54세,상해없음,승용,남,66세,경상
2015100200100368,2015년 10월 2일 14시,금요일,전라남도 목포시 대안동,경상사고,0,0,1,0,차대차 - 추돌 - 주정차중,안전운전불이행,건조,맑음,기타 - 기타,승용,남,42세,상해없음,승용,여,55세,경상
2015100200100369,2015년 10월 2일 14시,금요일,전라남도 영암군 시종면,중상사고,0,1,0,0,차대차 - 측면직각충돌,안전운전불이행,건조,맑음,교차로 - 교차로안,화물,남,70세,상해없음,이륜,여,70세,중상
2015100200100416,2015년 10월 2일 15시,금요일,전라남도 순천시 장천동,경상사고,0,0,1,0,차대차 - 기타,안전운전불이행,건조,맑음,단일로 - 기타,승용,남,63세,상해없음,원동기,남,22세,경상
2015100200100417,2015년 10월 2일 15시,금요일,전라남도 화순군 화순읍,경상사고,0,0,1,0,차대차 - 측면직각충돌,안전운전불이행,건조,맑음,교차로 - 교차로부근,승용,남,19세,상해없음,승용,여,32세,경상
2015100200100418,2015년 10월 2일 15시,금요일,전라남도 화순군 화순읍,경상사고,0,0,1,0,차량단독 - 기타,안전운전불이행,건조,맑음,단일로 - 기타,원동기,남,66세,상해없음,,,,
2015100200100419,2015년 10월 2일 15시,금요일,전라남도 담양군 담양읍,경상사고,0,0,2,0,차대차 - 추돌 - 진행중,안전운전불이행,건조,맑음,단일로 - 기타,원동기,여,65세,경상,원동기,여,56세,경상
2015100200100420,2015년 10월 2일 15시,금요일,전라남도 무안군 현경면,중상사고,0,2,1,0,차대차 - 정면충돌,안전운전불이행,건조,맑음,교차로 - 교차로안,승용,남,57세,경상,승용,남,68세,상해없음
2015100200100465,2015년 10월 2일 16시,금요일,전라남도 고흥군 봉래면,중상사고,0,1,0,0,차대사람 - 횡단중,안전운전불이행,건조,맑음,단일로 - 기타,승용,남,73세,상해없음,보행자,여,46세,중상
2015100200100466,2015년 10월 2일 16시,금요일,전라남도 해남군 문내면,부상신고사고,0,0,0,1,차대차 - 측면직각충돌,중앙선침범,건조,맑음,교차로 - 교차로부근,이륜,남,63세,기타불명,승용,남,70세,부상신고
2015100200100508,2015년 10월 2일 17시,금요일,전라남도 여수시 신기동,중상사고,0,1,0,0,차대차 - 측면직각충돌,교차로운행방법위반,건조,맑음,교차로 - 교차로안,승용,남,40세,상해없음,이륜,남,57세,중상
2015100200100510,2015년 10월 2일 17시,금요일,전라남도 광양시 광양읍,중상사고,0,1,0,0,차대차 - 기타,기타,건조,맑음,단일로 - 기타,승용,남,45세,상해없음,원동기,남,40세,중상
2015100200100511,2015년 10월 2일 17시,금요일,전라남도 광양시 황길동,중상사고,0,1,1,0,차대차 - 추돌 - 주정차중,안전운전불이행,건조,맑음,단일로 - 기타,화물,남,42세,상해없음,승용,남,45세,경상
2015100200100658,2015년 10월 2일 20시,금요일,전라남도 강진군 성전면,경상사고,0,0,3,0,차대차 - 추돌 - 진행중,안전거리미확보,건조,맑음,단일로 - 기타,승용,남,58세,상해없음,승용,남,52세,경상
2015100200100696,2015년 10월 2일 21시,금요일,전라남도 목포시 옥암동,경상사고,0,0,1,0,차대차 - 추돌 - 주정차중,안전운전불이행,건조,맑음,단일로 - 기타,승용,여,40세,상해없음,승합,남,45세,경상
2015100200100697,2015년 10월 2일 21시,금요일,전라남도 광양시 광양읍,경상사고,0,0,2,0,차대차 - 측면직각충돌,직진우회전진행방해,건조,맑음,교차로 - 교차로안,원동기,여,53세,경상,승용,여,31세,경상
2015100200100732,2015년 10월 2일 22시,금요일,전라남도 순천시 덕암동,경상사고,0,0,1,0,차대차 - 추돌 - 주정차중,안전운전불이행,건조,맑음,단일로 - 기타,승용,남,17세,상해없음,승용,남,21세,경상
2015100200100758,2015년 10월 2일 23시,금요일,전라남도 목포시 옥암동,중상사고,0,1,0,0,차대차 - 추돌 - 진행중,안전운전불이행,건조,맑음,교차로 - 교차로안,승용,여,40세,상해없음,이륜,남,43세,중상
2015100200100759,2015년 10월 2일 23시,금요일,전라남도 광양시 광양읍,경상사고,0,0,2,0,차대차 - 측면직각충돌,안전거리미확보,건조,맑음,단일로 - 기타,승용,여,36세,경상,승용,여,36세,경상