사고번호,사고일시,요일,시군구,사고내용,사망자수,중상자수,경상자수,부상신고자수,사고유형,법규위반,노면상태,기상상태,도로형태,가해운전자 차종,가해운전자 성별,가해운전자 연령,가해운전자 상해정도,피해운전자 차종,피해운전자 성별,피해운전자 연령,피해운전자 상해정도
2015100300100043,2015년 10월 3일 01시,토요일,전라남도 목포시 상동,경상사고,0,0,1,0,차대사람 - 보도통행중,안전운전불이행,건조,맑음,단일로 - 기타,승용,남,23세,상해없음,보행자,남,19세,경상
2015100300100062,2015년 10월 3일 02시,토요일,전라남도 목포시 상동,경상사고,0,0,1,0,차대사람 - 기타,안전운전불이행,건조,맑음,교차로 - 교차로안,기타불명,기타불명,기타불명,기타불명,보행자,남,23세,경상
2015100300100091,2015년 10월 3일 04시,토요일,전라남도 여수시 만흥동,경상사고,0,0,1,0,차량단독 - 전도전복,안전운전불이행,건조,맑음,교차로 - 교차로안,이륜,남,17세,상해없음,,,,
2015100300100115,2015년 10월 3일 06시,토요일,전라남도 화순군 남면,경상사고,0,0,1,0,차량단독 - 공작물충돌,안전운전불이행,건조,맑음,단일로 - 기타,화물,남,63세,경상,,,,
2015100300100132,2015년 10월 3일 07시,토요일,전라남도 무안군 일로읍,경상사고,0,0,1,0,차대차 - 추돌 - 주정차중,안전운전불이행,건조,맑음,단일로 - 기타,화물,남,68세,상해없음,화물,남,45세,경상
2015100300100145,2015년 10월 3일 08시,토요일,전라남도 목포시 양동,경상사고,0,0,1,0,차대사람 - 횡단중,안전운전불이행,건조,맑음,단일로 - 기타,이륜,남,69세,상해없음,보행자,여,11세,경상
2015100300100172,2015년 10월 3일 09시,토요일,전라남도 목포시 대양동,경상사고,0,0,1,0,차대차 - 측면직각충돌,안전운전불이행,건조,맑음,단일로 - 기타,자전거,남,63세,상해없음,자전거,여,71세,경상
2015100300100201,2015년 10월 3일 10시,토요일,전라남도 나주시 이창동,경상사고,0,0,2,0,차대차 - 측면직각충돌,안전거리미확보,건조,맑음,단일로 - 기타,승합,남,74세,상해없음,승용,남,25세,경상
2015100300100202,2015년 10월 3일 10시,토요일,전라남도 해남군 해남읍,중상사고,0,1,0,0,차대차 - 측면직각충돌,안전운전불이행,건조,맑음,교차로 - 교차로안,화물,남,44세,상해없음,농기계,남,62세,중상
2015100300100203,2015년 10월 3일 10시,토요일,전라남도 광양시 옥곡면,경상사고,0,0,2,0,차대차 - 추돌 - 진행중,교차로운행방법위반,건조,맑음,교차로 - 교차로안,승용,여,53세,경상,화물,남,35세,상해없음
2015100300100264,2015년 10월 3일 12시,토요일,전라남도 고흥군 고흥읍,중상사고,0,1,0,0,차량단독 - 기타,안전운전불이행,건조,맑음,단일로 - 기타,승합,남,50세,상해없음,,,,
2015100300100265,2015년 10월 3일 12시,토요일,전라남도 담양군 용면,사망사고,1,0,0,0,차량단독 - 기타,안전운전불이행,건조,맑음,단일로 - 기타,자전거,남,58세,사망,,,,
2015100300100266,2015년 10월 3일 12시,토요일,전라남도 곡성군 곡성읍,경상사고,0,0,2,0,차대차 - 추돌 - 진행중,안전거리미확보,건조,맑음,단일로 - 기타,화물,남,76세,경상,승합,남,70세,경상
2015100300100295,2015년 10월 3일 13시,토요일,전라남도 여수시 신기동,경상사고,0,0,1,0,차대사람 - 횡단중,신호위반,건조,맑음,단일로 - 횡단보도상,승용,남,51세,상해없음,보행자,여,23세,경상
2015100300100333,2015년 10월 3일 14시,토요일,전라남도 장흥군 관산읍,경상사고,0,0,1,0,차대차 - 측면직각충돌,직진우회전진행방해,건조,맑음,교차로 - 교차로안,승용,여,37세,상해없음,승용,남,63세,경상
2015100300100334,2015년 10월 3일 14시,토요일,전라남도 강진군 성전면,경상사고,0,0,1,0,차대차 - 추돌 - 진행중,안전운전불이행,건조,맑음,단일로 - 기타,이륜,남,73세,상해없음,승용,여,55세,경상
2015100300100375,2015년 10월 3일 15시,토요일,전라남도 여수시 오림동,경상사고,0,0,2,0,차대사람 - 보도통행중,기타,건조,맑음,교차로 - 교차로부근,승용,여,22세,상해없음,보행자,남,62세,경상
2015100300100376,2015년 10월 3일 15시,토요일,전라남도 순천시 장천동,중상사고,0,1,0,0,차대차 - 기타,안전운전불이행,건조,맑음,교차로 - 교차로안,승용,여,61세,상해없음,승용,여,43세,중상
2015100300100414,2015년 10월 3일 16시,토요일,전라남도 여수시 돌산읍,중상사고,0,1,1,0,차대차 - 추돌 - 진행중,안전운전불이행,건조,맑음,단일로 - 기타,화물,남,68세,상해없음,승용,여,29세,경상
2015100300100457,2015년 10월 3일 17시,토요일,전라남도 순천시 영동,경상사고,0,0,1,0,차대차 - 기타,안전운전불이행,건조,맑음,단일로 - 기타,승합,남,50세,상해없음,승용,남,55세,경상
2015100300100458,2015년 10월 3일 17시,토요일,전라남도 구례군 산동면,사망사고,1,0,0,0,차량단독 - 공작물충돌,안전운전불이행,건조,맑음,단일로 - 기타,화물,남,59세,사망,,,,
2015100300100507,2015년 10월 3일 18시,토요일,전라남도 여수시 오림동,중상사고,0,1,0,0,차대차 - 추돌 - 진행중,차로위반,건조,맑음,단일로 - 기타,원동기,남,40세,중상,승용,남,44세,상해없음
2015100300100508,2015년 10월 3일 18시,토요일,전라남도 여수시 돌산읍,중상사고,0,1,0,0,차대사람 - 횡단중,보행자보호의무위반,건조,맑음,단일로 - 횡단보도상,승용,남,63세,상해없음,보행자,여,72세,중상
2015100300100509,2015년 10월 3일 18시,토요일,전라남도 나주시 남내동,경상사고,0,0,1,1,차대차 - 측면직각충돌,직진우회전진행방해,건조,맑음,교차로 - 교차로안,원동기,남,47세,부상신고,원동기,남,16세,경상
2015100300100510,2015년 10월 3일 18시,토요일,전라남도 광양시 광양읍,중상사고,0,1,0,0,차대차 - 추돌 - 진행중,안전거리미확보,건조,맑음,단일로 - 기타,승용,남,30세,상해없음,이륜,남,22세,중상
2015100300100537,2015년 10월 3일 19시,토요일,전라남도 순천시 풍덕동,중상사고,0,1,0,0,차대차 - 기타,교차로운행방법위반,건조,맑음,교차로 - 교차로안,승용,남,86세,상해없음,원동기,남,20세,중상
2015100300100538,2015년 10월 3일 19시,토요일,전라남도 순천시 덕암동,경상사고,0,0,1,0,차대차 - 측면직각충돌,신호위반,건조,맑음,교차로 - 교차로부근,승용,남,52세,상해없음,이륜,남,46세,경상
2015100300100539,2015년 10월 3일 19시,토요일,전라남도 광양시 광양읍,경상사고,0,0,2,0,차대차 - 추돌 - 진행중,안전거리미확보,건조,맑음,단일로 - 기타,승용,남,50세,상해없음,승용,남,33세,경상
2015100300100578,2015년 10월 3일 20시,토요일,전라남도 나주시 영산동,경상사고,0,0,1,0,차대차 - 측면직각충돌,직진우회전진행방해,건조,맑음,교차로 - 교차로안,승용,남,58세,상해없음,승용,여,39세,경상
2015100300100579,2015년 10월 3일 20시,토요일,전라남도 나주시 산포면,중상사고,0,2,3,0,차대차 - 정면충돌,중앙선침범,건조,맑음,단일로 - 기타,승용,남,62세,상해없음,승용,남,25세,경상
2015100300100607,2015년 10월 3일 21시,토요일,전라남도 목포시 상동,경상사고,0,0,2,0,차대차 - 기타,신호위반,건조,맑음,교차로 - 교차로안,승용,남,38세,기타불명,승용,남,32세,경상
2015100300100608,2015년 10월 3일 21시,토요일,전라남도 순천시 해룡면,경상사고,0,0,1,0,차대사람 - 기타,안전운전불이행,건조,맑음,교차로 - 교차로안,승용,남,38세,상해없음,보행자,남,46세,경상
2015100300100609,2015년 10월 3일 21시,토요일,전라남도 담양군 담양읍,경상사고,0,0,2,0,차대차 - 정면충돌,안전운전불이행,건조,맑음,단일로 - 교량,승용,여,58세,경상,이륜,남,45세,경상
2015100300100658,2015년 10월 3일 23시,토요일,전라남도 무안군 삼향읍,중상사고,0,1,0,0,차대사람 - 기타,안전운전불이행,건조,맑음,단일로 - 기타,화물,여,30세,상해없음,보행자,남,26세,중상
2015100400100010,2015년 10월 4일 00시,일요일,전라남도 여수시 충무동,경상사고,0,0,1,0,차대차 - 추돌 - 진행중,차로위반,건조,맑음,단일로 - 기타,기타불명,기타불명,기타불명,기타불명,승용,남,64세,상해없음
2015100400100041,2015년 10월 4일 02시,일요일,전라남도 목포시 상동,경상사고,0,0,1,0,차대차 - 기타,신호위반,건조,맑음,교차로 - 교차로안,승용,여,25세,기타불명,원동기,남,23세,경상
2015100400100104,2015년 10월 4일 07시,일요일,전라남도 목포시 상동,경상사고,0,0,2,0,차대차 - 측면직각충돌,안전운전불이행,건조,맑음,교차로 - 교차로안,승용,여,54세,경상,승용,남,27세,경상
2015100400100115,2015년 10월 4일 08시,일요일,전라남도 장성군 삼계면,경상사고,0,0,2,0,차대차 - 정면충돌,중앙선침범,건조,맑음,단일로 - 기타,승용,남,40세,상해없음,승용,남,66세,경상
2015100400100195,2015년 10월 4일 12시,일요일,전라남도 구례군 구례읍,경상사고,0,0,4,0,차대차 - 기타,직진우회전진행방해,건조,맑음,교차로 - 교차로안,원동기,남,55세,상해없음,승용,남,48세,경상
2015100400100216,2015년 10월 4일 13시,일요일,전라남도 여수시 안산동,경상사고,0,0,2,0,차대차 - 추돌 - 진행중,안전운전불이행,건조,맑음,단일로 - 기타,화물,남,45세,상해없음,승용,여,62세,경상
2015100400100245,2015년 10월 4일 14시,일요일,전라남도 영광군 백수읍,경상사고,0,0,6,0,차대차 - 추돌 - 진행중,안전운전불이행,건조,맑음,단일로 - 기타,승용,남,59세,상해없음,승용,여,60세,경상
2015100400100275,2015년 10월 4일 15시,일요일,전라남도 목포시 산정동,경상사고,0,0,2,0,차대차 - 측면직각충돌,안전운전불이행,건조,맑음,단일로 - 기타,승용,여,51세,상해없음,승용,남,64세,경상
2015100400100302,2015년 10월 4일 16시,일요일,전라남도 고흥군 도양읍,경상사고,0,0,2,0,차대차 - 추돌 - 주정차중,안전운전불이행,건조,맑음,교차로 - 교차로부근,화물,남,61세,경상,승용,남,54세,경상
2015100400100340,2015년 10월 4일 17시,일요일,전라남도 여수시 화장동,경상사고,0,0,1,0,차대차 - 측면직각충돌,안전운전불이행,건조,맑음,교차로 - 교차로안,화물,남,44세,상해없음,승용,남,33세,상해없음
2015100400100341,2015년 10월 4일 17시,일요일,전라남도 순천시 덕월동,중상사고,0,1,0,0,차대차 - 기타,불법유턴,건조,맑음,단일로 - 기타,승용,남,67세,상해없음,이륜,남,46세,중상
2015100400100342,2015년 10월 4일 17시,일요일,전라남도 보성군 벌교읍,중상사고,0,1,0,0,차대차 - 측면직각충돌,안전운전불이행,건조,맑음,교차로 - 교차로안,화물,여,41세,상해없음,이륜,남,55세,중상
2015100400100343,2015년 10월 4일 17시,일요일,전라남도 영암군 금정면,중상사고,0,1,0,0,차대사람 - 기타,안전운전불이행,건조,맑음,단일로 - 기타,승용,남,53세,상해없음,보행자,남,39세,중상
2015100400100382,2015년 10월 4일 18시,일요일,전라남도 목포시 대안동,사망사고,1,0,0,0,차대사람 - 차도통행중,안전운전불이행,건조,맑음,단일로 - 기타,승용,남,67세,상해없음,보행자,남,75세,사망
2015100400100383,2015년 10월 4일 18시,일요일,전라남도 순천시 연향동,경상사고,0,0,1,0,차대차 - 측면직각충돌,안전운전불이행,건조,맑음,교차로 - 교차로부근,원동기,남,49세,경상,승용,남,51세,상해없음
2015100400100436,2015년 10월 4일 20시,일요일,전라남도 담양군 담양읍,경상사고,0,0,4,0,차대차 - 측면직각충돌,신호위반,건조,맑음,교차로 - 교차로안,승합,남,50세,경상,승용,남,22세,경상
2015100400100455,2015년 10월 4일 21시,일요일,전라남도 여수시 충무동,사망사고,1,0,0,0,차대사람 - 횡단중,안전운전불이행,건조,맑음,단일로 - 횡단보도상,승합,남,56세,상해없음,보행자,여,82세,사망
2015100500100008,2015년 10월 5일 00시,월요일,전라남도 순천시 조례동,경상사고,0,0,1,1,차대차 - 추돌 - 주정차중,안전운전불이행,건조,맑음,교차로 - 교차로부근,승용,남,31세,부상신고,승용,남,31세,경상
2015100500100040,2015년 10월 5일 04시,월요일,전라남도 광양시 도이동,경상사고,0,0,1,0,차대차 - 측면직각충돌,신호위반,건조,맑음,교차로 - 교차로안,특수,남,57세,상해없음,특수,남,49세,경상
2015100500100048,2015년 10월 5일 05시,월요일,전라남도 순천시 조례동,경상사고,0,0,1,0,차대차 - 측면직각충돌,직진우회전진행방해,건조,맑음,교차로 - 교차로안,승용,남,50세,상해없음,승용,남,64세,경상
2015100500100143,2015년 10월 5일 08시,월요일,전라남도 나주시 이창동,경상사고,0,0,4,0,차대차 - 기타,안전운전불이행,건조,맑음,교차로 - 교차로부근,승용,여,70세,경상,승용,남,68세,상해없음
2015100500100144,2015년 10월 5일 08시,월요일,전라남도 화순군 화순읍,경상사고,0,0,4,0,차대차 - 추돌 - 진행중,안전거리미확보,건조,맑음,교차로 - 교차로부근,승용,남,51세,상해없음,승용,남,45세,경상
2015100500100174,2015년 10월 5일 09시,월요일,전라남도 목포시 옥암동,경상사고,0,0,1,0,차대사람 - 기타,안전운전불이행,건조,맑음,기타 - 기타,승용,여,40세,상해없음,보행자,여,52세,경상
2015100500100175,2015년 10월 5일 09시,월요일,전라남도 구례군 광의면,경상사고,0,0,1,0,차대차 - 기타,안전운전불이행,건조,맑음,단일로 - 기타,화물,남,33세,상해없음,원동기,남,81세,상해없음
2015100500100279,2015년 10월 5일 12시,월요일,전라남도 여수시 신기동,경상사고,0,0,1,0,차대사람 - 길가장자리구역통행중,안전운전불이행,건조,맑음,교차로 - 교차로안,화물,남,56세,상해없음,보행자,남,79세,경상
2015100500100280,2015년 10월 5일 12시,월요일,전라남도 순천시 덕암동,중상사고,0,1,0,0,차대차 - 기타,안전운전불이행,건조,맑음,단일로 - 기타,이륜,남,78세,중상,화물,남,47세,상해없음
2015100500100281,2015년 10월 5일 12시,월요일,전라남도 담양군 담양읍,경상사고,0,0,1,0,차대차 - 측면직각충돌,교차로운행방법위반,건조,맑음,교차로 - 교차로안,승용,남,38세,상해없음,승용,남,71세,경상
2015100500100315,2015년 10월 5일 13시,월요일,전라남도 해남군 북일면,중상사고,0,1,0,0,차량단독 - 기타,안전운전불이행,건조,맑음,단일로 - 기타,원동기,남,70세,상해없음,,,,
2015100500100345,2015년 10월 5일 14시,월요일,전라남도 목포시 석현동,경상사고,0,0,2,0,차대차 - 기타,안전운전불이행,건조,맑음,단일로 - 기타,승합,남,51세,경상,승용,남,41세,경상
2015100500100428,2015년 10월 5일 16시,월요일,전라남도 목포시 상동,경상사고,0,0,4,0,차대차 - 기타,신호위반,기타,기타,단일로 - 기타,승합,남,53세,상해없음,승합,남,67세,경상
2015100500100429,2015년 10월 5일 16시,월요일,전라남도 목포시 동명동,경상사고,0,0,1,0,차대차 - 기타,안전운전불이행,기타,기타,기타 - 기타,승용,남,66세,기타불명,승용,남,41세,경상
2015100500100430,2015년 10월 5일 16시,월요일,전라남도 장성군 장성읍,중상사고,0,1,0,0,차량단독 - 전도전복,안전운전불이행,건조,맑음,단일로 - 기타,승합,남,67세,중상,,,,
2015100500100479,2015년 10월 5일 17시,월요일,전라남도 보성군 벌교읍,중상사고,0,1,0,0,차대차 - 측면직각충돌,직진우회전진행방해,건조,맑음,교차로 - 교차로안,승용,남,32세,상해없음,이륜,남,81세,중상
2015100500100480,2015년 10월 5일 17시,월요일,전라남도 강진군 칠량면,경상사고,0,0,1,0,차대차 - 측면직각충돌,안전운전불이행,건조,맑음,기타 - 기타,승용,남,66세,상해없음,승용,남,61세,상해없음
2015100500100481,2015년 10월 5일 17시,월요일,전라남도 광양시 금호동,중상사고,0,1,0,0,차대차 - 기타,신호위반,건조,맑음,교차로 - 교차로부근,승용,남,34세,상해없음,자전거,남,54세,중상
2015100500100482,2015년 10월 5일 17시,월요일,전라남도 구례군 구례읍,경상사고,0,0,1,1,차대차 - 기타,중앙선침범,건조,맑음,단일로 - 기타,자전거,여,36세,부상신고,원동기,남,77세,경상
2015100500100543,2015년 10월 5일 18시,월요일,전라남도 목포시 죽교동,경상사고,0,0,2,0,차대차 - 기타,안전운전불이행,건조,맑음,기타 - 기타,승용,남,50세,경상,이륜,남,59세,경상
2015100500100544,2015년 10월 5일 18시,월요일,전라남도 해남군 삼산면,중상사고,0,1,1,0,차대차 - 추돌 - 주정차중,안전운전불이행,건조,맑음,단일로 - 기타,승용,남,54세,상해없음,승용,남,31세,경상
2015100500100586,2015년 10월 5일 19시,월요일,전라남도 순천시 풍덕동,중상사고,0,1,0,0,차대사람 - 횡단중,안전운전불이행,건조,맑음,단일로 - 교량,승용,남,59세,상해없음,보행자,여,69세,중상
2015100500100587,2015년 10월 5일 19시,월요일,전라남도 화순군 능주면,사망사고,1,0,0,0,차대차 - 추돌 - 진행중,안전운전불이행,건조,맑음,단일로 - 기타,승용,남,44세,상해없음,화물,남,48세,사망
2015100500100623,2015년 10월 5일 20시,월요일,전라남도 여수시 율촌면,경상사고,0,0,1,0,차대사람 - 횡단중,안전운전불이행,건조,맑음,단일로 - 기타,승용,남,46세,상해없음,보행자,여,5세,경상
2015100500100658,2015년 10월 5일 21시,월요일,전라남도 목포시 죽교동,경상사고,0,0,1,0,차대차 - 기타,안전운전불이행,건조,맑음,기타 - 기타,승용,남,41세,기타불명,화물,남,33세,경상
2015100500100699,2015년 10월 5일 22시,월요일,전라남도 여수시 웅천동,중상사고,0,1,0,0,차대사람 - 횡단중,신호위반,건조,맑음,단일로 - 횡단보도상,승용,여,37세,상해없음,보행자,여,38세,중상
2015100500100700,2015년 10월 5일 22시,월요일,전라남도 고흥군 점암면,중상사고,0,1,0,0,차대사람 - 기타,안전운전불이행,건조,맑음,교차로 - 교차로부근,화물,남,41세,상해없음,보행자,남,52세,중상
2015100500100701,2015년 10월 5일 22시,월요일,전라남도 화순군 화순읍,경상사고,0,0,2,0,차대차 - 기타,교차로운행방법위반,건조,맑음,교차로 - 교차로안,승용,남,39세,경상,승용,여,55세,경상
2015100500100729,2015년 10월 5일 23시,월요일,전라남도 여수시 봉산동,중상사고,0,1,0,0,차대차 - 측면직각충돌,안전운전불이행,건조,맑음,단일로 - 기타,이륜,남,21세,상해없음,이륜,남,20세,상해없음
2015100600100045,2015년 10월 6일 02시,화요일,전라남도 목포시 대성동,경상사고,0,0,1,0,차대차 - 기타,안전운전불이행,건조,맑음,단일로 - 기타,승용,남,29세,상해없음,승용,남,56세,경상
2015100600100046,2015년 10월 6일 02시,화요일,전라남도 함평군 학교면,경상사고,0,0,2,0,차대차 - 측면직각충돌,교차로운행방법위반,건조,맑음,교차로 - 교차로안,승용,여,48세,경상,화물,남,36세,경상
2015100600100056,2015년 10월 6일 03시,화요일,전라남도 무안군 삼향읍,사망사고,1,0,0,0,차대차 - 추돌 - 진행중,안전운전불이행,건조,맑음,단일로 - 기타,승용,남,40세,사망,화물,남,46세,상해없음
2015100600100071,2015년 10월 6일 05시,화요일,전라남도 장성군 북이면,중상사고,0,1,0,0,차대차 - 측면직각충돌,교차로운행방법위반,건조,맑음,교차로 - 교차로안,승합,남,59세,상해없음,자전거,남,68세,중상
2015100600100140,2015년 10월 6일 08시,화요일,전라남도 목포시 산정동,경상사고,0,0,1,0,차대차 - 기타,중앙선침범,건조,맑음,기타 - 기타,자전거,남,76세,경상,승용,여,54세,상해없음
2015100600100141,2015년 10월 6일 08시,화요일,전라남도 진도군 군내면,경상사고,0,0,1,0,차대차 - 정면충돌,중앙선침범,건조,맑음,단일로 - 기타,승용,남,67세,상해없음,승용,남,71세,경상
2015100600100185,2015년 10월 6일 09시,화요일,전라남도 나주시 산포면,경상사고,0,0,6,0,차대차 - 추돌 - 진행중,안전거리미확보,건조,맑음,단일로 - 기타,승용,남,69세,경상,승용,남,44세,경상
2015100600100252,2015년 10월 6일 11시,화요일,전라남도 여수시 소라면,중상사고,0,1,0,0,차대사람 - 보도통행중,기타,건조,맑음,교차로 - 교차로부근,화물,남,71세,상해없음,보행자,여,81세,중상
2015100600100280,2015년 10월 6일 12시,화요일,전라남도 함평군 신광면,중상사고,0,1,0,0,차대사람 - 기타,안전운전불이행,건조,맑음,단일로 - 기타,화물,남,54세,상해없음,보행자,남,62세,중상
2015100600100281,2015년 10월 6일 12시,화요일,전라남도 담양군 금성면,경상사고,0,0,1,0,차대차 - 기타,불법유턴,건조,맑음,단일로 - 기타,승용,여,50세,상해없음,승용,남,37세,경상
2015100600100282,2015년 10월 6일 12시,화요일,전라남도 곡성군 오산면,경상사고,0,0,4,0,차대차 - 측면직각충돌,안전운전불이행,건조,맑음,교차로 - 교차로안,승용,여,45세,경상,화물,남,45세,경상
2015100600100379,2015년 10월 6일 14시,화요일,전라남도 순천시 조례동,경상사고,0,0,1,0,차대차 - 기타,교차로운행방법위반,건조,맑음,교차로 - 교차로안,승용,여,32세,상해없음,승용,여,59세,경상
2015100600100380,2015년 10월 6일 14시,화요일,전라남도 나주시 남평읍,경상사고,0,0,1,0,차대사람 - 길가장자리구역통행중,안전운전불이행,건조,맑음,단일로 - 기타,승용,남,63세,상해없음,보행자,여,64세,경상
2015100600100381,2015년 10월 6일 14시,화요일,전라남도 나주시 문평면,중상사고,0,1,0,0,차대차 - 추돌 - 진행중,차로위반,건조,맑음,단일로 - 터널,건설기계,남,51세,상해없음,화물,남,36세,중상
2015100600100430,2015년 10월 6일 15시,화요일,전라남도 화순군 화순읍,경상사고,0,0,1,0,차대차 - 정면충돌,안전운전불이행,건조,맑음,단일로 - 기타,자전거,남,11세,경상,화물,남,73세,상해없음
2015100600100500,2015년 10월 6일 17시,화요일,전라남도 목포시 상동,경상사고,0,0,1,0,차대차 - 기타,안전운전불이행,건조,맑음,기타 - 기타,승용,남,50세,상해없음,승합,남,56세,경상
2015100600100501,2015년 10월 6일 17시,화요일,전라남도 여수시 둔덕동,경상사고,0,0,1,0,차대차 - 추돌 - 진행중,안전운전불이행,건조,흐림,단일로 - 기타,승합,남,52세,상해없음,승용,여,28세,경상
2015100600100502,2015년 10월 6일 17시,화요일,전라남도 순천시 서면,경상사고,0,0,1,0,차대사람 - 횡단중,보행자보호의무위반,건조,맑음,단일로 - 횡단보도상,승용,남,30세,상해없음,보행자,여,49세,경상
2015100600100503,2015년 10월 6일 17시,화요일,전라남도 해남군 송지면,사망사고,1,0,0,0,차대차 - 기타,안전운전불이행,건조,맑음,단일로 - 기타,화물,남,69세,상해없음,원동기,남,79세,사망
2015100600100546,2015년 10월 6일 18시,화요일,전라남도 순천시 서면,중상사고,0,1,0,0,차량단독 - 공작물충돌,기타,건조,맑음,단일로 - 기타,이륜,남,52세,중상,,,,
2015100600100547,2015년 10월 6일 18시,화요일,전라남도 보성군 조성면,중상사고,0,1,0,0,차대사람 - 횡단중,안전운전불이행,건조,맑음,교차로 - 교차로안,화물,여,56세,상해없음,보행자,여,85세,중상
2015100600100548,2015년 10월 6일 18시,화요일,전라남도 영암군 서호면,경상사고,0,0,1,0,차대차 - 기타,안전운전불이행,건조,맑음,교차로 - 교차로안,승용,여,55세,상해없음,화물,남,54세,경상
2015100600100586,2015년 10월 6일 19시,화요일,전라남도 신안군 압해읍,경상사고,0,0,2,0,차대차 - 기타,안전운전불이행,건조,맑음,단일로 - 교량,승용,남,51세,경상,승용,여,47세,경상
2015100600100587,2015년 10월 6일 19시,화요일,전라남도 해남군 해남읍,중상사고,0,1,0,0,차량단독 - 전도전복,기타,건조,맑음,단일로 - 기타,원동기,남,59세,중상,,,,
2015100600100675,2015년 10월 6일 21시,화요일,전라남도 목포시 상동,경상사고,0,0,2,0,차대차 - 기타,신호위반,건조,맑음,교차로 - 교차로안,이륜,남,16세,경상,승용,남,45세,경상
2015100600100721,2015년 10월 6일 23시,화요일,전라남도 광양시 중동,중상사고,0,1,0,0,차대사람 - 횡단중,안전운전불이행,건조,맑음,교차로 - 교차로안,승용,남,27세,상해없음,보행자,남,64세,중상
2015100700100024,2015년 10월 7일 01시,수요일,전라남도 무안군 삼향읍,중상사고,0,1,0,0,차대사람 - 횡단중,과속,건조,맑음,단일로 - 기타,승용,남,44세,상해없음,보행자,남,34세,중상
2015100700100040,2015년 10월 7일 03시,수요일,전라남도 목포시 상동,경상사고,0,0,1,0,차대차 - 기타,안전운전불이행,건조,맑음,기타 - 기타,승용,여,35세,경상,건설기계,남,36세,상해없음
2015100700100097,2015년 10월 7일 07시,수요일,전라남도 나주시 왕곡면,중상사고,0,1,0,0,차대차 - 기타,안전운전불이행,건조,맑음,단일로 - 기타,승용,남,61세,상해없음,승용,남,60세,중상
2015100700100098,2015년 10월 7일 07시,수요일,전라남도 무안군 삼향읍,경상사고,0,0,2,0,차대차 - 추돌 - 주정차중,안전거리미확보,건조,맑음,교차로 - 교차로부근,승용,남,38세,경상,승용,남,31세,경상
2015100700100099,2015년 10월 7일 07시,수요일,전라남도 무안군 삼향읍,경상사고,0,0,4,0,차대차 - 추돌 - 진행중,안전거리미확보,건조,맑음,교차로 - 교차로부근,화물,남,53세,경상,승용,남,38세,경상
2015100700100133,2015년 10월 7일 08시,수요일,전라남도 고흥군 풍양면,중상사고,0,1,0,0,차대차 - 측면직각충돌,교차로운행방법위반,건조,맑음,교차로 - 교차로안,화물,남,73세,상해없음,이륜,남,81세,중상
2015100700100134,2015년 10월 7일 08시,수요일,전라남도 강진군 작천면,경상사고,0,0,1,0,차대차 - 정면충돌,중앙선침범,건조,맑음,단일로 - 기타,승용,남,54세,상해없음,승용,여,46세,경상
2015100700100135,2015년 10월 7일 08시,수요일,전라남도 담양군 담양읍,경상사고,0,0,2,0,차대차 - 정면충돌,중앙선침범,건조,맑음,교차로 - 교차로부근,승용,남,56세,경상,승용,여,51세,경상
2015100700100213,2015년 10월 7일 10시,수요일,전라남도 장흥군 장흥읍,중상사고,0,1,0,0,차대사람 - 횡단중,안전운전불이행,건조,맑음,단일로 - 기타,승용,여,34세,상해없음,보행자,여,81세,중상
2015100700100214,2015년 10월 7일 10시,수요일,전라남도 고흥군 과역면,중상사고,0,1,0,0,차대차 - 기타,교차로운행방법위반,건조,맑음,교차로 - 교차로안,승용,남,57세,상해없음,원동기,남,67세,중상
2015100700100215,2015년 10월 7일 10시,수요일,전라남도 영광군 영광읍,중상사고,0,4,0,0,차대차 - 정면충돌,중앙선침범,건조,맑음,단일로 - 기타,화물,남,75세,중상,화물,남,49세,중상
2015100700100216,2015년 10월 7일 10시,수요일,전라남도 무안군 삼향읍,경상사고,0,0,1,0,차대차 - 측면직각충돌,안전거리미확보,건조,맑음,교차로 - 교차로부근,화물,남,60세,상해없음,화물,남,43세,경상
2015100700100251,2015년 10월 7일 11시,수요일,전라남도 화순군 화순읍,경상사고,0,0,3,0,차대사람 - 기타,안전운전불이행,건조,맑음,기타 - 기타,승용,여,48세,상해없음,보행자,여,33세,경상
2015100700100305,2015년 10월 7일 13시,수요일,전라남도 나주시 동강면,경상사고,0,0,1,1,차대차 - 측면직각충돌,안전운전불이행,건조,맑음,교차로 - 교차로부근,화물,남,72세,부상신고,화물,남,34세,경상
2015100700100306,2015년 10월 7일 13시,수요일,전라남도 함평군 함평읍,경상사고,0,0,1,0,차대사람 - 기타,안전운전불이행,건조,맑음,단일로 - 기타,승합,남,42세,상해없음,보행자,여,69세,경상
2015100700100307,2015년 10월 7일 13시,수요일,전라남도 무안군 망운면,경상사고,0,0,1,0,차대사람 - 차도통행중,안전운전불이행,건조,맑음,단일로 - 기타,승용,여,66세,상해없음,보행자,남,85세,경상
2015100700100345,2015년 10월 7일 14시,수요일,전라남도 순천시 조례동,경상사고,0,0,1,0,차대차 - 측면직각충돌,신호위반,건조,맑음,교차로 - 교차로안,승용,남,68세,상해없음,승용,남,27세,경상