사고번호,사고일시,요일,시군구,사고내용,사망자수,중상자수,경상자수,부상신고자수,사고유형,법규위반,노면상태,기상상태,도로형태,가해운전자 차종,가해운전자 성별,가해운전자 연령,가해운전자 상해정도,피해운전자 차종,피해운전자 성별,피해운전자 연령,피해운전자 상해정도
2015101100100294,2015년 10월 11일 15시,일요일,전라남도 나주시 문평면,사망사고,1,0,0,0,차대사람 - 횡단중,보행자보호의무위반,건조,맑음,단일로 - 횡단보도상,승용,여,39세,상해없음,보행자,여,80세,사망
2015101100100295,2015년 10월 11일 15시,일요일,전라남도 해남군 해남읍,경상사고,0,0,5,0,차대차 - 추돌 - 진행중,안전거리미확보,건조,맑음,교차로 - 교차로부근,화물,남,70세,상해없음,화물,남,58세,경상
2015101100100296,2015년 10월 11일 15시,일요일,전라남도 강진군 성전면,경상사고,0,0,1,0,차대차 - 추돌 - 진행중,안전거리미확보,건조,맑음,단일로 - 기타,화물,남,46세,상해없음,승용,여,56세,경상
2015101100100328,2015년 10월 11일 16시,일요일,전라남도 목포시 옥암동,경상사고,0,0,2,0,차대차 - 기타,안전운전불이행,건조,맑음,단일로 - 기타,승용,남,28세,상해없음,승용,남,56세,경상
2015101100100329,2015년 10월 11일 16시,일요일,전라남도 여수시 소라면,경상사고,0,0,1,0,차대차 - 측면직각충돌,직진우회전진행방해,건조,맑음,교차로 - 교차로안,승용,여,56세,상해없음,승합,남,49세,경상
2015101100100330,2015년 10월 11일 16시,일요일,전라남도 고흥군 도양읍,중상사고,0,1,0,0,차대차 - 측면직각충돌,교차로운행방법위반,건조,맑음,교차로 - 교차로안,승용,남,36세,상해없음,자전거,남,70세,중상
2015101100100363,2015년 10월 11일 17시,일요일,전라남도 여수시 신월동,경상사고,0,0,1,0,차대차 - 추돌 - 진행중,안전운전불이행,건조,맑음,단일로 - 횡단보도부근,승용,남,62세,상해없음,승용,남,66세,경상
2015101100100364,2015년 10월 11일 17시,일요일,전라남도 여수시 미평동,중상사고,0,1,0,0,차대사람 - 횡단중,신호위반,건조,맑음,단일로 - 횡단보도상,승용,남,24세,상해없음,보행자,남,64세,중상
2015101100100365,2015년 10월 11일 17시,일요일,전라남도 담양군 담양읍,경상사고,0,0,1,0,차대차 - 기타,안전운전불이행,건조,맑음,단일로 - 기타,승용,남,36세,상해없음,승용,남,41세,기타불명
2015101100100434,2015년 10월 11일 19시,일요일,전라남도 나주시 왕곡면,경상사고,0,0,1,0,차대차 - 추돌 - 진행중,안전거리미확보,건조,맑음,단일로 - 기타,화물,남,51세,상해없음,승용,남,57세,경상
2015101100100466,2015년 10월 11일 20시,일요일,전라남도 무안군 삼향읍,경상사고,0,0,1,0,차대차 - 정면충돌,중앙선침범,건조,맑음,단일로 - 기타,승용,남,59세,상해없음,승용,남,53세,경상
2015101100100495,2015년 10월 11일 21시,일요일,전라남도 순천시 장천동,경상사고,0,0,2,0,차대차 - 기타,안전운전불이행,건조,맑음,단일로 - 기타,승용,남,62세,상해없음,승용,남,58세,경상
2015101100100515,2015년 10월 11일 22시,일요일,전라남도 나주시 노안면,중상사고,0,1,0,0,차량단독 - 도로외이탈 - 기타,안전운전불이행,건조,맑음,단일로 - 기타,승용,남,28세,상해없음,,,,
2015101100100516,2015년 10월 11일 22시,일요일,전라남도 광양시 중동,중상사고,0,2,1,0,차대차 - 측면직각충돌,교차로운행방법위반,습기,비,교차로 - 교차로부근,승용,여,55세,중상,승용,남,42세,경상
2015101200100067,2015년 10월 12일 06시,월요일,전라남도 장흥군 장흥읍,중상사고,0,1,1,0,차대차 - 측면직각충돌,안전운전불이행,습기,안개,단일로 - 기타,승합,남,57세,상해없음,원동기,남,82세,경상
2015101200100068,2015년 10월 12일 06시,월요일,전라남도 광양시 다압면,중상사고,0,2,0,0,차대차 - 추돌 - 주정차중,안전운전불이행,습기,비,단일로 - 기타,화물,남,50세,상해없음,농기계,남,81세,중상
2015101200100146,2015년 10월 12일 08시,월요일,전라남도 여수시 미평동,경상사고,0,0,1,0,차대차 - 측면직각충돌,교차로운행방법위반,건조,맑음,단일로 - 기타,승용,남,71세,상해없음,승용,여,43세,경상
2015101200100147,2015년 10월 12일 08시,월요일,전라남도 해남군 옥천면,중상사고,0,1,1,0,차대차 - 측면직각충돌,안전운전불이행,건조,맑음,교차로 - 교차로안,승용,여,54세,상해없음,승용,남,42세,경상
2015101200100189,2015년 10월 12일 09시,월요일,전라남도 나주시 영산동,경상사고,0,0,1,0,차대차 - 기타,안전운전불이행,건조,맑음,기타 - 기타,승용,남,72세,상해없음,승용,여,58세,경상
2015101200100190,2015년 10월 12일 09시,월요일,전라남도 나주시 이창동,경상사고,0,0,2,0,차대차 - 기타,불법유턴,건조,맑음,교차로 - 교차로안,승용,남,49세,경상,화물,남,47세,경상
2015101200100191,2015년 10월 12일 09시,월요일,전라남도 진도군 지산면,중상사고,0,1,0,0,차대차 - 기타,중앙선침범,건조,맑음,단일로 - 기타,승용,여,60세,기타불명,승용,남,78세,중상
2015101200100232,2015년 10월 12일 10시,월요일,전라남도 해남군 계곡면,중상사고,0,1,1,0,차대차 - 기타,안전운전불이행,건조,맑음,단일로 - 기타,화물,남,69세,상해없음,이륜,남,78세,경상
2015101200100233,2015년 10월 12일 10시,월요일,전라남도 무안군 해제면,중상사고,0,1,0,0,차대차 - 정면충돌,안전운전불이행,건조,맑음,단일로 - 기타,승용,여,29세,상해없음,원동기,남,66세,중상
2015101200100264,2015년 10월 12일 11시,월요일,전라남도 목포시 상동,경상사고,0,0,2,0,차대차 - 측면직각충돌,차로위반,건조,맑음,단일로 - 기타,승용,여,59세,상해없음,승용,여,35세,경상
2015101200100265,2015년 10월 12일 11시,월요일,전라남도 여수시 남산동,경상사고,0,0,1,0,차대차 - 추돌 - 주정차중,안전운전불이행,건조,맑음,교차로 - 교차로부근,화물,남,61세,상해없음,승용,남,62세,경상
2015101200100266,2015년 10월 12일 11시,월요일,전라남도 진도군 조도면,중상사고,0,1,0,0,차량단독 - 도로외이탈 - 추락,안전운전불이행,건조,맑음,단일로 - 기타,이륜,여,70세,중상,,,,
2015101200100299,2015년 10월 12일 12시,월요일,전라남도 순천시 조례동,경상사고,0,0,1,0,차대사람 - 길가장자리구역통행중,안전운전불이행,건조,맑음,단일로 - 기타,건설기계,남,58세,상해없음,보행자,남,22세,경상
2015101200100300,2015년 10월 12일 12시,월요일,전라남도 강진군 군동면,중상사고,0,2,1,0,차대차 - 측면직각충돌,안전운전불이행,건조,맑음,단일로 - 기타,화물,남,58세,경상,승용,여,60세,중상
2015101200100301,2015년 10월 12일 12시,월요일,전라남도 광양시 중동,중상사고,0,2,1,0,차대차 - 기타,직진우회전진행방해,건조,맑음,교차로 - 교차로안,승용,여,63세,경상,승용,여,51세,중상
2015101200100333,2015년 10월 12일 13시,월요일,전라남도 광양시 중동,중상사고,0,1,0,0,차대사람 - 횡단중,안전운전불이행,건조,맑음,단일로 - 기타,승용,여,57세,상해없음,보행자,남,76세,중상
2015101200100375,2015년 10월 12일 14시,월요일,전라남도 목포시 상동,경상사고,0,0,1,0,차대차 - 측면직각충돌,안전운전불이행,건조,맑음,교차로 - 교차로안,승용,남,47세,상해없음,이륜,남,18세,경상
2015101200100376,2015년 10월 12일 14시,월요일,전라남도 장흥군 장동면,사망사고,1,1,0,0,차량단독 - 공작물충돌,안전운전불이행,건조,맑음,단일로 - 기타,화물,여,42세,중상,,,,
2015101200100412,2015년 10월 12일 15시,월요일,전라남도 목포시 상동,경상사고,0,0,1,0,차대차 - 측면직각충돌,차로위반,건조,맑음,단일로 - 기타,화물,남,57세,기타불명,승용,남,42세,경상
2015101200100413,2015년 10월 12일 15시,월요일,전라남도 여수시 국동,경상사고,0,0,3,0,차대차 - 추돌 - 진행중,안전운전불이행,건조,맑음,단일로 - 기타,승용,남,46세,상해없음,승용,여,39세,경상
2015101200100414,2015년 10월 12일 15시,월요일,전라남도 나주시 다시면,경상사고,0,0,1,0,차대차 - 측면직각충돌,안전운전불이행,건조,맑음,교차로 - 교차로안,화물,남,59세,상해없음,승용,여,55세,경상
2015101200100415,2015년 10월 12일 15시,월요일,전라남도 광양시 광양읍,중상사고,0,1,0,0,차대차 - 기타,안전운전불이행,건조,맑음,단일로 - 기타,승용,여,43세,상해없음,원동기,남,70세,중상
2015101200100453,2015년 10월 12일 16시,월요일,전라남도 해남군 북일면,경상사고,0,0,2,0,차대차 - 측면직각충돌,중앙선침범,건조,맑음,단일로 - 기타,승용,남,37세,경상,승용,남,65세,경상
2015101200100502,2015년 10월 12일 17시,월요일,전라남도 강진군 강진읍,경상사고,0,0,1,0,차량단독 - 공작물충돌,안전운전불이행,건조,맑음,단일로 - 기타,승용,남,90세 이상,상해없음,,,,
2015101200100556,2015년 10월 12일 18시,월요일,전라남도 여수시 학동,경상사고,0,0,1,0,차대사람 - 횡단중,안전운전불이행,건조,맑음,교차로 - 교차로안,승용,남,51세,상해없음,보행자,여,23세,경상
2015101200100557,2015년 10월 12일 18시,월요일,전라남도 보성군 복내면,중상사고,0,1,0,0,차대차 - 기타,안전운전불이행,건조,맑음,단일로 - 기타,승용,여,42세,상해없음,이륜,남,73세,중상
2015101200100558,2015년 10월 12일 18시,월요일,전라남도 무안군 무안읍,경상사고,0,0,1,0,차량단독 - 기타,안전운전불이행,건조,맑음,교차로 - 교차로부근,승합,남,60세,상해없음,,,,
2015101200100608,2015년 10월 12일 19시,월요일,전라남도 나주시 세지면,중상사고,0,1,0,0,차대사람 - 횡단중,신호위반,건조,맑음,교차로 - 교차로안,승합,남,70세,상해없음,보행자,여,68세,중상
2015101200100609,2015년 10월 12일 19시,월요일,전라남도 나주시 왕곡면,경상사고,0,0,1,0,차대차 - 기타,차로위반,건조,맑음,단일로 - 기타,화물,남,37세,상해없음,승용,남,65세,경상
2015101200100610,2015년 10월 12일 19시,월요일,전라남도 담양군 봉산면,사망사고,1,0,3,0,차대차 - 측면직각충돌,중앙선침범,건조,기타,단일로 - 교량,승용,남,54세,사망,화물,남,31세,경상
2015101200100611,2015년 10월 12일 19시,월요일,전라남도 무안군 일로읍,경상사고,0,0,1,0,차대사람 - 길가장자리구역통행중,안전운전불이행,건조,맑음,단일로 - 기타,기타불명,기타불명,기타불명,기타불명,보행자,남,20세,경상
2015101200100643,2015년 10월 12일 20시,월요일,전라남도 목포시 용당동,경상사고,0,0,1,0,차대사람 - 기타,안전운전불이행,건조,맑음,교차로 - 교차로안,승용,남,55세,상해없음,보행자,여,39세,경상
2015101200100703,2015년 10월 12일 22시,월요일,전라남도 여수시 웅천동,경상사고,0,0,1,0,차량단독 - 공작물충돌,안전운전불이행,건조,맑음,단일로 - 기타,승용,남,47세,경상,,,,
2015101300100045,2015년 10월 13일 04시,화요일,전라남도 순천시 승주읍,사망사고,1,0,0,0,차대차 - 추돌 - 진행중,안전운전불이행,건조,맑음,단일로 - 기타,화물,남,61세,사망,화물,남,50세,상해없음
2015101300100062,2015년 10월 13일 05시,화요일,전라남도 순천시 해룡면,중상사고,0,2,0,0,차대차 - 측면직각충돌,직진우회전진행방해,건조,맑음,교차로 - 교차로안,승용,남,52세,중상,승용,여,49세,중상
2015101300100188,2015년 10월 13일 09시,화요일,전라남도 순천시 중앙동,중상사고,0,1,0,0,차대차 - 기타,안전운전불이행,건조,맑음,단일로 - 기타,승용,남,40세,상해없음,이륜,남,78세,중상
2015101300100189,2015년 10월 13일 09시,화요일,전라남도 순천시 주암면,중상사고,0,1,0,0,차대차 - 기타,직진우회전진행방해,건조,맑음,교차로 - 교차로안,승용,여,44세,상해없음,이륜,남,80세,중상
2015101300100190,2015년 10월 13일 09시,화요일,전라남도 진도군 지산면,중상사고,0,1,0,0,차대차 - 측면직각충돌,교차로운행방법위반,건조,맑음,교차로 - 교차로안,화물,남,74세,상해없음,원동기,남,64세,중상
2015101300100230,2015년 10월 13일 10시,화요일,전라남도 목포시 옥암동,경상사고,0,0,1,0,차대차 - 기타,안전거리미확보,건조,맑음,단일로 - 기타,이륜,남,18세,경상,승용,남,59세,상해없음
2015101300100258,2015년 10월 13일 11시,화요일,전라남도 광양시 광양읍,경상사고,0,0,1,0,차대차 - 기타,안전운전불이행,건조,맑음,단일로 - 기타,이륜,여,56세,경상,승용,남,24세,상해없음
2015101300100284,2015년 10월 13일 12시,화요일,전라남도 목포시 산정동,경상사고,0,0,1,0,차대사람 - 횡단중,신호위반,건조,맑음,단일로 - 횡단보도상,승용,남,61세,기타불명,보행자,남,27세,경상
2015101300100285,2015년 10월 13일 12시,화요일,전라남도 여수시 화양면,경상사고,0,0,1,0,차대차 - 측면직각충돌,안전운전불이행,건조,맑음,단일로 - 기타,승용,남,43세,상해없음,승용,남,60세,상해없음
2015101300100286,2015년 10월 13일 12시,화요일,전라남도 장흥군 회진면,중상사고,0,1,0,0,차대사람 - 기타,안전운전불이행,건조,맑음,단일로 - 기타,승용,남,69세,상해없음,보행자,여,48세,중상
2015101300100287,2015년 10월 13일 12시,화요일,전라남도 고흥군 도덕면,중상사고,0,1,0,0,차대사람 - 기타,안전운전불이행,건조,맑음,단일로 - 기타,화물,남,48세,상해없음,보행자,남,79세,중상
2015101300100288,2015년 10월 13일 12시,화요일,전라남도 영암군 도포면,중상사고,0,1,3,0,차대차 - 측면직각충돌,안전운전불이행,건조,맑음,교차로 - 교차로안,승용,여,30세,경상,승용,남,53세,중상
2015101300100322,2015년 10월 13일 13시,화요일,전라남도 영암군 금정면,중상사고,0,1,1,0,차대차 - 추돌 - 진행중,안전운전불이행,건조,맑음,교차로 - 교차로안,이륜,남,54세,중상,승용,남,75세,경상
2015101300100350,2015년 10월 13일 14시,화요일,전라남도 담양군 고서면,경상사고,0,0,1,0,차대차 - 추돌 - 주정차중,안전운전불이행,건조,맑음,단일로 - 기타,승용,남,78세,상해없음,화물,남,71세,기타불명
2015101300100351,2015년 10월 13일 14시,화요일,전라남도 무안군 청계면,경상사고,0,0,3,0,차대차 - 추돌 - 진행중,안전거리미확보,건조,맑음,단일로 - 기타,승용,남,41세,상해없음,화물,남,32세,경상
2015101300100392,2015년 10월 13일 15시,화요일,전라남도 광양시 광양읍,중상사고,0,1,0,0,차대차 - 측면직각충돌,교차로운행방법위반,건조,맑음,교차로 - 교차로안,승용,여,48세,상해없음,승합,여,32세,상해없음
2015101300100433,2015년 10월 13일 16시,화요일,전라남도 목포시 상동,중상사고,0,1,2,0,차대차 - 측면직각충돌,안전운전불이행,건조,맑음,단일로 - 기타,화물,남,65세,상해없음,승합,남,61세,경상
2015101300100516,2015년 10월 13일 18시,화요일,전라남도 장흥군 장흥읍,사망사고,1,0,0,0,차대사람 - 횡단중,안전운전불이행,건조,맑음,단일로 - 기타,화물,남,58세,상해없음,보행자,여,58세,사망
2015101300100517,2015년 10월 13일 18시,화요일,전라남도 영광군 영광읍,경상사고,0,0,1,0,차대사람 - 기타,안전운전불이행,건조,맑음,단일로 - 기타,승용,여,40세,상해없음,보행자,남,38세,경상
2015101300100518,2015년 10월 13일 18시,화요일,전라남도 영암군 삼호읍,경상사고,0,0,1,0,차대사람 - 기타,안전운전불이행,건조,맑음,단일로 - 기타,자전거,남,48세,상해없음,보행자,남,44세,경상
2015101300100576,2015년 10월 13일 19시,화요일,전라남도 순천시 낙안면,중상사고,0,1,1,0,차대차 - 기타,중앙선침범,건조,맑음,단일로 - 기타,승용,남,40세,상해없음,승용,남,48세,중상
2015101300100577,2015년 10월 13일 19시,화요일,전라남도 고흥군 도화면,중상사고,0,1,3,0,차대차 - 추돌 - 진행중,안전운전불이행,건조,맑음,단일로 - 기타,화물,남,50세,상해없음,승용,남,46세,경상
2015101300100611,2015년 10월 13일 20시,화요일,전라남도 목포시 대성동,중상사고,0,1,0,0,차대사람 - 횡단중,차로위반,건조,흐림,단일로 - 횡단보도상,승용,남,24세,상해없음,보행자,여,59세,중상
2015101300100651,2015년 10월 13일 21시,화요일,전라남도 목포시 상동,경상사고,0,0,6,0,차대차 - 측면직각충돌,중앙선침범,건조,맑음,단일로 - 기타,승용,남,55세,상해없음,승용,남,33세,상해없음
2015101300100652,2015년 10월 13일 21시,화요일,전라남도 순천시 연향동,경상사고,0,0,1,0,차대사람 - 기타,안전운전불이행,건조,맑음,단일로 - 기타,승용,남,31세,상해없음,보행자,남,22세,경상
2015101300100653,2015년 10월 13일 21시,화요일,전라남도 나주시 교동,중상사고,0,1,0,0,차대사람 - 횡단중,안전운전불이행,건조,맑음,단일로 - 횡단보도부근,승용,남,51세,상해없음,보행자,남,41세,중상
2015101300100703,2015년 10월 13일 23시,화요일,전라남도 순천시 조곡동,경상사고,0,0,2,0,차대차 - 추돌 - 진행중,안전운전불이행,건조,맑음,단일로 - 기타,승용,남,28세,상해없음,승용,남,38세,경상
2015101400100064,2015년 10월 14일 05시,수요일,전라남도 여수시 학동,경상사고,0,0,1,0,차대사람 - 길가장자리구역통행중,안전운전불이행,건조,맑음,단일로 - 기타,승용,남,31세,상해없음,보행자,여,54세,경상
2015101400100065,2015년 10월 14일 05시,수요일,전라남도 나주시 금천면,사망사고,1,0,0,0,차대차 - 추돌 - 진행중,안전운전불이행,건조,맑음,단일로 - 기타,화물,남,44세,상해없음,원동기,남,73세,사망
2015101400100078,2015년 10월 14일 06시,수요일,전라남도 여수시 여서동,경상사고,0,0,1,0,차대차 - 추돌 - 주정차중,안전운전불이행,건조,맑음,교차로 - 교차로부근,화물,남,22세,상해없음,승용,남,63세,경상
2015101400100079,2015년 10월 14일 06시,수요일,전라남도 순천시 조례동,중상사고,0,2,0,0,차대차 - 기타,안전운전불이행,건조,맑음,단일로 - 기타,승용,남,36세,중상,화물,남,38세,중상
2015101400100099,2015년 10월 14일 07시,수요일,전라남도 순천시 해룡면,경상사고,0,0,1,0,차대차 - 기타,안전거리미확보,건조,맑음,단일로 - 기타,승용,여,53세,상해없음,이륜,남,73세,경상
2015101400100156,2015년 10월 14일 08시,수요일,전라남도 목포시 동명동,경상사고,0,0,1,0,차대차 - 측면직각충돌,불법유턴,건조,맑음,단일로 - 기타,승용,남,67세,상해없음,승용,남,39세,경상
2015101400100157,2015년 10월 14일 08시,수요일,전라남도 영광군 영광읍,중상사고,0,1,0,0,차대사람 - 횡단중,안전운전불이행,건조,맑음,단일로 - 기타,승합,남,52세,상해없음,보행자,여,75세,중상
2015101400100197,2015년 10월 14일 09시,수요일,전라남도 목포시 산정동,경상사고,0,0,1,0,차대차 - 측면직각충돌,안전운전불이행,건조,맑음,교차로 - 교차로부근,기타불명,기타불명,기타불명,기타불명,승용,남,44세,경상
2015101400100198,2015년 10월 14일 09시,수요일,전라남도 영광군 영광읍,경상사고,0,0,4,0,차대차 - 기타,안전운전불이행,건조,맑음,교차로 - 교차로부근,화물,남,40세,상해없음,승합,남,62세,경상
2015101400100199,2015년 10월 14일 09시,수요일,전라남도 진도군 군내면,중상사고,0,2,0,0,차대차 - 측면직각충돌,신호위반,건조,맑음,교차로 - 교차로안,화물,남,42세,상해없음,화물,남,72세,중상
2015101400100226,2015년 10월 14일 10시,수요일,전라남도 영암군 시종면,중상사고,0,1,1,0,차대차 - 측면직각충돌,안전운전불이행,건조,맑음,단일로 - 기타,승용,여,55세,상해없음,원동기,남,84세,중상
2015101400100258,2015년 10월 14일 11시,수요일,전라남도 구례군 문척면,경상사고,0,0,1,0,차대사람 - 기타,안전운전불이행,건조,맑음,단일로 - 기타,승용,남,53세,상해없음,보행자,여,55세,경상
2015101400100308,2015년 10월 14일 13시,수요일,전라남도 보성군 보성읍,경상사고,0,0,1,0,차대차 - 기타,안전운전불이행,건조,맑음,교차로 - 교차로안,화물,남,40세,상해없음,원동기,여,29세,경상
2015101400100309,2015년 10월 14일 13시,수요일,전라남도 무안군 무안읍,경상사고,0,0,2,0,차대차 - 측면직각충돌,안전운전불이행,건조,맑음,단일로 - 기타,원동기,여,69세,경상,원동기,남,73세,경상
2015101400100346,2015년 10월 14일 14시,수요일,전라남도 순천시 낙안면,중상사고,0,2,2,0,차대차 - 기타,안전운전불이행,건조,맑음,단일로 - 기타,승용,남,73세,중상,화물,남,56세,경상
2015101400100347,2015년 10월 14일 14시,수요일,전라남도 완도군 노화읍,사망사고,1,0,0,0,차대차 - 정면충돌,중앙선침범,건조,맑음,단일로 - 기타,이륜,남,51세,사망,화물,여,49세,상해없음
2015101400100348,2015년 10월 14일 14시,수요일,전라남도 무안군 현경면,중상사고,0,1,0,0,차대사람 - 기타,안전운전불이행,기타,맑음,기타 - 기타,화물,남,78세,상해없음,보행자,여,72세,중상
2015101400100386,2015년 10월 14일 15시,수요일,전라남도 순천시 별량면,중상사고,0,2,0,0,차대차 - 기타,안전운전불이행,건조,맑음,단일로 - 기타,승용,남,44세,상해없음,화물,여,46세,중상
2015101400100387,2015년 10월 14일 15시,수요일,전라남도 고흥군 도양읍,경상사고,0,0,1,0,차대차 - 측면직각충돌,중앙선침범,건조,맑음,단일로 - 기타,화물,남,55세,상해없음,승용,남,52세,경상
2015101400100436,2015년 10월 14일 16시,수요일,전라남도 영광군 영광읍,경상사고,0,0,1,0,차대차 - 측면직각충돌,직진우회전진행방해,건조,맑음,교차로 - 교차로안,승용,여,44세,상해없음,이륜,여,52세,경상
2015101400100437,2015년 10월 14일 16시,수요일,전라남도 영광군 영광읍,경상사고,0,0,1,0,차대차 - 추돌 - 진행중,안전운전불이행,건조,맑음,교차로 - 교차로안,승용,남,63세,상해없음,이륜,남,65세,경상
2015101400100438,2015년 10월 14일 16시,수요일,전라남도 강진군 강진읍,중상사고,0,2,2,0,차대차 - 측면직각충돌,중앙선침범,건조,맑음,단일로 - 기타,화물,남,48세,상해없음,화물,남,31세,경상
2015101400100493,2015년 10월 14일 17시,수요일,전라남도 나주시 왕곡면,사망사고,1,0,0,0,차량단독 - 전도전복,안전운전불이행,건조,맑음,단일로 - 기타,이륜,남,69세,사망,,,,
2015101400100494,2015년 10월 14일 17시,수요일,전라남도 광양시 광영동,경상사고,0,0,1,0,차대차 - 측면직각충돌,안전운전불이행,건조,맑음,교차로 - 교차로안,승용,여,19세,상해없음,승용,남,44세,경상
2015101400100547,2015년 10월 14일 18시,수요일,전라남도 순천시 연향동,중상사고,0,1,0,0,차대사람 - 횡단중,안전운전불이행,건조,맑음,교차로 - 교차로부근,승용,여,53세,상해없음,보행자,여,11세,중상
2015101400100548,2015년 10월 14일 18시,수요일,전라남도 나주시 대호동,경상사고,0,0,1,0,차대차 - 측면직각충돌,직진우회전진행방해,건조,맑음,교차로 - 교차로안,승용,남,27세,상해없음,원동기,남,70세,경상
2015101400100612,2015년 10월 14일 19시,수요일,전라남도 함평군 학교면,중상사고,0,1,0,0,차대사람 - 길가장자리구역통행중,안전운전불이행,건조,맑음,단일로 - 기타,화물,남,41세,상해없음,보행자,여,84세,중상
2015101400100613,2015년 10월 14일 19시,수요일,전라남도 구례군 구례읍,경상사고,0,0,1,0,차대차 - 기타,안전운전불이행,건조,맑음,교차로 - 교차로안,화물,남,51세,상해없음,화물,남,68세,경상
2015101400100697,2015년 10월 14일 21시,수요일,전라남도 무안군 청계면,중상사고,0,1,0,0,차대사람 - 차도통행중,안전운전불이행,건조,맑음,단일로 - 기타,화물,남,56세,상해없음,보행자,여,21세,중상
2015101400100751,2015년 10월 14일 23시,수요일,전라남도 여수시 여천동,부상신고사고,0,0,0,1,차대차 - 측면직각충돌,차로위반,건조,맑음,단일로 - 기타,승용,남,38세,부상신고,승용,남,42세,상해없음
2015101500100021,2015년 10월 15일 01시,목요일,전라남도 목포시 대성동,중상사고,0,1,0,0,차량단독 - 도로외이탈 - 기타,안전운전불이행,건조,맑음,단일로 - 기타,승용,남,23세,중상,,,,
2015101500100022,2015년 10월 15일 01시,목요일,전라남도 나주시 경현동,경상사고,0,0,1,0,차대차 - 측면직각충돌,안전운전불이행,건조,맑음,교차로 - 교차로부근,화물,남,42세,경상,승용,남,34세,상해없음
2015101500100023,2015년 10월 15일 01시,목요일,전라남도 담양군 담양읍,경상사고,0,0,1,0,차대차 - 추돌 - 주정차중,안전운전불이행,건조,맑음,기타 - 기타,승용,여,46세,상해없음,승용,남,56세,경상
2015101500100072,2015년 10월 15일 06시,목요일,전라남도 순천시 매곡동,중상사고,0,1,0,0,차대사람 - 횡단중,안전운전불이행,건조,맑음,단일로 - 기타,승용,남,54세,상해없음,보행자,여,72세,중상
2015101500100127,2015년 10월 15일 08시,목요일,전라남도 목포시 옥암동,경상사고,0,0,2,0,차대차 - 기타,신호위반,건조,맑음,교차로 - 교차로안,승용,여,31세,경상,승용,남,48세,경상
2015101500100128,2015년 10월 15일 08시,목요일,전라남도 순천시 덕암동,중상사고,0,1,0,0,차대사람 - 기타,안전운전불이행,건조,맑음,교차로 - 교차로부근,승용,여,49세,상해없음,보행자,여,77세,중상
2015101500100129,2015년 10월 15일 08시,목요일,전라남도 순천시 조례동,경상사고,0,0,2,0,차대차 - 기타,직진우회전진행방해,건조,맑음,교차로 - 교차로안,승용,남,40세,상해없음,승용,여,43세,경상
2015101500100130,2015년 10월 15일 08시,목요일,전라남도 나주시 공산면,경상사고,0,0,2,0,차대차 - 측면직각충돌,신호위반,습기,안개,교차로 - 교차로안,화물,남,58세,상해없음,화물,여,45세,경상
2015101500100131,2015년 10월 15일 08시,목요일,전라남도 함평군 함평읍,중상사고,0,1,0,0,차대차 - 측면직각충돌,안전운전불이행,건조,맑음,단일로 - 기타,기타불명,기타불명,기타불명,기타불명,원동기,남,79세,중상
2015101500100132,2015년 10월 15일 08시,목요일,전라남도 담양군 대전면,경상사고,0,0,1,0,차대차 - 추돌 - 진행중,안전운전불이행,건조,맑음,교차로 - 교차로부근,승합,남,53세,상해없음,승용,남,51세,경상
2015101500100165,2015년 10월 15일 09시,목요일,전라남도 목포시 북교동,경상사고,0,0,1,0,차대차 - 기타,안전운전불이행,건조,맑음,단일로 - 기타,화물,남,37세,상해없음,승용,남,63세,경상
2015101500100166,2015년 10월 15일 09시,목요일,전라남도 영암군 금정면,중상사고,0,1,1,0,차대차 - 측면직각충돌,안전운전불이행,건조,맑음,교차로 - 교차로부근,이륜,남,75세,경상,이륜,여,70세,중상
2015101500100201,2015년 10월 15일 10시,목요일,전라남도 목포시 상동,경상사고,0,0,1,0,차대사람 - 기타,안전운전불이행,건조,맑음,단일로 - 기타,기타불명,기타불명,기타불명,기타불명,보행자,여,18세,경상
2015101500100202,2015년 10월 15일 10시,목요일,전라남도 여수시 화장동,경상사고,0,0,1,0,차대차 - 추돌 - 주정차중,안전운전불이행,건조,맑음,단일로 - 기타,승용,남,62세,상해없음,승용,여,49세,상해없음
2015101500100203,2015년 10월 15일 10시,목요일,전라남도 보성군 조성면,경상사고,0,0,1,0,차대차 - 측면직각충돌,안전운전불이행,건조,맑음,단일로 - 기타,이륜,남,81세,경상,화물,남,44세,상해없음
2015101500100261,2015년 10월 15일 12시,목요일,전라남도 무안군 삼향읍,중상사고,0,1,0,0,차대차 - 측면직각충돌,안전운전불이행,건조,맑음,교차로 - 교차로안,승용,여,35세,기타불명,이륜,남,64세,중상
2015101500100286,2015년 10월 15일 13시,목요일,전라남도 신안군 압해읍,경상사고,0,0,3,0,차대차 - 기타,안전운전불이행,건조,맑음,단일로 - 기타,승용,남,40세,상해없음,승용,남,48세,경상
2015101500100287,2015년 10월 15일 13시,목요일,전라남도 나주시 산포면,경상사고,0,0,2,0,차대차 - 측면직각충돌,직진우회전진행방해,건조,맑음,교차로 - 교차로안,원동기,남,78세,경상,화물,남,50세,상해없음