사고번호,사고일시,요일,시군구,사고내용,사망자수,중상자수,경상자수,부상신고자수,사고유형,법규위반,노면상태,기상상태,도로형태,가해운전자 차종,가해운전자 성별,가해운전자 연령,가해운전자 상해정도,피해운전자 차종,피해운전자 성별,피해운전자 연령,피해운전자 상해정도
2015101900100218,2015년 10월 19일 10시,월요일,전라남도 장성군 남면,경상사고,0,0,5,0,차대차 - 추돌 - 진행중,안전운전불이행,건조,맑음,단일로 - 기타,승용,남,39세,상해없음,승용,남,73세,경상
2015101900100246,2015년 10월 19일 11시,월요일,전라남도 장성군 장성읍,경상사고,0,0,2,0,차대차 - 추돌 - 진행중,안전운전불이행,건조,맑음,단일로 - 기타,승용,남,47세,상해없음,승용,남,37세,경상
2015101900100271,2015년 10월 19일 12시,월요일,전라남도 보성군 보성읍,경상사고,0,0,1,0,차량단독 - 공작물충돌,안전운전불이행,건조,맑음,단일로 - 기타,승용,여,52세,경상,,,,
2015101900100272,2015년 10월 19일 12시,월요일,전라남도 영암군 학산면,경상사고,0,0,1,0,차대차 - 측면직각충돌,안전운전불이행,건조,맑음,교차로 - 교차로안,승용,남,66세,상해없음,자전거,남,21세,경상
2015101900100337,2015년 10월 19일 14시,월요일,전라남도 해남군 화산면,중상사고,0,1,0,0,차대차 - 기타,과속,건조,맑음,단일로 - 기타,화물,남,19세,상해없음,농기계,여,57세,중상
2015101900100338,2015년 10월 19일 14시,월요일,전라남도 화순군 화순읍,경상사고,0,0,1,0,차대차 - 측면직각충돌,직진우회전진행방해,건조,맑음,교차로 - 교차로안,승합,남,54세,상해없음,화물,남,36세,경상
2015101900100339,2015년 10월 19일 14시,월요일,전라남도 장성군 황룡면,부상신고사고,0,0,0,1,차대차 - 측면직각충돌,안전운전불이행,건조,맑음,교차로 - 교차로안,승용,여,65세,부상신고,특수,남,52세,상해없음
2015101900100387,2015년 10월 19일 15시,월요일,전라남도 여수시 화치동,경상사고,0,0,1,0,차대차 - 측면직각충돌,안전운전불이행,건조,맑음,단일로 - 기타,화물,남,47세,상해없음,승용,남,63세,경상
2015101900100427,2015년 10월 19일 16시,월요일,전라남도 여수시 선원동,중상사고,0,1,0,0,차량단독 - 공작물충돌,안전운전불이행,건조,맑음,단일로 - 기타,승합,남,28세,기타불명,,,,
2015101900100428,2015년 10월 19일 16시,월요일,전라남도 순천시 조례동,부상신고사고,0,0,0,1,차대차 - 추돌 - 주정차중,안전운전불이행,건조,맑음,기타 - 기타,승용,남,58세,상해없음,자전거,남,12세,부상신고
2015101900100429,2015년 10월 19일 16시,월요일,전라남도 장흥군 장흥읍,경상사고,0,0,1,0,차대차 - 추돌 - 진행중,안전운전불이행,건조,맑음,단일로 - 기타,특수,남,60세,상해없음,승용,여,50세,상해없음
2015101900100430,2015년 10월 19일 16시,월요일,전라남도 강진군 도암면,사망사고,1,0,0,0,차대사람 - 횡단중,안전운전불이행,건조,맑음,단일로 - 기타,건설기계,남,46세,상해없음,보행자,남,40세,사망
2015101900100431,2015년 10월 19일 16시,월요일,전라남도 장성군 북이면,경상사고,0,0,1,1,차대차 - 추돌 - 진행중,안전운전불이행,건조,맑음,단일로 - 기타,화물,남,56세,부상신고,승용,여,28세,경상
2015101900100470,2015년 10월 19일 17시,월요일,전라남도 여수시 신기동,경상사고,0,0,1,0,차대차 - 측면직각충돌,안전운전불이행,건조,맑음,교차로 - 교차로부근,이륜,남,19세,경상,승용,남,62세,기타불명
2015101900100471,2015년 10월 19일 17시,월요일,전라남도 해남군 산이면,경상사고,0,0,2,1,차대차 - 기타,직진우회전진행방해,건조,맑음,교차로 - 교차로안,화물,남,65세,부상신고,화물,남,67세,경상
2015101900100472,2015년 10월 19일 17시,월요일,전라남도 완도군 완도읍,중상사고,0,1,0,0,차대사람 - 기타,안전운전불이행,건조,맑음,단일로 - 기타,화물,남,68세,상해없음,보행자,여,76세,중상
2015101900100533,2015년 10월 19일 18시,월요일,전라남도 여수시 웅천동,경상사고,0,0,2,0,차대차 - 측면직각충돌,불법유턴,건조,맑음,단일로 - 기타,승용,여,45세,상해없음,승용,남,66세,경상
2015101900100584,2015년 10월 19일 19시,월요일,전라남도 나주시 금천면,경상사고,0,0,4,0,차대차 - 측면직각충돌,안전운전불이행,건조,맑음,교차로 - 교차로안,승용,남,28세,상해없음,승용,남,30세,경상
2015101900100585,2015년 10월 19일 19시,월요일,전라남도 강진군 성전면,중상사고,0,1,0,0,차대차 - 추돌 - 진행중,안전운전불이행,건조,맑음,단일로 - 기타,화물,남,31세,상해없음,화물,남,37세,중상
2015101900100586,2015년 10월 19일 19시,월요일,전라남도 강진군 성전면,중상사고,0,1,2,0,차대차 - 추돌 - 진행중,안전운전불이행,건조,맑음,단일로 - 기타,화물,남,43세,중상,화물,남,37세,상해없음
2015101900100625,2015년 10월 19일 20시,월요일,전라남도 나주시 금천면,경상사고,0,0,1,0,차량단독 - 전도전복,안전운전불이행,건조,맑음,단일로 - 기타,이륜,남,50세,경상,,,,
2015101900100626,2015년 10월 19일 20시,월요일,전라남도 함평군 엄다면,경상사고,0,0,1,0,차대차 - 추돌 - 진행중,안전운전불이행,건조,맑음,단일로 - 기타,승용,남,47세,상해없음,화물,남,42세,경상
2015101900100647,2015년 10월 19일 21시,월요일,전라남도 영광군 염산면,중상사고,0,1,0,0,차대차 - 추돌 - 주정차중,안전운전불이행,건조,맑음,단일로 - 기타,화물,남,47세,상해없음,농기계,남,63세,상해없음
2015101900100666,2015년 10월 19일 22시,월요일,전라남도 목포시 산정동,경상사고,0,0,1,0,차대차 - 기타,안전운전불이행,건조,맑음,단일로 - 기타,승용,남,39세,상해없음,자전거,남,64세,경상
2015101900100667,2015년 10월 19일 22시,월요일,전라남도 여수시 미평동,경상사고,0,0,1,0,차대차 - 추돌 - 진행중,안전운전불이행,건조,맑음,단일로 - 기타,승합,남,61세,상해없음,이륜,남,27세,경상
2015101900100668,2015년 10월 19일 22시,월요일,전라남도 장성군 북이면,중상사고,0,2,0,0,차대차 - 추돌 - 진행중,안전운전불이행,건조,맑음,단일로 - 기타,화물,남,41세,상해없음,화물,남,44세,중상
2015102000100028,2015년 10월 20일 01시,화요일,전라남도 나주시 죽림동,부상신고사고,0,0,0,1,차량단독 - 공작물충돌,안전운전불이행,습기,안개,교차로 - 교차로부근,화물,남,32세,부상신고,,,,
2015102000100047,2015년 10월 20일 04시,화요일,전라남도 완도군 완도읍,부상신고사고,0,0,0,1,차대사람 - 차도통행중,안전운전불이행,건조,맑음,단일로 - 기타,승용,남,71세,상해없음,보행자,남,21세,부상신고
2015102000100061,2015년 10월 20일 05시,화요일,전라남도 화순군 화순읍,중상사고,0,1,0,0,차대차 - 기타,직진우회전진행방해,건조,기타,교차로 - 교차로안,승용,남,56세,상해없음,자전거,남,68세,중상
2015102000100091,2015년 10월 20일 07시,화요일,전라남도 나주시 노안면,중상사고,0,1,0,0,차대차 - 측면직각충돌,신호위반,습기,안개,교차로 - 교차로안,화물,남,62세,상해없음,원동기,여,52세,중상
2015102000100133,2015년 10월 20일 08시,화요일,전라남도 순천시 연향동,경상사고,0,0,1,0,차대차 - 기타,안전운전불이행,건조,맑음,교차로 - 교차로부근,원동기,남,75세,경상,승합,남,56세,상해없음
2015102000100134,2015년 10월 20일 08시,화요일,전라남도 구례군 구례읍,중상사고,0,1,0,0,차대차 - 기타,교차로운행방법위반,건조,맑음,교차로 - 교차로안,승용,여,62세,상해없음,이륜,여,77세,중상
2015102000100185,2015년 10월 20일 09시,화요일,전라남도 영광군 영광읍,부상신고사고,0,0,0,1,차량단독 - 공작물충돌,안전운전불이행,건조,맑음,단일로 - 기타,이륜,남,72세,부상신고,,,,
2015102000100222,2015년 10월 20일 10시,화요일,전라남도 보성군 보성읍,경상사고,0,0,1,0,차대사람 - 길가장자리구역통행중,안전운전불이행,건조,맑음,교차로 - 교차로안,이륜,여,74세,기타불명,보행자,여,77세,경상
2015102000100223,2015년 10월 20일 10시,화요일,전라남도 장성군 황룡면,중상사고,0,1,0,0,차대차 - 측면직각충돌,교차로운행방법위반,건조,맑음,교차로 - 교차로안,승용,남,68세,상해없음,승용,여,53세,중상
2015102000100268,2015년 10월 20일 11시,화요일,전라남도 순천시 조례동,경상사고,0,0,1,0,차대차 - 기타,안전운전불이행,건조,맑음,단일로 - 기타,승용,여,42세,상해없음,자전거,남,87세,경상
2015102000100269,2015년 10월 20일 11시,화요일,전라남도 영암군 삼호읍,경상사고,0,0,1,0,차대차 - 측면직각충돌,안전운전불이행,건조,맑음,단일로 - 기타,화물,남,68세,상해없음,화물,남,50세,경상
2015102000100270,2015년 10월 20일 11시,화요일,전라남도 광양시 광양읍,경상사고,0,0,1,0,차대차 - 기타,안전운전불이행,건조,맑음,교차로 - 교차로안,이륜,남,50세,경상,화물,남,38세,상해없음
2015102000100300,2015년 10월 20일 12시,화요일,전라남도 순천시 조곡동,경상사고,0,0,1,1,차대차 - 기타,교차로운행방법위반,건조,맑음,교차로 - 교차로부근,승용,여,54세,상해없음,원동기,남,68세,부상신고
2015102000100301,2015년 10월 20일 12시,화요일,전라남도 순천시 행동,경상사고,0,0,1,0,차대사람 - 기타,안전운전불이행,건조,맑음,단일로 - 기타,원동기,남,46세,상해없음,보행자,여,61세,경상
2015102000100302,2015년 10월 20일 12시,화요일,전라남도 고흥군 두원면,경상사고,0,0,1,0,차량단독 - 공작물충돌,안전운전불이행,건조,맑음,단일로 - 기타,농기계,남,63세,경상,,,,
2015102000100303,2015년 10월 20일 12시,화요일,전라남도 보성군 벌교읍,경상사고,0,0,1,0,차대차 - 추돌 - 진행중,안전운전불이행,건조,맑음,교차로 - 교차로안,화물,남,50세,상해없음,승용,남,42세,경상
2015102000100332,2015년 10월 20일 13시,화요일,전라남도 목포시 옥암동,경상사고,0,0,2,0,차대차 - 기타,안전운전불이행,건조,맑음,교차로 - 교차로부근,승용,남,53세,상해없음,승용,여,40세,경상
2015102000100333,2015년 10월 20일 13시,화요일,전라남도 담양군 수북면,경상사고,0,0,2,0,차대차 - 측면직각충돌,교차로운행방법위반,건조,맑음,교차로 - 교차로안,승용,여,25세,경상,화물,남,45세,경상
2015102000100334,2015년 10월 20일 13시,화요일,전라남도 광양시 광영동,중상사고,0,1,0,0,차대차 - 기타,안전운전불이행,건조,맑음,단일로 - 기타,승용,남,54세,상해없음,화물,남,57세,중상
2015102000100400,2015년 10월 20일 15시,화요일,전라남도 나주시 석현동,중상사고,0,1,1,0,차대차 - 측면직각충돌,직진우회전진행방해,건조,맑음,교차로 - 교차로안,이륜,남,70세,경상,이륜,남,42세,중상
2015102000100401,2015년 10월 20일 15시,화요일,전라남도 담양군 담양읍,중상사고,0,1,0,0,차대차 - 기타,안전운전불이행,건조,맑음,단일로 - 기타,승용,남,73세,상해없음,이륜,남,76세,중상
2015102000100475,2015년 10월 20일 17시,화요일,전라남도 무안군 삼향읍,경상사고,0,0,1,0,차대차 - 기타,안전운전불이행,건조,맑음,교차로 - 교차로안,자전거,여,11세,경상,승용,남,29세,기타불명
2015102000100536,2015년 10월 20일 18시,화요일,전라남도 순천시 별량면,경상사고,0,0,2,0,차대차 - 측면직각충돌,안전거리미확보,건조,맑음,단일로 - 기타,승용,여,51세,상해없음,승용,남,34세,경상
2015102000100625,2015년 10월 20일 20시,화요일,전라남도 목포시 용당동,중상사고,0,1,0,0,차대차 - 기타,안전운전불이행,건조,맑음,교차로 - 교차로안,승용,남,75세,상해없음,이륜,남,18세,중상
2015102000100626,2015년 10월 20일 20시,화요일,전라남도 구례군 구례읍,경상사고,0,0,1,0,차대사람 - 기타,안전운전불이행,건조,맑음,단일로 - 기타,승용,남,43세,상해없음,보행자,여,48세,경상
2015102000100682,2015년 10월 20일 22시,화요일,전라남도 목포시 상동,경상사고,0,0,1,0,차대차 - 기타,안전운전불이행,건조,맑음,기타 - 기타,승용,남,65세,상해없음,자전거,남,19세,경상
2015102000100683,2015년 10월 20일 22시,화요일,전라남도 목포시 용해동,경상사고,0,0,1,0,차대차 - 기타,안전운전불이행,기타,기타,기타 - 기타,승용,여,44세,상해없음,승용,남,33세,경상
2015102000100704,2015년 10월 20일 23시,화요일,전라남도 해남군 삼산면,중상사고,0,1,0,0,차량단독 - 전도전복,안전운전불이행,건조,기타,미분류 - 미분류,원동기,남,66세,중상,,,,
2015102100100010,2015년 10월 21일 00시,수요일,전라남도 광양시 마동,중상사고,0,1,0,0,차대차 - 기타,안전운전불이행,건조,흐림,단일로 - 기타,승용,남,46세,상해없음,승용,남,52세,기타불명
2015102100100031,2015년 10월 21일 01시,수요일,전라남도 무안군 무안읍,사망사고,1,0,0,0,차대사람 - 기타,안전운전불이행,습기,안개,단일로 - 기타,승용,남,28세,상해없음,보행자,남,55세,사망
2015102100100063,2015년 10월 21일 05시,수요일,전라남도 순천시 해룡면,경상사고,0,0,3,0,차대차 - 기타,직진우회전진행방해,건조,맑음,교차로 - 교차로안,승용,여,44세,경상,화물,남,64세,경상
2015102100100080,2015년 10월 21일 06시,수요일,전라남도 광양시 중동,중상사고,0,3,1,0,차대차 - 측면직각충돌,안전운전불이행,건조,맑음,단일로 - 기타,화물,남,56세,경상,화물,남,60세,중상
2015102100100100,2015년 10월 21일 07시,수요일,전라남도 여수시 봉산동,중상사고,0,1,0,0,차대사람 - 횡단중,안전운전불이행,건조,맑음,교차로 - 교차로부근,화물,남,53세,기타불명,보행자,여,72세,중상
2015102100100101,2015년 10월 21일 07시,수요일,전라남도 무안군 몽탄면,중상사고,0,1,0,0,차대사람 - 횡단중,안전운전불이행,습기,안개,단일로 - 기타,승용,여,52세,상해없음,보행자,남,79세,중상
2015102100100138,2015년 10월 21일 08시,수요일,전라남도 여수시 오림동,경상사고,0,0,2,0,차대차 - 측면직각충돌,신호위반,건조,맑음,교차로 - 교차로안,승용,남,42세,상해없음,승용,남,59세,경상
2015102100100172,2015년 10월 21일 09시,수요일,전라남도 영광군 염산면,경상사고,0,0,1,0,차대사람 - 기타,안전운전불이행,건조,맑음,단일로 - 기타,화물,남,52세,상해없음,보행자,여,70세,경상
2015102100100199,2015년 10월 21일 10시,수요일,전라남도 담양군 대전면,중상사고,0,1,0,0,차대사람 - 횡단중,안전운전불이행,건조,맑음,단일로 - 기타,승용,남,81세,상해없음,보행자,여,75세,중상
2015102100100200,2015년 10월 21일 10시,수요일,전라남도 무안군 현경면,중상사고,0,1,0,0,차대차 - 측면직각충돌,중앙선침범,건조,맑음,단일로 - 기타,이륜,남,66세,중상,화물,남,57세,상해없음
2015102100100223,2015년 10월 21일 11시,수요일,전라남도 영암군 영암읍,경상사고,0,0,1,0,차대차 - 기타,안전운전불이행,건조,맑음,단일로 - 교량,화물,남,68세,상해없음,승용,남,65세,경상
2015102100100224,2015년 10월 21일 11시,수요일,전라남도 광양시 광영동,중상사고,0,1,0,0,차대차 - 기타,안전운전불이행,건조,맑음,교차로 - 교차로안,원동기,남,71세,중상,화물,남,29세,상해없음
2015102100100249,2015년 10월 21일 12시,수요일,전라남도 목포시 금동1가,경상사고,0,0,1,0,차대차 - 측면직각충돌,안전운전불이행,건조,맑음,교차로 - 교차로안,승용,남,38세,경상,승용,남,40세,상해없음
2015102100100250,2015년 10월 21일 12시,수요일,전라남도 순천시 별량면,경상사고,0,0,2,0,차대차 - 기타,중앙선침범,건조,맑음,교차로 - 교차로부근,승용,남,73세,경상,승용,남,43세,경상
2015102100100251,2015년 10월 21일 12시,수요일,전라남도 해남군 해남읍,경상사고,0,0,2,0,차대차 - 측면직각충돌,신호위반,건조,맑음,교차로 - 교차로안,승용,여,43세,경상,승용,여,43세,경상
2015102100100268,2015년 10월 21일 13시,수요일,전라남도 신안군 압해읍,중상사고,0,1,1,0,차대차 - 기타,안전운전불이행,건조,맑음,기타 - 기타,화물,남,79세,상해없음,이륜,남,72세,경상
2015102100100269,2015년 10월 21일 13시,수요일,전라남도 여수시 학동,경상사고,0,0,1,0,차대차 - 측면직각충돌,교차로운행방법위반,건조,맑음,교차로 - 교차로안,승용,여,35세,상해없음,승용,남,61세,경상
2015102100100270,2015년 10월 21일 13시,수요일,전라남도 나주시 금천면,경상사고,0,0,1,0,차대차 - 추돌 - 진행중,안전운전불이행,건조,맑음,교차로 - 교차로부근,승용,남,47세,상해없음,승용,여,37세,경상
2015102100100271,2015년 10월 21일 13시,수요일,전라남도 영암군 삼호읍,중상사고,0,1,0,0,차대차 - 측면직각충돌,안전운전불이행,건조,맑음,교차로 - 교차로안,이륜,남,29세,중상,승용,남,34세,상해없음
2015102100100272,2015년 10월 21일 13시,수요일,전라남도 장성군 장성읍,경상사고,0,0,1,0,차대차 - 기타,안전운전불이행,건조,맑음,단일로 - 기타,화물,여,58세,상해없음,이륜,남,40세,경상
2015102100100297,2015년 10월 21일 14시,수요일,전라남도 영암군 삼호읍,경상사고,0,0,3,0,차대차 - 추돌 - 진행중,기타,건조,맑음,교차로 - 교차로부근,승용,남,51세,경상,승용,남,64세,경상
2015102100100320,2015년 10월 21일 15시,수요일,전라남도 순천시 남정동,경상사고,0,0,1,0,차대사람 - 기타,안전운전불이행,건조,맑음,교차로 - 교차로안,승용,여,61세,상해없음,보행자,여,69세,경상
2015102100100368,2015년 10월 21일 16시,수요일,전라남도 순천시 조례동,경상사고,0,0,3,0,차대차 - 기타,안전운전불이행,건조,맑음,교차로 - 교차로안,승용,남,29세,상해없음,승용,남,55세,경상
2015102100100369,2015년 10월 21일 16시,수요일,전라남도 장흥군 관산읍,경상사고,0,0,1,0,차대사람 - 횡단중,안전운전불이행,건조,맑음,단일로 - 기타,농기계,남,40세,상해없음,보행자,남,14세,경상
2015102100100395,2015년 10월 21일 17시,수요일,전라남도 여수시 화장동,경상사고,0,0,2,0,차대차 - 측면직각충돌,신호위반,건조,맑음,교차로 - 교차로안,화물,남,52세,상해없음,승용,여,50세,경상
2015102100100396,2015년 10월 21일 17시,수요일,전라남도 순천시 조례동,중상사고,0,1,0,0,차대사람 - 횡단중,보행자보호의무위반,건조,맑음,교차로 - 교차로안,승용,남,41세,상해없음,보행자,남,13세,중상
2015102100100397,2015년 10월 21일 17시,수요일,전라남도 순천시 연향동,경상사고,0,0,1,0,차대차 - 기타,안전운전불이행,건조,맑음,단일로 - 기타,화물,남,56세,상해없음,자전거,남,56세,경상
2015102100100398,2015년 10월 21일 17시,수요일,전라남도 진도군 군내면,경상사고,0,0,1,0,차대사람 - 횡단중,안전운전불이행,건조,맑음,단일로 - 기타,화물,남,33세,상해없음,보행자,여,9세,경상
2015102100100485,2015년 10월 21일 19시,수요일,전라남도 해남군 황산면,사망사고,1,0,0,0,차량단독 - 공작물충돌,안전운전불이행,건조,맑음,단일로 - 기타,화물,남,60세,사망,,,,
2015102100100523,2015년 10월 21일 20시,수요일,전라남도 함평군 손불면,중상사고,0,1,0,0,차대차 - 측면직각충돌,안전운전불이행,건조,맑음,단일로 - 기타,화물,남,55세,상해없음,원동기,남,75세,중상
2015102100100524,2015년 10월 21일 20시,수요일,전라남도 담양군 수북면,중상사고,0,1,0,0,차대차 - 측면직각충돌,안전운전불이행,건조,맑음,단일로 - 기타,이륜,남,66세,중상,농기계,남,59세,상해없음
2015102200100019,2015년 10월 22일 00시,목요일,전라남도 광양시 성황동,중상사고,0,1,0,0,차량단독 - 공작물충돌,안전운전불이행,건조,맑음,단일로 - 기타,승용,여,31세,중상,,,,
2015102200100054,2015년 10월 22일 03시,목요일,전라남도 여수시 문수동,경상사고,0,0,1,0,차대차 - 측면직각충돌,기타,건조,맑음,교차로 - 교차로안,승용,남,60세,상해없음,승용,남,30세,경상
2015102200100057,2015년 10월 22일 04시,목요일,전라남도 목포시 상동,경상사고,0,0,1,0,차대차 - 추돌 - 주정차중,안전운전불이행,건조,맑음,기타 - 기타,승용,남,43세,상해없음,승용,여,37세,경상
2015102200100065,2015년 10월 22일 05시,목요일,전라남도 영암군 신북면,중상사고,0,1,1,0,차대차 - 기타,신호위반,습기,안개,교차로 - 교차로안,화물,남,56세,상해없음,승용,남,46세,경상
2015102200100080,2015년 10월 22일 06시,목요일,전라남도 목포시 산정동,경상사고,0,0,1,0,차대차 - 추돌 - 주정차중,안전운전불이행,건조,맑음,교차로 - 교차로부근,승용,남,58세,상해없음,승용,남,43세,경상
2015102200100081,2015년 10월 22일 06시,목요일,전라남도 여수시 교동,경상사고,0,0,1,0,차대사람 - 길가장자리구역통행중,안전운전불이행,건조,맑음,단일로 - 기타,원동기,남,54세,상해없음,보행자,여,79세,경상
2015102200100082,2015년 10월 22일 06시,목요일,전라남도 해남군 해남읍,경상사고,0,0,1,0,차대차 - 기타,차로위반,건조,맑음,단일로 - 기타,원동기,남,65세,경상,승용,남,60세,상해없음
2015102200100187,2015년 10월 22일 09시,목요일,전라남도 여수시 광무동,경상사고,0,0,1,0,차대차 - 측면직각충돌,안전운전불이행,건조,맑음,교차로 - 교차로부근,기타불명,기타불명,기타불명,기타불명,자전거,남,64세,경상
2015102200100188,2015년 10월 22일 09시,목요일,전라남도 나주시 공산면,중상사고,0,2,5,1,차대차 - 기타,직진우회전진행방해,건조,맑음,교차로 - 교차로안,건설기계,남,27세,경상,승합,남,57세,중상
2015102200100224,2015년 10월 22일 10시,목요일,전라남도 담양군 담양읍,경상사고,0,0,1,0,차대차 - 추돌 - 진행중,안전운전불이행,건조,맑음,단일로 - 교량,승용,여,57세,상해없음,원동기,남,69세,경상
2015102200100225,2015년 10월 22일 10시,목요일,전라남도 무안군 청계면,중상사고,0,1,0,0,차대차 - 측면직각충돌,직진우회전진행방해,건조,맑음,교차로 - 교차로안,이륜,남,63세,중상,승용,남,47세,상해없음
2015102200100257,2015년 10월 22일 11시,목요일,전라남도 순천시 별량면,부상신고사고,0,0,0,1,차량단독 - 공작물충돌,안전운전불이행,건조,맑음,교차로 - 교차로부근,특수,남,55세,부상신고,,,,
2015102200100281,2015년 10월 22일 12시,목요일,전라남도 나주시 세지면,중상사고,0,1,0,0,차대사람 - 기타,안전운전불이행,건조,맑음,단일로 - 기타,화물,여,56세,상해없음,보행자,여,72세,중상
2015102200100282,2015년 10월 22일 12시,목요일,전라남도 보성군 보성읍,부상신고사고,0,0,0,1,차량단독 - 전도전복,안전운전불이행,건조,맑음,단일로 - 기타,자전거,여,60세,부상신고,,,,
2015102200100313,2015년 10월 22일 13시,목요일,전라남도 순천시 인월동,중상사고,0,1,2,0,차대차 - 기타,신호위반,건조,맑음,교차로 - 교차로안,화물,남,75세,중상,승용,여,40세,경상
2015102200100314,2015년 10월 22일 13시,목요일,전라남도 장흥군 관산읍,경상사고,0,0,1,0,차량단독 - 전도전복,안전운전불이행,건조,맑음,단일로 - 기타,농기계,남,59세,상해없음,,,,
2015102200100315,2015년 10월 22일 13시,목요일,전라남도 장성군 삼서면,경상사고,0,0,2,0,차대차 - 추돌 - 주정차중,안전운전불이행,건조,맑음,교차로 - 교차로안,승용,남,64세,상해없음,승용,여,44세,경상
2015102200100316,2015년 10월 22일 13시,목요일,전라남도 담양군 창평면,경상사고,0,0,3,0,차대차 - 측면직각충돌,중앙선침범,건조,맑음,단일로 - 기타,승용,여,62세,상해없음,승용,여,70세,경상
2015102200100350,2015년 10월 22일 14시,목요일,전라남도 보성군 웅치면,중상사고,0,1,0,0,차대차 - 기타,안전운전불이행,건조,맑음,단일로 - 기타,이륜,남,74세,중상,승용,남,72세,상해없음
2015102200100351,2015년 10월 22일 14시,목요일,전라남도 영광군 불갑면,경상사고,0,0,1,0,차대사람 - 기타,안전운전불이행,건조,맑음,단일로 - 기타,승용,여,52세,상해없음,보행자,남,43세,경상
2015102200100382,2015년 10월 22일 15시,목요일,전라남도 나주시 봉황면,경상사고,0,0,1,0,차량단독 - 기타,안전운전불이행,건조,맑음,단일로 - 기타,원동기,남,75세,경상,,,,
2015102200100383,2015년 10월 22일 15시,목요일,전라남도 광양시 태인동,경상사고,0,0,1,0,차대차 - 측면직각충돌,교차로운행방법위반,건조,맑음,교차로 - 교차로안,승합,남,37세,상해없음,화물,남,29세,경상
2015102200100384,2015년 10월 22일 15시,목요일,전라남도 구례군 광의면,부상신고사고,0,0,0,1,차대차 - 기타,직진우회전진행방해,건조,맑음,교차로 - 교차로안,이륜,여,67세,부상신고,승용,남,56세,상해없음
2015102200100455,2015년 10월 22일 17시,목요일,전라남도 장성군 황룡면,경상사고,0,0,2,0,차대차 - 추돌 - 주정차중,안전거리미확보,건조,맑음,교차로 - 교차로부근,화물,남,58세,상해없음,승용,여,32세,경상
2015102200100456,2015년 10월 22일 17시,목요일,전라남도 무안군 무안읍,경상사고,0,0,1,0,차대사람 - 차도통행중,안전운전불이행,건조,맑음,단일로 - 기타,화물,남,42세,상해없음,보행자,여,58세,경상
2015102200100457,2015년 10월 22일 17시,목요일,전라남도 진도군 진도읍,경상사고,0,0,1,0,차대차 - 측면직각충돌,차로위반,건조,맑음,단일로 - 기타,승용,남,58세,기타불명,화물,남,30세,상해없음
2015102200100501,2015년 10월 22일 18시,목요일,전라남도 목포시 죽교동,경상사고,0,0,2,0,차대차 - 추돌 - 주정차중,안전거리미확보,건조,맑음,교차로 - 교차로부근,특수,남,41세,상해없음,승용,남,48세,경상
2015102200100502,2015년 10월 22일 18시,목요일,전라남도 영광군 홍농읍,경상사고,0,0,1,0,차대차 - 측면직각충돌,교차로운행방법위반,건조,맑음,단일로 - 기타,승용,남,45세,상해없음,농기계,남,55세,경상
2015102200100503,2015년 10월 22일 18시,목요일,전라남도 진도군 지산면,중상사고,0,2,0,0,차대차 - 추돌 - 주정차중,안전운전불이행,건조,맑음,단일로 - 기타,화물,남,46세,상해없음,농기계,남,72세,중상
2015102200100573,2015년 10월 22일 19시,목요일,전라남도 해남군 해남읍,중상사고,0,1,0,0,차대사람 - 횡단중,안전운전불이행,건조,맑음,교차로 - 교차로부근,승용,남,36세,상해없음,보행자,남,63세,중상
2015102200100617,2015년 10월 22일 20시,목요일,전라남도 순천시 남정동,중상사고,0,1,0,0,차대차 - 기타,교차로운행방법위반,건조,맑음,교차로 - 교차로안,자전거,남,69세,중상,승용,남,25세,상해없음
2015102200100618,2015년 10월 22일 20시,목요일,전라남도 순천시 석현동,중상사고,0,1,0,0,차대차 - 정면충돌,중앙선침범,건조,맑음,단일로 - 기타,승용,남,59세,상해없음,승용,남,31세,중상
2015102200100656,2015년 10월 22일 21시,목요일,전라남도 여수시 선원동,중상사고,0,1,0,0,차대사람 - 횡단중,안전운전불이행,건조,맑음,단일로 - 기타,승용,남,54세,상해없음,보행자,여,82세,중상
2015102300100024,2015년 10월 23일 00시,금요일,전라남도 광양시 마동,경상사고,0,0,2,1,차대차 - 추돌 - 주정차중,안전운전불이행,건조,맑음,교차로 - 교차로부근,화물,남,50세,부상신고,승용,남,25세,경상
2015102300100039,2015년 10월 23일 01시,금요일,전라남도 담양군 무정면,중상사고,0,1,0,0,차량단독 - 공작물충돌,안전운전불이행,건조,맑음,단일로 - 기타,승용,남,51세,중상,,,,
2015102300100060,2015년 10월 23일 04시,금요일,전라남도 강진군 군동면,사망사고,1,0,0,0,차대차 - 추돌 - 진행중,과속,습기,안개,단일로 - 기타,승용,남,49세,상해없음,원동기,여,58세,사망