사고번호,사고일시,요일,시군구,사고내용,사망자수,중상자수,경상자수,부상신고자수,사고유형,법규위반,노면상태,기상상태,도로형태,가해운전자 차종,가해운전자 성별,가해운전자 연령,가해운전자 상해정도,피해운전자 차종,피해운전자 성별,피해운전자 연령,피해운전자 상해정도
2015102300100108,2015년 10월 23일 07시,금요일,전라남도 해남군 계곡면,중상사고,0,1,0,0,차량단독 - 도로외이탈 - 추락,안전운전불이행,기타,안개,단일로 - 기타,승합,남,45세,상해없음,,,,
2015102300100109,2015년 10월 23일 07시,금요일,전라남도 광양시 금호동,중상사고,0,1,0,0,차대차 - 측면직각충돌,안전운전불이행,건조,맑음,교차로 - 교차로부근,승용,남,25세,상해없음,자전거,남,47세,중상
2015102300100144,2015년 10월 23일 08시,금요일,전라남도 목포시 상동,경상사고,0,0,2,0,차대차 - 측면직각충돌,신호위반,건조,맑음,교차로 - 교차로안,승합,여,60세,상해없음,승용,여,50세,경상
2015102300100145,2015년 10월 23일 08시,금요일,전라남도 목포시 달동,경상사고,0,0,1,0,차량단독 - 공작물충돌,안전운전불이행,기타,안개,단일로 - 교량,승용,여,42세,경상,,,,
2015102300100146,2015년 10월 23일 08시,금요일,전라남도 순천시 가곡동,중상사고,0,1,0,0,차대차 - 기타,직진우회전진행방해,건조,맑음,교차로 - 교차로안,승용,남,65세,상해없음,자전거,남,65세,중상
2015102300100217,2015년 10월 23일 10시,금요일,전라남도 순천시 해룡면,경상사고,0,0,1,0,차대차 - 기타,안전거리미확보,건조,맑음,단일로 - 기타,승용,남,65세,상해없음,승합,남,60세,상해없음
2015102300100218,2015년 10월 23일 10시,금요일,전라남도 순천시 연향동,경상사고,0,0,1,0,차대차 - 기타,신호위반,건조,맑음,교차로 - 교차로안,승용,남,57세,상해없음,승용,남,51세,경상
2015102300100219,2015년 10월 23일 10시,금요일,전라남도 순천시 오천동,경상사고,0,0,2,0,차대차 - 측면직각충돌,직진우회전진행방해,건조,맑음,교차로 - 교차로안,특수,남,45세,상해없음,승용,여,32세,경상
2015102300100255,2015년 10월 23일 11시,금요일,전라남도 여수시 미평동,중상사고,0,1,0,0,차대차 - 측면직각충돌,신호위반,건조,맑음,교차로 - 교차로안,승용,남,71세,상해없음,승용,여,42세,중상
2015102300100314,2015년 10월 23일 13시,금요일,전라남도 광양시 황금동,부상신고사고,0,0,0,1,차대차 - 추돌 - 진행중,기타,건조,맑음,교차로 - 교차로안,승용,남,52세,부상신고,화물,남,39세,상해없음
2015102300100354,2015년 10월 23일 14시,금요일,전라남도 목포시 산정동,경상사고,0,0,1,0,차대차 - 기타,안전운전불이행,건조,맑음,교차로 - 교차로부근,화물,남,59세,상해없음,승용,남,30세,경상
2015102300100355,2015년 10월 23일 14시,금요일,전라남도 나주시 경현동,경상사고,0,0,3,0,차대차 - 측면직각충돌,안전운전불이행,건조,맑음,교차로 - 교차로안,승용,여,33세,경상,승용,남,67세,경상
2015102300100356,2015년 10월 23일 14시,금요일,전라남도 광양시 중동,경상사고,0,0,2,0,차대차 - 추돌 - 진행중,안전거리미확보,건조,맑음,단일로 - 기타,승용,남,49세,상해없음,승용,남,58세,경상
2015102300100391,2015년 10월 23일 15시,금요일,전라남도 목포시 산정동,중상사고,0,1,0,0,차대사람 - 횡단중,보행자보호의무위반,건조,맑음,교차로 - 교차로부근,승용,남,59세,상해없음,보행자,여,62세,중상
2015102300100438,2015년 10월 23일 16시,금요일,전라남도 여수시 광무동,경상사고,0,0,3,0,차대차 - 추돌 - 진행중,교차로운행방법위반,건조,맑음,교차로 - 교차로안,승용,남,34세,경상,기타불명,기타불명,기타불명,기타불명
2015102300100439,2015년 10월 23일 16시,금요일,전라남도 여수시 신기동,경상사고,0,0,2,0,차대차 - 측면직각충돌,교차로운행방법위반,건조,맑음,교차로 - 교차로안,승용,남,45세,상해없음,승용,여,45세,경상
2015102300100440,2015년 10월 23일 16시,금요일,전라남도 순천시 남정동,경상사고,0,0,1,0,차대차 - 기타,중앙선침범,건조,맑음,단일로 - 기타,이륜,남,19세,경상,승용,남,22세,상해없음
2015102300100441,2015년 10월 23일 16시,금요일,전라남도 화순군 화순읍,경상사고,0,0,3,0,차대차 - 추돌 - 주정차중,안전운전불이행,건조,맑음,단일로 - 기타,승용,남,52세,상해없음,승용,남,48세,경상
2015102300100482,2015년 10월 23일 17시,금요일,전라남도 강진군 강진읍,경상사고,0,0,1,0,차대차 - 측면직각충돌,신호위반,건조,맑음,교차로 - 교차로안,승합,남,77세,상해없음,승용,여,50세,경상
2015102300100548,2015년 10월 23일 18시,금요일,전라남도 영암군 영암읍,사망사고,1,0,0,0,차대사람 - 횡단중,안전운전불이행,건조,맑음,단일로 - 기타,화물,남,70세,상해없음,보행자,남,53세,사망
2015102300100666,2015년 10월 23일 20시,금요일,전라남도 여수시 화장동,중상사고,0,1,0,0,차대차 - 측면직각충돌,안전운전불이행,건조,맑음,교차로 - 교차로부근,승용,남,52세,상해없음,이륜,남,17세,중상
2015102300100667,2015년 10월 23일 20시,금요일,전라남도 순천시 조곡동,중상사고,0,1,0,0,차대차 - 기타,차로위반,건조,맑음,단일로 - 기타,승용,남,24세,상해없음,이륜,남,16세,중상
2015102300100701,2015년 10월 23일 21시,금요일,전라남도 순천시 조례동,경상사고,0,0,2,0,차대차 - 기타,안전운전불이행,건조,맑음,교차로 - 교차로부근,승용,여,37세,상해없음,승용,남,40세,경상
2015102300100702,2015년 10월 23일 21시,금요일,전라남도 나주시 송월동,경상사고,0,0,1,0,차대차 - 측면직각충돌,안전운전불이행,건조,맑음,교차로 - 교차로안,승용,남,51세,상해없음,승용,여,33세,경상
2015102300100739,2015년 10월 23일 22시,금요일,전라남도 화순군 화순읍,부상신고사고,0,0,0,1,차량단독 - 기타,안전운전불이행,건조,맑음,교차로 - 교차로안,이륜,남,47세,부상신고,,,,
2015102300100773,2015년 10월 23일 23시,금요일,전라남도 영암군 삼호읍,중상사고,0,1,0,0,차대차 - 측면직각충돌,신호위반,건조,맑음,교차로 - 교차로안,승용,여,57세,상해없음,승용,남,44세,중상
2015102400100033,2015년 10월 24일 01시,토요일,전라남도 여수시 율촌면,사망사고,1,0,0,0,차대사람 - 길가장자리구역통행중,안전운전불이행,건조,맑음,단일로 - 기타,승용,여,29세,상해없음,보행자,남,34세,사망
2015102400100034,2015년 10월 24일 01시,토요일,전라남도 순천시 조례동,경상사고,0,0,1,0,차대차 - 기타,안전운전불이행,건조,맑음,단일로 - 기타,승용,남,24세,상해없음,이륜,남,17세,경상
2015102400100052,2015년 10월 24일 02시,토요일,전라남도 목포시 상동,경상사고,0,0,4,0,차대차 - 기타,신호위반,건조,맑음,교차로 - 교차로안,기타불명,기타불명,기타불명,기타불명,승용,남,32세,경상
2015102400100128,2015년 10월 24일 06시,토요일,전라남도 담양군 담양읍,중상사고,0,1,1,0,차대차 - 기타,신호위반,건조,맑음,교차로 - 교차로안,승용,여,48세,경상,화물,여,56세,중상
2015102400100147,2015년 10월 24일 07시,토요일,전라남도 장성군 북이면,중상사고,0,1,0,0,차대차 - 추돌 - 진행중,안전운전불이행,건조,맑음,단일로 - 기타,승용,남,42세,중상,화물,남,37세,상해없음
2015102400100148,2015년 10월 24일 07시,토요일,전라남도 강진군 성전면,중상사고,0,1,1,0,차대차 - 측면직각충돌,안전운전불이행,건조,맑음,단일로 - 기타,승용,남,60세,상해없음,화물,남,52세,경상
2015102400100170,2015년 10월 24일 08시,토요일,전라남도 강진군 작천면,경상사고,0,0,1,0,차대차 - 측면직각충돌,직진우회전진행방해,습기,안개,교차로 - 교차로안,건설기계,남,49세,상해없음,승용,여,55세,경상
2015102400100237,2015년 10월 24일 10시,토요일,전라남도 광양시 태인동,경상사고,0,0,2,0,차대차 - 추돌 - 진행중,안전운전불이행,건조,맑음,단일로 - 기타,승용,여,38세,상해없음,승용,여,57세,경상
2015102400100342,2015년 10월 24일 13시,토요일,전라남도 영암군 영암읍,중상사고,0,3,3,0,차대차 - 측면직각충돌,중앙선침범,건조,맑음,교차로 - 교차로안,승용,남,78세,경상,승용,여,46세,경상
2015102400100343,2015년 10월 24일 13시,토요일,전라남도 강진군 성전면,경상사고,0,0,1,0,차대차 - 추돌 - 주정차중,안전운전불이행,건조,맑음,단일로 - 기타,승용,남,37세,상해없음,승용,남,63세,경상
2015102400100425,2015년 10월 24일 15시,토요일,전라남도 담양군 대전면,경상사고,0,0,1,0,차대차 - 기타,중앙선침범,건조,맑음,교차로 - 교차로부근,농기계,남,63세,상해없음,승용,여,45세,경상
2015102400100426,2015년 10월 24일 15시,토요일,전라남도 곡성군 겸면,경상사고,0,0,2,0,차대차 - 추돌 - 주정차중,안전운전불이행,건조,맑음,기타 - 기타,승용,남,30세,상해없음,승용,여,39세,경상
2015102400100483,2015년 10월 24일 16시,토요일,전라남도 목포시 동명동,경상사고,0,0,1,0,차대차 - 추돌 - 진행중,안전거리미확보,건조,맑음,교차로 - 교차로안,승용,여,54세,상해없음,승용,여,51세,경상
2015102400100484,2015년 10월 24일 16시,토요일,전라남도 순천시 별량면,중상사고,0,1,5,0,차대차 - 기타,안전운전불이행,건조,맑음,교차로 - 교차로부근,화물,남,66세,상해없음,화물,남,42세,중상
2015102400100485,2015년 10월 24일 16시,토요일,전라남도 화순군 이양면,경상사고,0,0,1,0,차대차 - 기타,중앙선침범,습기,비,교차로 - 교차로부근,자전거,여,65세,경상,화물,여,50세,상해없음
2015102400100536,2015년 10월 24일 17시,토요일,전라남도 장흥군 부산면,경상사고,0,0,2,0,차대차 - 측면직각충돌,중앙선침범,건조,맑음,단일로 - 기타,승용,여,25세,상해없음,화물,남,70세,경상
2015102400100590,2015년 10월 24일 18시,토요일,전라남도 순천시 낙안면,경상사고,0,0,2,0,차대차 - 정면충돌,중앙선침범,건조,맑음,단일로 - 기타,승용,남,66세,상해없음,승용,남,55세,경상
2015102400100591,2015년 10월 24일 18시,토요일,전라남도 순천시 해룡면,중상사고,0,1,1,0,차대사람 - 횡단중,보행자보호의무위반,건조,맑음,단일로 - 횡단보도상,승용,여,42세,상해없음,보행자,여,9세,중상
2015102400100592,2015년 10월 24일 18시,토요일,전라남도 나주시 노안면,경상사고,0,0,1,0,차대사람 - 기타,안전운전불이행,건조,맑음,단일로 - 기타,승용,남,66세,상해없음,보행자,여,60세,경상
2015102400100643,2015년 10월 24일 19시,토요일,전라남도 여수시 돌산읍,경상사고,0,0,1,0,차대사람 - 횡단중,보행자보호의무위반,건조,맑음,교차로 - 교차로부근,승용,남,52세,상해없음,보행자,여,6세,경상
2015102400100644,2015년 10월 24일 19시,토요일,전라남도 보성군 조성면,사망사고,1,0,0,0,차량단독 - 기타,안전운전불이행,건조,맑음,단일로 - 기타,농기계,남,77세,사망,,,,
2015102400100645,2015년 10월 24일 19시,토요일,전라남도 진도군 임회면,경상사고,0,0,1,0,차량단독 - 도로외이탈 - 추락,안전운전불이행,건조,맑음,단일로 - 기타,이륜,남,71세,경상,,,,
2015102400100725,2015년 10월 24일 21시,토요일,전라남도 여수시 미평동,경상사고,0,0,1,0,차대차 - 측면직각충돌,교차로운행방법위반,건조,맑음,교차로 - 교차로안,화물,남,53세,상해없음,원동기,남,21세,경상
2015102400100726,2015년 10월 24일 21시,토요일,전라남도 순천시 해룡면,경상사고,0,0,1,0,차대차 - 기타,안전운전불이행,건조,맑음,교차로 - 교차로안,승용,남,42세,상해없음,원동기,남,17세,경상
2015102400100727,2015년 10월 24일 21시,토요일,전라남도 곡성군 곡성읍,경상사고,0,0,5,0,차대차 - 측면직각충돌,안전운전불이행,건조,맑음,교차로 - 교차로안,승용,남,40세,경상,승용,남,36세,경상
2015102400100756,2015년 10월 24일 22시,토요일,전라남도 목포시 동명동,중상사고,0,1,0,0,차대사람 - 횡단중,안전운전불이행,건조,맑음,단일로 - 횡단보도부근,승용,남,33세,상해없음,보행자,남,56세,중상
2015102400100784,2015년 10월 24일 23시,토요일,전라남도 목포시 옥암동,중상사고,0,1,0,0,차대차 - 정면충돌,중앙선침범,건조,맑음,교차로 - 교차로부근,승합,남,48세,상해없음,승용,남,36세,중상
2015102400100785,2015년 10월 24일 23시,토요일,전라남도 여수시 웅천동,경상사고,0,0,5,0,차대차 - 추돌 - 주정차중,안전운전불이행,건조,맑음,단일로 - 기타,승용,남,25세,상해없음,승용,남,47세,경상
2015102500100019,2015년 10월 25일 00시,일요일,전라남도 여수시 남산동,경상사고,0,0,2,0,차대차 - 추돌 - 진행중,안전운전불이행,건조,맑음,교차로 - 교차로부근,승용,여,43세,상해없음,승용,남,37세,경상
2015102500100166,2015년 10월 25일 09시,일요일,전라남도 함평군 대동면,경상사고,0,0,1,0,차대차 - 기타,안전운전불이행,건조,맑음,단일로 - 기타,승용,남,43세,상해없음,승합,남,56세,상해없음
2015102500100191,2015년 10월 25일 10시,일요일,전라남도 나주시 이창동,경상사고,0,0,1,0,차대사람 - 횡단중,신호위반,건조,맑음,교차로 - 교차로안,승용,여,53세,상해없음,보행자,남,54세,경상
2015102500100192,2015년 10월 25일 10시,일요일,전라남도 담양군 봉산면,중상사고,0,1,0,0,차대차 - 측면직각충돌,교차로운행방법위반,건조,맑음,교차로 - 교차로부근,화물,남,73세,상해없음,이륜,남,63세,중상
2015102500100220,2015년 10월 25일 11시,일요일,전라남도 보성군 조성면,중상사고,0,1,0,0,차대차 - 기타,안전운전불이행,건조,맑음,단일로 - 기타,건설기계,남,30세,상해없음,이륜,남,74세,중상
2015102500100221,2015년 10월 25일 11시,일요일,전라남도 곡성군 옥과면,경상사고,0,0,1,0,차대차 - 측면직각충돌,안전운전불이행,건조,맑음,교차로 - 교차로안,화물,남,53세,상해없음,승용,여,52세,경상
2015102500100222,2015년 10월 25일 11시,일요일,전라남도 구례군 산동면,경상사고,0,0,1,0,차대차 - 기타,중앙선침범,건조,맑음,단일로 - 기타,승합,남,79세,상해없음,승용,남,40세,경상
2015102500100269,2015년 10월 25일 13시,일요일,전라남도 여수시 삼산면,경상사고,0,0,4,0,차량단독 - 전도전복,안전운전불이행,건조,맑음,단일로 - 기타,승용,남,54세,상해없음,,,,
2015102500100332,2015년 10월 25일 15시,일요일,전라남도 순천시 해룡면,부상신고사고,0,0,0,1,차대차 - 기타,안전운전불이행,건조,맑음,교차로 - 교차로부근,이륜,남,35세,부상신고,화물,남,52세,상해없음
2015102500100333,2015년 10월 25일 15시,일요일,전라남도 순천시 석현동,경상사고,0,0,1,0,차대차 - 기타,직진우회전진행방해,건조,맑음,교차로 - 교차로안,승용,남,58세,상해없음,승용,여,61세,경상
2015102500100334,2015년 10월 25일 15시,일요일,전라남도 순천시 조례동,경상사고,0,0,2,0,차대차 - 기타,직진우회전진행방해,건조,맑음,교차로 - 교차로안,승용,남,30세,경상,승용,여,52세,상해없음
2015102500100379,2015년 10월 25일 16시,일요일,전라남도 장흥군 장흥읍,경상사고,0,0,1,0,차대차 - 측면직각충돌,기타,건조,맑음,교차로 - 교차로안,승용,남,41세,상해없음,화물,남,38세,경상
2015102500100469,2015년 10월 25일 18시,일요일,전라남도 해남군 송지면,부상신고사고,0,0,0,1,차대차 - 기타,중앙선침범,건조,맑음,단일로 - 기타,화물,남,37세,부상신고,승용,남,53세,상해없음
2015102500100470,2015년 10월 25일 18시,일요일,전라남도 함평군 학교면,중상사고,0,1,0,0,차대차 - 측면직각충돌,안전거리미확보,건조,맑음,단일로 - 기타,이륜,여,69세,중상,승용,남,46세,상해없음
2015102500100471,2015년 10월 25일 18시,일요일,전라남도 담양군 봉산면,경상사고,0,0,6,0,차대차 - 측면직각충돌,신호위반,건조,맑음,교차로 - 교차로안,승용,여,42세,경상,승용,남,37세,경상
2015102500100557,2015년 10월 25일 20시,일요일,전라남도 목포시 석현동,경상사고,0,0,3,0,차대차 - 추돌 - 주정차중,안전운전불이행,건조,맑음,교차로 - 교차로안,승용,여,54세,상해없음,승용,여,35세,경상
2015102500100585,2015년 10월 25일 21시,일요일,전라남도 여수시 문수동,경상사고,0,0,1,0,차대차 - 측면직각충돌,차로위반,건조,맑음,단일로 - 기타,승용,남,33세,상해없음,이륜,남,16세,경상
2015102500100586,2015년 10월 25일 21시,일요일,전라남도 광양시 광양읍,경상사고,0,0,1,0,차대차 - 추돌 - 주정차중,안전운전불이행,건조,흐림,단일로 - 기타,승용,여,42세,상해없음,승용,여,40세,상해없음
2015102500100618,2015년 10월 25일 23시,일요일,전라남도 목포시 상동,경상사고,0,0,3,0,차대차 - 측면직각충돌,신호위반,건조,흐림,교차로 - 교차로안,승용,여,45세,경상,승용,남,58세,경상
2015102600100021,2015년 10월 26일 02시,월요일,전라남도 여수시 선원동,경상사고,0,0,2,0,차대차 - 측면직각충돌,신호위반,건조,맑음,교차로 - 교차로안,승용,남,26세,상해없음,승용,남,33세,경상
2015102600100027,2015년 10월 26일 03시,월요일,전라남도 목포시 산정동,경상사고,0,0,1,0,차대차 - 추돌 - 주정차중,안전운전불이행,건조,맑음,단일로 - 기타,승용,여,31세,경상,승용,남,53세,기타불명
2015102600100035,2015년 10월 26일 04시,월요일,전라남도 광양시 다압면,경상사고,0,0,1,0,차대사람 - 차도통행중,안전운전불이행,건조,맑음,단일로 - 기타,화물,남,41세,기타불명,보행자,남,76세,경상
2015102600100058,2015년 10월 26일 06시,월요일,전라남도 순천시 승주읍,경상사고,0,0,1,0,차대차 - 기타,안전운전불이행,건조,맑음,단일로 - 기타,승용,남,45세,상해없음,농기계,남,85세,경상
2015102600100079,2015년 10월 26일 07시,월요일,전라남도 여수시 율촌면,중상사고,0,2,6,0,차대차 - 추돌 - 진행중,안전거리미확보,건조,맑음,단일로 - 터널,화물,남,45세,경상,승합,남,29세,경상
2015102600100123,2015년 10월 26일 08시,월요일,전라남도 목포시 산정동,경상사고,0,0,2,0,차대차 - 기타,안전운전불이행,건조,흐림,단일로 - 기타,승용,남,58세,상해없음,승용,여,34세,경상
2015102600100124,2015년 10월 26일 08시,월요일,전라남도 나주시 왕곡면,중상사고,0,1,0,0,차대사람 - 횡단중,안전운전불이행,건조,맑음,단일로 - 기타,화물,남,57세,상해없음,보행자,여,70세,중상
2015102600100181,2015년 10월 26일 09시,월요일,전라남도 목포시 옥암동,경상사고,0,0,4,0,차대차 - 측면직각충돌,직진우회전진행방해,건조,맑음,교차로 - 교차로안,승용,여,46세,경상,승용,남,19세,경상
2015102600100182,2015년 10월 26일 09시,월요일,전라남도 여수시 율촌면,경상사고,0,0,6,0,차대차 - 추돌 - 진행중,안전거리미확보,건조,맑음,단일로 - 터널,승용,여,45세,경상,승용,남,46세,경상
2015102600100183,2015년 10월 26일 09시,월요일,전라남도 영광군 법성면,중상사고,0,1,4,0,차대차 - 측면직각충돌,신호위반,건조,맑음,교차로 - 교차로안,승용,남,65세,상해없음,승용,여,44세,경상
2015102600100221,2015년 10월 26일 10시,월요일,전라남도 해남군 화산면,경상사고,0,0,3,1,차대차 - 측면직각충돌,교차로운행방법위반,건조,맑음,교차로 - 교차로안,화물,남,52세,부상신고,화물,남,63세,경상
2015102600100258,2015년 10월 26일 11시,월요일,전라남도 순천시 왕지동,경상사고,0,0,1,0,차대차 - 기타,안전운전불이행,건조,맑음,단일로 - 기타,승용,남,49세,상해없음,승용,여,45세,경상
2015102600100259,2015년 10월 26일 11시,월요일,전라남도 화순군 동면,경상사고,0,0,3,0,차대차 - 추돌 - 진행중,안전운전불이행,건조,맑음,단일로 - 기타,승용,여,45세,경상,화물,남,50세,경상
2015102600100321,2015년 10월 26일 13시,월요일,전라남도 여수시 학동,중상사고,0,1,0,0,차대사람 - 길가장자리구역통행중,안전운전불이행,건조,맑음,기타 - 기타,화물,남,64세,상해없음,보행자,여,79세,중상
2015102600100322,2015년 10월 26일 13시,월요일,전라남도 여수시 군자동,경상사고,0,0,2,0,차대사람 - 횡단중,보행자보호의무위반,건조,맑음,단일로 - 횡단보도상,승용,남,61세,상해없음,보행자,여,66세,경상
2015102600100323,2015년 10월 26일 13시,월요일,전라남도 여수시 오림동,경상사고,0,0,3,0,차대차 - 측면직각충돌,안전운전불이행,건조,맑음,교차로 - 교차로안,화물,남,24세,상해없음,승용,여,38세,경상
2015102600100324,2015년 10월 26일 13시,월요일,전라남도 광양시 옥곡면,중상사고,0,1,0,0,차대사람 - 차도통행중,안전운전불이행,건조,맑음,교차로 - 교차로안,승용,남,61세,상해없음,보행자,여,82세,중상
2015102600100351,2015년 10월 26일 14시,월요일,전라남도 광양시 광양읍,중상사고,0,1,0,0,차대차 - 측면직각충돌,교차로운행방법위반,건조,맑음,교차로 - 교차로안,이륜,남,61세,중상,승용,남,40세,상해없음
2015102600100388,2015년 10월 26일 15시,월요일,전라남도 곡성군 옥과면,경상사고,0,0,1,0,차량단독 - 도로외이탈 - 기타,안전운전불이행,건조,맑음,단일로 - 기타,원동기,남,69세,경상,,,,
2015102600100429,2015년 10월 26일 16시,월요일,전라남도 목포시 죽교동,경상사고,0,0,2,0,차대차 - 기타,안전운전불이행,건조,맑음,단일로 - 기타,화물,남,62세,상해없음,승용,남,41세,경상
2015102600100430,2015년 10월 26일 16시,월요일,전라남도 담양군 용면,경상사고,0,0,1,0,차대차 - 기타,안전운전불이행,건조,맑음,교차로 - 교차로안,승용,남,41세,상해없음,화물,남,42세,경상
2015102600100486,2015년 10월 26일 17시,월요일,전라남도 순천시 낙안면,중상사고,0,1,0,0,차대차 - 추돌 - 진행중,안전운전불이행,건조,맑음,단일로 - 기타,승용,남,71세,상해없음,원동기,남,65세,상해없음
2015102600100487,2015년 10월 26일 17시,월요일,전라남도 순천시 풍덕동,경상사고,0,0,1,0,차대사람 - 기타,안전운전불이행,건조,맑음,단일로 - 기타,승용,남,65세,상해없음,보행자,여,14세,경상
2015102600100488,2015년 10월 26일 17시,월요일,전라남도 고흥군 고흥읍,경상사고,0,0,1,0,차대사람 - 횡단중,보행자보호의무위반,건조,맑음,교차로 - 교차로안,승합,남,53세,상해없음,보행자,여,67세,경상
2015102600100489,2015년 10월 26일 17시,월요일,전라남도 장성군 북이면,사망사고,1,0,0,0,차대사람 - 기타,안전운전불이행,건조,맑음,교차로 - 교차로안,건설기계,남,52세,상해없음,보행자,여,87세,사망
2015102600100572,2015년 10월 26일 18시,월요일,전라남도 보성군 문덕면,사망사고,1,0,0,0,차대사람 - 기타,안전운전불이행,건조,맑음,교차로 - 교차로안,화물,남,54세,상해없음,보행자,남,70세,사망
2015102600100573,2015년 10월 26일 18시,월요일,전라남도 영암군 삼호읍,경상사고,0,0,1,0,차대차 - 추돌 - 진행중,안전운전불이행,건조,맑음,단일로 - 기타,승용,남,39세,상해없음,승용,남,26세,경상
2015102600100574,2015년 10월 26일 18시,월요일,전라남도 영암군 삼호읍,경상사고,0,0,1,0,차대차 - 기타,안전거리미확보,건조,맑음,단일로 - 기타,승용,남,60세,상해없음,승용,여,43세,경상
2015102600100575,2015년 10월 26일 18시,월요일,전라남도 강진군 강진읍,경상사고,0,0,1,0,차대사람 - 차도통행중,안전운전불이행,건조,맑음,단일로 - 기타,승용,남,53세,상해없음,보행자,남,49세,경상
2015102600100576,2015년 10월 26일 18시,월요일,전라남도 광양시 광영동,경상사고,0,0,1,0,차대차 - 측면직각충돌,교차로운행방법위반,건조,맑음,교차로 - 교차로안,화물,남,62세,상해없음,승용,남,34세,경상
2015102600100638,2015년 10월 26일 19시,월요일,전라남도 목포시 죽교동,중상사고,0,1,1,0,차대차 - 기타,안전운전불이행,건조,맑음,단일로 - 기타,화물,남,45세,상해없음,승용,남,33세,경상
2015102600100639,2015년 10월 26일 19시,월요일,전라남도 여수시 문수동,경상사고,0,0,2,0,차대차 - 추돌 - 주정차중,안전운전불이행,건조,맑음,교차로 - 교차로안,승용,여,48세,상해없음,승용,여,29세,경상
2015102600100640,2015년 10월 26일 19시,월요일,전라남도 여수시 선원동,경상사고,0,0,2,0,차대차 - 측면직각충돌,교차로운행방법위반,건조,맑음,교차로 - 교차로안,화물,남,52세,경상,승용,남,42세,경상
2015102600100641,2015년 10월 26일 19시,월요일,전라남도 순천시 가곡동,중상사고,0,1,0,0,차대차 - 기타,안전운전불이행,건조,맑음,단일로 - 기타,화물,여,40세,상해없음,승합,남,51세,상해없음
2015102600100642,2015년 10월 26일 19시,월요일,전라남도 화순군 화순읍,중상사고,0,1,0,0,차대사람 - 기타,안전운전불이행,건조,흐림,교차로 - 교차로안,화물,남,44세,상해없음,보행자,여,66세,중상
2015102600100643,2015년 10월 26일 19시,월요일,전라남도 광양시 성황동,경상사고,0,0,2,0,차대차 - 기타,안전운전불이행,건조,맑음,교차로 - 교차로부근,승용,남,73세,상해없음,승용,남,32세,경상
2015102600100704,2015년 10월 26일 21시,월요일,전라남도 나주시 왕곡면,경상사고,0,0,2,0,차대차 - 측면직각충돌,신호위반,건조,맑음,교차로 - 교차로안,화물,남,65세,경상,승용,여,31세,경상
2015102600100739,2015년 10월 26일 22시,월요일,전라남도 순천시 조례동,경상사고,0,0,1,0,차대사람 - 차도통행중,안전운전불이행,건조,맑음,단일로 - 기타,승용,여,31세,상해없음,보행자,남,47세,경상
2015102700100022,2015년 10월 27일 00시,화요일,전라남도 여수시 신기동,경상사고,0,0,2,0,차대차 - 추돌 - 진행중,안전운전불이행,건조,맑음,단일로 - 기타,승용,남,22세,상해없음,승용,남,24세,경상
2015102700100023,2015년 10월 27일 00시,화요일,전라남도 나주시 중앙동,중상사고,0,1,0,0,차대차 - 측면직각충돌,안전운전불이행,건조,맑음,교차로 - 교차로안,승용,남,34세,상해없음,이륜,남,17세,중상
2015102700100086,2015년 10월 27일 05시,화요일,전라남도 목포시 연산동,경상사고,0,0,3,0,차대차 - 추돌 - 진행중,안전거리미확보,습기,비,단일로 - 기타,승용,여,56세,상해없음,승용,남,62세,상해없음
2015102700100171,2015년 10월 27일 08시,화요일,전라남도 순천시 행동,경상사고,0,0,1,0,차대차 - 기타,안전운전불이행,습기,비,단일로 - 기타,화물,남,58세,상해없음,승용,남,55세,경상
2015102700100172,2015년 10월 27일 08시,화요일,전라남도 해남군 마산면,경상사고,0,0,3,0,차대차 - 측면직각충돌,신호위반,건조,맑음,교차로 - 교차로안,승합,남,54세,경상,승용,남,52세,경상
2015102700100173,2015년 10월 27일 08시,화요일,전라남도 영암군 삼호읍,경상사고,0,0,1,0,차대차 - 기타,신호위반,습기,비,교차로 - 교차로안,승용,남,55세,경상,건설기계,남,33세,상해없음
2015102700100174,2015년 10월 27일 08시,화요일,전라남도 무안군 일로읍,경상사고,0,0,3,0,차대차 - 측면직각충돌,교차로운행방법위반,습기,비,교차로 - 교차로안,승용,여,52세,경상,화물,여,64세,경상
2015102700100175,2015년 10월 27일 08시,화요일,전라남도 광양시 광양읍,중상사고,0,1,1,0,차대차 - 정면충돌,안전운전불이행,건조,맑음,교차로 - 교차로부근,승용,남,67세,상해없음,승용,남,74세,중상
2015102700100224,2015년 10월 27일 09시,화요일,전라남도 장흥군 용산면,경상사고,0,0,1,0,차량단독 - 기타,안전운전불이행,습기,비,단일로 - 기타,화물,남,62세,경상,,,,
2015102700100285,2015년 10월 27일 11시,화요일,전라남도 영광군 백수읍,경상사고,0,0,2,0,차대차 - 측면직각충돌,중앙선침범,건조,흐림,단일로 - 기타,승용,남,66세,경상,화물,남,61세,경상
2015102700100314,2015년 10월 27일 12시,화요일,전라남도 순천시 인제동,경상사고,0,0,2,0,차대차 - 기타,안전운전불이행,건조,맑음,교차로 - 교차로부근,승용,남,68세,상해없음,승용,여,35세,경상