사고번호,사고일시,요일,시군구,사고내용,사망자수,중상자수,경상자수,부상신고자수,사고유형,법규위반,노면상태,기상상태,도로형태,가해운전자 차종,가해운전자 성별,가해운전자 연령,가해운전자 상해정도,피해운전자 차종,피해운전자 성별,피해운전자 연령,피해운전자 상해정도
2015102700100315,2015년 10월 27일 12시,화요일,전라남도 나주시 다시면,중상사고,0,1,0,0,차량단독 - 공작물충돌,안전운전불이행,건조,맑음,단일로 - 기타,승용,남,48세,중상,,,,
2015102700100316,2015년 10월 27일 12시,화요일,전라남도 고흥군 풍양면,사망사고,1,0,0,0,차대사람 - 길가장자리구역통행중,안전운전불이행,건조,맑음,교차로 - 교차로안,화물,남,51세,상해없음,보행자,여,58세,사망
2015102700100347,2015년 10월 27일 13시,화요일,전라남도 목포시 상동,경상사고,0,0,1,0,차대차 - 추돌 - 주정차중,안전운전불이행,건조,맑음,단일로 - 기타,승용,남,67세,상해없음,승용,남,57세,경상
2015102700100458,2015년 10월 27일 16시,화요일,전라남도 목포시 산정동,경상사고,0,0,3,0,차대차 - 정면충돌,안전운전불이행,건조,맑음,단일로 - 기타,승합,남,55세,상해없음,승용,여,47세,경상
2015102700100459,2015년 10월 27일 16시,화요일,전라남도 순천시 송광면,중상사고,0,1,0,0,차대차 - 기타,안전운전불이행,건조,맑음,단일로 - 기타,승용,남,34세,상해없음,농기계,남,78세,중상
2015102700100460,2015년 10월 27일 16시,화요일,전라남도 해남군 해남읍,경상사고,0,0,4,0,차대차 - 측면직각충돌,안전운전불이행,건조,맑음,교차로 - 교차로안,승용,남,19세,상해없음,승합,남,60세,경상
2015102700100547,2015년 10월 27일 18시,화요일,전라남도 목포시 대양동,경상사고,0,0,1,0,차대차 - 추돌 - 진행중,안전거리미확보,건조,맑음,단일로 - 기타,승용,여,48세,상해없음,승용,여,23세,경상
2015102700100548,2015년 10월 27일 18시,화요일,전라남도 무안군 청계면,경상사고,0,0,1,0,차대차 - 측면직각충돌,안전운전불이행,건조,맑음,교차로 - 교차로안,승용,남,51세,상해없음,승용,남,34세,경상
2015102700100583,2015년 10월 27일 19시,화요일,전라남도 목포시 옥암동,중상사고,0,1,2,0,차대사람 - 횡단중,신호위반,건조,맑음,단일로 - 횡단보도상,승용,여,43세,상해없음,보행자,여,44세,중상
2015102700100621,2015년 10월 27일 20시,화요일,전라남도 여수시 신기동,사망사고,1,0,0,0,차대사람 - 횡단중,안전운전불이행,건조,맑음,단일로 - 기타,승용,남,38세,상해없음,보행자,남,47세,사망
2015102700100622,2015년 10월 27일 20시,화요일,전라남도 여수시 광무동,중상사고,0,1,0,0,차대사람 - 차도통행중,안전운전불이행,건조,맑음,단일로 - 기타,승용,남,26세,상해없음,보행자,여,58세,중상
2015102700100623,2015년 10월 27일 20시,화요일,전라남도 나주시 성북동,경상사고,0,0,4,0,차대차 - 측면직각충돌,안전운전불이행,건조,맑음,교차로 - 교차로안,승용,남,19세,상해없음,화물,남,53세,경상
2015102700100653,2015년 10월 27일 21시,화요일,전라남도 여수시 오림동,경상사고,0,0,5,0,차대차 - 측면직각충돌,중앙선침범,건조,맑음,교차로 - 교차로부근,승용,남,35세,상해없음,승용,여,22세,경상
2015102700100694,2015년 10월 27일 22시,화요일,전라남도 여수시 소라면,경상사고,0,0,1,0,차대차 - 추돌 - 주정차중,안전운전불이행,건조,맑음,단일로 - 기타,승용,남,42세,상해없음,승용,남,50세,경상
2015102800100017,2015년 10월 28일 00시,수요일,전라남도 완도군 완도읍,경상사고,0,0,1,0,차대차 - 측면직각충돌,안전운전불이행,건조,맑음,단일로 - 기타,승용,남,48세,상해없음,승용,여,35세,경상
2015102800100030,2015년 10월 28일 01시,수요일,전라남도 여수시 문수동,경상사고,0,0,4,0,차대차 - 정면충돌,신호위반,건조,맑음,교차로 - 교차로안,이륜,남,15세,경상,승용,여,42세,경상
2015102800100067,2015년 10월 28일 05시,수요일,전라남도 순천시 서면,경상사고,0,0,1,0,차대차 - 기타,신호위반,건조,맑음,교차로 - 교차로안,승용,남,43세,경상,특수,남,48세,상해없음
2015102800100078,2015년 10월 28일 06시,수요일,전라남도 여수시 주삼동,경상사고,0,0,1,0,차대차 - 측면직각충돌,차로위반,건조,맑음,교차로 - 교차로안,원동기,남,45세,경상,승용,남,56세,상해없음
2015102800100079,2015년 10월 28일 06시,수요일,전라남도 순천시 연향동,중상사고,0,2,0,0,차대차 - 기타,교차로운행방법위반,건조,맑음,교차로 - 교차로안,승용,남,40세,중상,승용,여,53세,중상
2015102800100101,2015년 10월 28일 07시,수요일,전라남도 무안군 일로읍,경상사고,0,0,1,0,차대차 - 측면직각충돌,교차로운행방법위반,건조,맑음,교차로 - 교차로안,승용,여,28세,상해없음,승용,여,48세,경상
2015102800100143,2015년 10월 28일 08시,수요일,전라남도 목포시 대성동,경상사고,0,0,1,0,차대사람 - 기타,안전운전불이행,건조,맑음,단일로 - 기타,승용,여,47세,상해없음,보행자,여,13세,경상
2015102800100144,2015년 10월 28일 08시,수요일,전라남도 목포시 산정동,경상사고,0,0,2,0,차대차 - 측면직각충돌,차로위반,건조,맑음,교차로 - 교차로안,승용,여,51세,상해없음,승용,남,72세,경상
2015102800100145,2015년 10월 28일 08시,수요일,전라남도 무안군 운남면,중상사고,0,1,0,0,차대사람 - 기타,안전운전불이행,건조,맑음,단일로 - 기타,화물,남,65세,상해없음,보행자,여,77세,중상
2015102800100181,2015년 10월 28일 09시,수요일,전라남도 목포시 용당동,경상사고,0,0,4,0,차대차 - 측면직각충돌,안전운전불이행,건조,맑음,교차로 - 교차로안,승용,여,31세,경상,승용,여,50세,경상
2015102800100182,2015년 10월 28일 09시,수요일,전라남도 나주시 빛가람동,경상사고,0,0,1,0,차대차 - 기타,신호위반,건조,맑음,교차로 - 교차로안,건설기계,남,35세,상해없음,승용,여,48세,경상
2015102800100210,2015년 10월 28일 10시,수요일,전라남도 고흥군 고흥읍,경상사고,0,0,1,0,차대차 - 측면직각충돌,교차로운행방법위반,건조,맑음,교차로 - 교차로안,승용,남,40세,경상,화물,남,54세,상해없음
2015102800100245,2015년 10월 28일 11시,수요일,전라남도 고흥군 동강면,중상사고,0,3,0,0,차량단독 - 공작물충돌,안전운전불이행,건조,맑음,단일로 - 기타,화물,남,54세,중상,,,,
2015102800100282,2015년 10월 28일 12시,수요일,전라남도 목포시 상동,경상사고,0,0,3,0,차대차 - 측면직각충돌,안전운전불이행,건조,맑음,교차로 - 교차로안,승용,남,56세,상해없음,승합,남,60세,경상
2015102800100317,2015년 10월 28일 13시,수요일,전라남도 나주시 금천면,경상사고,0,0,1,0,차대사람 - 기타,안전운전불이행,건조,맑음,단일로 - 기타,화물,남,75세,상해없음,보행자,남,43세,경상
2015102800100318,2015년 10월 28일 13시,수요일,전라남도 화순군 화순읍,중상사고,0,1,0,0,차대사람 - 길가장자리구역통행중,안전운전불이행,건조,맑음,단일로 - 기타,원동기,남,17세,상해없음,보행자,남,72세,중상
2015102800100399,2015년 10월 28일 15시,수요일,전라남도 순천시 해룡면,경상사고,0,0,1,0,차대사람 - 횡단중,안전운전불이행,건조,맑음,단일로 - 기타,승용,여,26세,상해없음,보행자,남,11세,경상
2015102800100400,2015년 10월 28일 15시,수요일,전라남도 영암군 덕진면,중상사고,0,1,0,0,차대차 - 기타,안전운전불이행,건조,맑음,교차로 - 교차로안,화물,남,41세,상해없음,승용,남,46세,중상
2015102800100441,2015년 10월 28일 16시,수요일,전라남도 순천시 조례동,경상사고,0,0,1,0,차대차 - 추돌 - 진행중,안전거리미확보,건조,맑음,단일로 - 기타,화물,남,75세,상해없음,승용,남,40세,경상
2015102800100442,2015년 10월 28일 16시,수요일,전라남도 함평군 학교면,경상사고,0,0,1,0,차대차 - 기타,안전운전불이행,건조,맑음,단일로 - 기타,화물,남,35세,상해없음,원동기,여,55세,경상
2015102800100541,2015년 10월 28일 18시,수요일,전라남도 여수시 신월동,경상사고,0,0,1,0,차대사람 - 횡단중,안전운전불이행,건조,맑음,교차로 - 교차로안,승용,남,55세,상해없음,보행자,남,52세,경상
2015102800100542,2015년 10월 28일 18시,수요일,전라남도 순천시 용당동,경상사고,0,0,1,0,차대차 - 기타,안전운전불이행,건조,맑음,단일로 - 기타,승용,남,32세,상해없음,승용,여,26세,경상
2015102800100543,2015년 10월 28일 18시,수요일,전라남도 영암군 삼호읍,중상사고,0,1,0,0,차대차 - 측면직각충돌,신호위반,건조,맑음,교차로 - 교차로안,승용,여,61세,상해없음,자전거,남,44세,중상
2015102800100544,2015년 10월 28일 18시,수요일,전라남도 영암군 덕진면,경상사고,0,0,2,0,차대차 - 추돌 - 주정차중,안전운전불이행,건조,맑음,단일로 - 기타,승용,여,47세,경상,승용,남,54세,경상
2015102800100545,2015년 10월 28일 18시,수요일,전라남도 영암군 덕진면,중상사고,0,1,5,0,차대차 - 추돌 - 주정차중,안전운전불이행,건조,맑음,단일로 - 기타,승용,남,27세,경상,승용,여,47세,경상
2015102800100546,2015년 10월 28일 18시,수요일,전라남도 무안군 청계면,중상사고,0,1,0,0,차량단독 - 전도전복,안전운전불이행,건조,맑음,단일로 - 기타,이륜,남,48세,중상,,,,
2015102800100547,2015년 10월 28일 18시,수요일,전라남도 구례군 산동면,경상사고,0,0,1,0,차대차 - 기타,중앙선침범,건조,맑음,단일로 - 기타,화물,남,49세,경상,특수,남,36세,상해없음
2015102800100615,2015년 10월 28일 19시,수요일,전라남도 순천시 풍덕동,경상사고,0,0,1,0,차대차 - 기타,안전운전불이행,건조,맑음,교차로 - 교차로안,승용,여,56세,상해없음,승용,여,37세,경상
2015102800100616,2015년 10월 28일 19시,수요일,전라남도 고흥군 점암면,경상사고,0,0,3,0,차대차 - 추돌 - 진행중,안전운전불이행,건조,맑음,단일로 - 기타,승용,남,49세,경상,승용,남,48세,경상
2015102800100686,2015년 10월 28일 21시,수요일,전라남도 목포시 옥암동,경상사고,0,0,1,0,차대차 - 측면직각충돌,신호위반,건조,맑음,교차로 - 교차로안,승용,남,37세,상해없음,승용,남,30세,경상
2015102800100687,2015년 10월 28일 21시,수요일,전라남도 여수시 여서동,경상사고,0,0,2,0,차대차 - 추돌 - 주정차중,안전운전불이행,건조,맑음,단일로 - 기타,승용,남,42세,상해없음,승용,여,43세,경상
2015102800100688,2015년 10월 28일 21시,수요일,전라남도 장성군 장성읍,경상사고,0,0,1,0,차대차 - 정면충돌,중앙선침범,건조,맑음,기타 - 기타,승용,여,56세,상해없음,승용,남,26세,경상
2015102800100724,2015년 10월 28일 22시,수요일,전라남도 무안군 현경면,경상사고,0,0,1,0,차대차 - 기타,안전운전불이행,건조,맑음,단일로 - 기타,승용,남,55세,경상,승용,남,31세,상해없음
2015102800100760,2015년 10월 28일 23시,수요일,전라남도 여수시 화장동,경상사고,0,0,2,0,차대차 - 추돌 - 주정차중,안전운전불이행,건조,맑음,교차로 - 교차로부근,승용,남,54세,상해없음,승용,남,39세,경상
2015102800100761,2015년 10월 28일 23시,수요일,전라남도 순천시 석현동,경상사고,0,0,2,0,차대차 - 기타,안전운전불이행,건조,맑음,단일로 - 기타,승용,남,25세,상해없음,승용,남,38세,상해없음
2015102900100014,2015년 10월 29일 00시,목요일,전라남도 목포시 호남동,중상사고,0,1,0,0,차대사람 - 횡단중,안전운전불이행,건조,맑음,교차로 - 교차로안,승용,남,31세,상해없음,보행자,남,76세,중상
2015102900100045,2015년 10월 29일 04시,목요일,전라남도 목포시 상동,중상사고,0,1,0,0,차대사람 - 횡단중,보행자보호의무위반,건조,맑음,단일로 - 횡단보도상,승용,남,64세,상해없음,보행자,여,71세,중상
2015102900100055,2015년 10월 29일 05시,목요일,전라남도 강진군 강진읍,경상사고,0,0,3,0,차대차 - 측면직각충돌,신호위반,건조,맑음,교차로 - 교차로안,승용,여,44세,경상,승용,남,54세,경상
2015102900100119,2015년 10월 29일 08시,목요일,전라남도 보성군 벌교읍,경상사고,0,0,1,0,차대사람 - 기타,안전운전불이행,건조,맑음,단일로 - 기타,승용,남,64세,상해없음,보행자,여,19세,경상
2015102900100151,2015년 10월 29일 09시,목요일,전라남도 영광군 영광읍,사망사고,1,0,2,0,차대차 - 측면직각충돌,중앙선침범,건조,맑음,단일로 - 기타,승용,남,75세,사망,승용,여,46세,경상
2015102900100193,2015년 10월 29일 10시,목요일,전라남도 영광군 홍농읍,부상신고사고,0,0,0,1,차대차 - 추돌 - 주정차중,안전운전불이행,건조,맑음,단일로 - 기타,승합,남,70세,부상신고,승용,남,49세,기타불명
2015102900100224,2015년 10월 29일 11시,목요일,전라남도 여수시 소라면,경상사고,0,0,2,0,차대차 - 측면직각충돌,신호위반,건조,맑음,교차로 - 교차로안,승용,남,56세,경상,건설기계,남,44세,경상
2015102900100225,2015년 10월 29일 11시,목요일,전라남도 순천시 해룡면,부상신고사고,0,0,0,1,차대차 - 정면충돌,교차로운행방법위반,건조,맑음,교차로 - 교차로안,원동기,남,76세,부상신고,승용,남,52세,상해없음
2015102900100256,2015년 10월 29일 12시,목요일,전라남도 강진군 대구면,경상사고,0,0,1,0,차량단독 - 공작물충돌,안전운전불이행,건조,맑음,단일로 - 기타,화물,남,56세,경상,,,,
2015102900100257,2015년 10월 29일 12시,목요일,전라남도 무안군 무안읍,중상사고,0,1,0,0,차대차 - 측면직각충돌,교차로운행방법위반,건조,맑음,교차로 - 교차로안,화물,남,22세,기타불명,이륜,남,51세,중상
2015102900100297,2015년 10월 29일 13시,목요일,전라남도 함평군 함평읍,경상사고,0,0,1,0,차대차 - 측면직각충돌,교차로운행방법위반,건조,맑음,교차로 - 교차로안,원동기,여,69세,경상,화물,남,58세,상해없음
2015102900100324,2015년 10월 29일 14시,목요일,전라남도 순천시 장천동,중상사고,0,1,0,0,차대차 - 기타,안전운전불이행,건조,맑음,단일로 - 기타,원동기,남,69세,중상,승용,여,58세,상해없음
2015102900100325,2015년 10월 29일 14시,목요일,전라남도 함평군 손불면,경상사고,0,0,1,0,차대사람 - 보도통행중,안전운전불이행,건조,맑음,단일로 - 기타,승용,남,80세,상해없음,보행자,여,64세,경상
2015102900100358,2015년 10월 29일 15시,목요일,전라남도 곡성군 석곡면,경상사고,0,0,1,0,차량단독 - 공작물충돌,안전운전불이행,건조,맑음,단일로 - 기타,승용,여,32세,경상,,,,
2015102900100445,2015년 10월 29일 17시,목요일,전라남도 여수시 경호동,부상신고사고,0,0,0,1,차량단독 - 전도전복,안전운전불이행,건조,맑음,단일로 - 기타,원동기,남,53세,부상신고,,,,
2015102900100446,2015년 10월 29일 17시,목요일,전라남도 나주시 빛가람동,경상사고,0,0,1,0,차량단독 - 기타,안전운전불이행,건조,맑음,단일로 - 기타,승용,여,32세,경상,,,,
2015102900100447,2015년 10월 29일 17시,목요일,전라남도 광양시 마동,중상사고,0,1,0,0,차대차 - 정면충돌,교차로운행방법위반,건조,맑음,교차로 - 교차로안,승용,여,60세,상해없음,이륜,남,50세,중상
2015102900100648,2015년 10월 29일 21시,목요일,전라남도 목포시 옥암동,중상사고,0,1,2,0,차대차 - 측면직각충돌,안전운전불이행,건조,맑음,교차로 - 교차로안,화물,남,36세,중상,승합,남,36세,경상
2015102900100649,2015년 10월 29일 21시,목요일,전라남도 목포시 상동,경상사고,0,0,3,0,차대차 - 기타,직진우회전진행방해,건조,맑음,교차로 - 교차로안,승용,남,43세,상해없음,승용,남,28세,경상
2015102900100650,2015년 10월 29일 21시,목요일,전라남도 담양군 고서면,중상사고,0,1,4,0,차대차 - 측면직각충돌,중앙선침범,건조,맑음,단일로 - 기타,승용,남,64세,상해없음,승용,남,28세,경상
2015102900100691,2015년 10월 29일 22시,목요일,전라남도 목포시 상동,경상사고,0,0,1,0,차대차 - 기타,안전운전불이행,건조,맑음,교차로 - 교차로안,자전거,남,15세,경상,승용,남,41세,상해없음
2015102900100692,2015년 10월 29일 22시,목요일,전라남도 광양시 중동,경상사고,0,0,1,0,차대차 - 기타,신호위반,건조,맑음,교차로 - 교차로안,승용,남,28세,상해없음,이륜,남,54세,경상
2015102900100729,2015년 10월 29일 23시,목요일,전라남도 목포시 대양동,경상사고,0,0,1,0,차량단독 - 공작물충돌,안전운전불이행,건조,맑음,단일로 - 기타,화물,남,33세,경상,,,,
2015102900100730,2015년 10월 29일 23시,목요일,전라남도 목포시 산정동,중상사고,0,1,0,0,차대차 - 기타,신호위반,건조,맑음,교차로 - 교차로안,원동기,남,17세,중상,승용,남,44세,상해없음
2015102900100731,2015년 10월 29일 23시,목요일,전라남도 무안군 운남면,경상사고,0,0,1,0,차량단독 - 전도전복,안전운전불이행,건조,맑음,단일로 - 기타,승용,여,46세,경상,,,,
2015103000100080,2015년 10월 30일 05시,금요일,전라남도 순천시 해룡면,중상사고,0,1,0,0,차량단독 - 공작물충돌,안전운전불이행,건조,맑음,단일로 - 기타,승용,남,26세,중상,,,,
2015103000100081,2015년 10월 30일 05시,금요일,전라남도 장성군 장성읍,사망사고,1,0,0,0,차량단독 - 전도전복,안전운전불이행,건조,맑음,단일로 - 기타,승용,남,28세,사망,,,,
2015103000100082,2015년 10월 30일 05시,금요일,전라남도 광양시 마동,중상사고,0,1,3,0,차대차 - 측면직각충돌,신호위반,건조,맑음,교차로 - 교차로안,승용,남,55세,경상,승용,남,48세,경상
2015103000100094,2015년 10월 30일 06시,금요일,전라남도 진도군 군내면,사망사고,1,0,0,0,차대사람 - 기타,안전운전불이행,건조,맑음,단일로 - 기타,화물,남,50세,상해없음,보행자,여,68세,사망
2015103000100128,2015년 10월 30일 07시,금요일,전라남도 나주시 대호동,중상사고,0,1,0,0,차대차 - 측면직각충돌,안전운전불이행,건조,맑음,단일로 - 기타,승용,여,48세,상해없음,자전거,남,74세,중상
2015103000100174,2015년 10월 30일 08시,금요일,전라남도 여수시 여서동,중상사고,0,1,0,0,차대사람 - 횡단중,안전운전불이행,건조,맑음,교차로 - 교차로부근,승용,여,50세,상해없음,보행자,여,83세,중상
2015103000100250,2015년 10월 30일 10시,금요일,전라남도 장성군 북이면,경상사고,0,0,1,0,차대차 - 추돌 - 진행중,안전운전불이행,건조,맑음,단일로 - 기타,승용,남,35세,상해없음,승용,남,53세,경상
2015103000100286,2015년 10월 30일 11시,금요일,전라남도 여수시 학동,경상사고,0,0,2,0,차대차 - 측면직각충돌,안전운전불이행,건조,맑음,단일로 - 기타,승용,남,63세,경상,승용,남,52세,경상
2015103000100287,2015년 10월 30일 11시,금요일,전라남도 보성군 보성읍,경상사고,0,0,2,0,차대차 - 측면직각충돌,직진우회전진행방해,건조,맑음,교차로 - 교차로안,승용,여,61세,경상,승용,남,28세,경상
2015103000100288,2015년 10월 30일 11시,금요일,전라남도 영광군 염산면,경상사고,0,0,1,0,차대사람 - 기타,안전운전불이행,건조,맑음,단일로 - 기타,화물,남,46세,상해없음,보행자,남,2세,경상
2015103000100327,2015년 10월 30일 12시,금요일,전라남도 목포시 명륜동,경상사고,0,0,2,0,차대차 - 기타,안전운전불이행,건조,맑음,단일로 - 기타,화물,남,55세,상해없음,승용,남,44세,경상
2015103000100367,2015년 10월 30일 13시,금요일,전라남도 순천시 풍덕동,중상사고,0,2,0,0,차대차 - 기타,직진우회전진행방해,건조,맑음,교차로 - 교차로안,승용,남,62세,상해없음,원동기,남,65세,중상
2015103000100368,2015년 10월 30일 13시,금요일,전라남도 화순군 동면,중상사고,0,1,0,0,차대차 - 측면직각충돌,직진우회전진행방해,건조,맑음,교차로 - 교차로안,승용,여,54세,상해없음,원동기,남,73세,중상
2015103000100369,2015년 10월 30일 13시,금요일,전라남도 광양시 광영동,경상사고,0,0,1,0,차대차 - 측면직각충돌,직진우회전진행방해,건조,맑음,교차로 - 교차로안,승용,남,44세,경상,승용,남,45세,상해없음
2015103000100370,2015년 10월 30일 13시,금요일,전라남도 광양시 옥룡면,부상신고사고,0,0,0,1,차량단독 - 공작물충돌,안전운전불이행,건조,맑음,단일로 - 기타,승용,남,72세,부상신고,,,,
2015103000100409,2015년 10월 30일 14시,금요일,전라남도 해남군 해남읍,중상사고,0,1,0,0,차대차 - 기타,안전운전불이행,건조,맑음,단일로 - 기타,화물,남,58세,상해없음,원동기,여,55세,중상
2015103000100410,2015년 10월 30일 14시,금요일,전라남도 광양시 광양읍,경상사고,0,0,1,0,차대차 - 기타,직진우회전진행방해,건조,맑음,교차로 - 교차로안,승용,남,49세,상해없음,승용,여,38세,경상
2015103000100456,2015년 10월 30일 15시,금요일,전라남도 여수시 신기동,경상사고,0,0,1,0,차대차 - 측면직각충돌,교차로운행방법위반,건조,맑음,교차로 - 교차로안,승용,남,60세,상해없음,승용,남,33세,경상
2015103000100457,2015년 10월 30일 15시,금요일,전라남도 여수시 학동,경상사고,0,0,1,0,차대차 - 측면직각충돌,안전운전불이행,건조,맑음,교차로 - 교차로부근,승용,여,50세,상해없음,승용,남,40세,상해없음
2015103000100458,2015년 10월 30일 15시,금요일,전라남도 강진군 강진읍,경상사고,0,0,2,0,차대차 - 측면직각충돌,직진우회전진행방해,건조,맑음,교차로 - 교차로안,승용,남,45세,경상,승용,여,54세,경상
2015103000100459,2015년 10월 30일 15시,금요일,전라남도 담양군 담양읍,경상사고,0,0,1,0,차대차 - 기타,교차로운행방법위반,건조,흐림,교차로 - 교차로부근,승합,남,58세,상해없음,승용,남,66세,상해없음
2015103000100460,2015년 10월 30일 15시,금요일,전라남도 구례군 광의면,중상사고,0,1,1,0,차대차 - 기타,안전운전불이행,건조,맑음,단일로 - 기타,승용,남,62세,경상,화물,남,55세,기타불명
2015103000100495,2015년 10월 30일 16시,금요일,전라남도 목포시 산정동,중상사고,0,1,0,0,차대사람 - 기타,안전운전불이행,건조,맑음,단일로 - 기타,승용,여,62세,상해없음,보행자,여,73세,중상
2015103000100496,2015년 10월 30일 16시,금요일,전라남도 목포시 연산동,경상사고,0,0,2,0,차대차 - 측면직각충돌,안전운전불이행,건조,맑음,교차로 - 교차로안,승용,여,69세,경상,승용,남,53세,경상
2015103000100497,2015년 10월 30일 16시,금요일,전라남도 완도군 군외면,중상사고,0,1,0,0,차대사람 - 기타,안전운전불이행,건조,맑음,단일로 - 기타,승용,남,41세,상해없음,보행자,여,64세,중상
2015103000100548,2015년 10월 30일 17시,금요일,전라남도 광양시 광양읍,경상사고,0,0,1,0,차대차 - 측면직각충돌,교차로운행방법위반,건조,맑음,교차로 - 교차로안,승합,여,48세,상해없음,원동기,남,72세,경상
2015103000100608,2015년 10월 30일 18시,금요일,전라남도 목포시 상동,경상사고,0,0,1,0,차대차 - 기타,직진우회전진행방해,건조,맑음,교차로 - 교차로안,승용,여,43세,상해없음,승용,남,58세,경상
2015103000100609,2015년 10월 30일 18시,금요일,전라남도 해남군 화원면,경상사고,0,0,4,0,차대차 - 기타,안전운전불이행,건조,맑음,교차로 - 교차로부근,승용,남,48세,상해없음,승용,남,25세,경상
2015103000100610,2015년 10월 30일 18시,금요일,전라남도 구례군 구례읍,중상사고,0,1,0,0,차대사람 - 기타,안전운전불이행,건조,맑음,교차로 - 교차로안,승용,남,59세,상해없음,보행자,여,63세,중상
2015103000100611,2015년 10월 30일 18시,금요일,전라남도 장성군 장성읍,경상사고,0,0,2,0,차대차 - 기타,안전운전불이행,건조,맑음,단일로 - 기타,화물,남,49세,경상,화물,남,39세,경상
2015103000100683,2015년 10월 30일 19시,금요일,전라남도 목포시 상동,중상사고,0,1,0,0,차대사람 - 기타,안전운전불이행,건조,맑음,단일로 - 기타,승용,남,22세,상해없음,보행자,여,63세,중상
2015103000100684,2015년 10월 30일 19시,금요일,전라남도 영암군 덕진면,경상사고,0,0,2,0,차대차 - 추돌 - 주정차중,안전운전불이행,건조,맑음,교차로 - 교차로부근,승용,남,65세,상해없음,승용,여,41세,경상
2015103000100685,2015년 10월 30일 19시,금요일,전라남도 곡성군 석곡면,중상사고,0,1,1,0,차대사람 - 길가장자리구역통행중,안전운전불이행,건조,맑음,단일로 - 기타,원동기,남,82세,경상,보행자,여,69세,상해없음
2015103000100727,2015년 10월 30일 20시,금요일,전라남도 해남군 현산면,경상사고,0,0,1,1,차대차 - 기타,안전운전불이행,건조,맑음,교차로 - 교차로부근,승용,남,60세,상해없음,승용,남,30세,부상신고
2015103000100759,2015년 10월 30일 21시,금요일,전라남도 순천시 연향동,경상사고,0,0,1,0,차대차 - 기타,교차로운행방법위반,건조,맑음,교차로 - 교차로안,승용,남,43세,상해없음,승용,남,35세,경상
2015103000100760,2015년 10월 30일 21시,금요일,전라남도 진도군 진도읍,중상사고,0,1,0,0,차대사람 - 횡단중,보행자보호의무위반,건조,맑음,단일로 - 기타,승용,남,19세,상해없음,보행자,남,44세,중상
2015103000100761,2015년 10월 30일 21시,금요일,전라남도 광양시 중동,경상사고,0,0,1,0,차대차 - 기타,안전운전불이행,건조,맑음,단일로 - 기타,승용,여,26세,상해없음,이륜,남,63세,경상
2015103000100821,2015년 10월 30일 23시,금요일,전라남도 순천시 남정동,경상사고,0,0,1,0,차대차 - 기타,신호위반,건조,맑음,교차로 - 교차로안,승용,여,31세,상해없음,화물,여,46세,경상
2015103100100076,2015년 10월 31일 03시,토요일,전라남도 목포시 옥암동,중상사고,0,2,2,0,차대차 - 측면직각충돌,교차로운행방법위반,건조,맑음,교차로 - 교차로안,승용,남,56세,중상,승용,여,38세,경상
2015103100100107,2015년 10월 31일 05시,토요일,전라남도 여수시 서교동,중상사고,0,1,0,0,차대사람 - 횡단중,신호위반,건조,맑음,교차로 - 교차로부근,승용,남,20세,상해없음,보행자,여,72세,중상
2015103100100120,2015년 10월 31일 06시,토요일,전라남도 무안군 삼향읍,경상사고,0,0,1,0,차대차 - 추돌 - 진행중,안전운전불이행,건조,맑음,교차로 - 교차로안,승합,남,24세,상해없음,승용,남,54세,경상
2015103100100246,2015년 10월 31일 10시,토요일,전라남도 순천시 덕월동,경상사고,0,0,2,0,차대차 - 기타,안전운전불이행,건조,맑음,단일로 - 기타,화물,남,54세,상해없음,승용,남,53세,경상
2015103100100247,2015년 10월 31일 10시,토요일,전라남도 나주시 영산동,경상사고,0,0,2,0,차대차 - 정면충돌,중앙선침범,건조,맑음,교차로 - 교차로안,화물,여,46세,경상,승용,남,37세,경상
2015103100100281,2015년 10월 31일 11시,토요일,전라남도 목포시 옥암동,경상사고,0,0,2,0,차대차 - 측면직각충돌,교차로운행방법위반,건조,맑음,교차로 - 교차로안,승용,여,27세,상해없음,승용,여,42세,경상
2015103100100282,2015년 10월 31일 11시,토요일,전라남도 영암군 삼호읍,중상사고,0,1,3,0,차대차 - 추돌 - 진행중,안전운전불이행,건조,맑음,교차로 - 교차로부근,승용,여,61세,중상,승용,남,55세,경상
2015103100100283,2015년 10월 31일 11시,토요일,전라남도 나주시 문평면,경상사고,0,0,2,0,차대차 - 추돌 - 진행중,안전거리미확보,건조,맑음,단일로 - 기타,승용,여,47세,상해없음,승용,여,46세,경상
2015103100100334,2015년 10월 31일 12시,토요일,전라남도 목포시 대양동,경상사고,0,0,5,0,차대차 - 기타,안전운전불이행,건조,맑음,기타 - 기타,승용,남,18세,상해없음,승용,남,30세,경상
2015103100100335,2015년 10월 31일 12시,토요일,전라남도 여수시 신기동,경상사고,0,0,1,0,차대차 - 추돌 - 진행중,중앙선침범,건조,맑음,단일로 - 기타,승용,남,43세,상해없음,승용,여,55세,경상