사고번호,사고일시,요일,시군구,사고내용,사망자수,중상자수,경상자수,부상신고자수,사고유형,법규위반,노면상태,기상상태,도로형태,가해운전자 차종,가해운전자 성별,가해운전자 연령,가해운전자 상해정도,피해운전자 차종,피해운전자 성별,피해운전자 연령,피해운전자 상해정도
2015103100100381,2015년 10월 31일 13시,토요일,전라남도 나주시 이창동,경상사고,0,0,1,0,차대차 - 측면직각충돌,직진우회전진행방해,건조,맑음,교차로 - 교차로안,화물,남,55세,상해없음,이륜,남,77세,경상
2015103100100423,2015년 10월 31일 14시,토요일,전라남도 순천시 서면,부상신고사고,0,0,0,1,차대차 - 기타,안전운전불이행,건조,맑음,단일로 - 기타,승합,남,63세,상해없음,자전거,남,5세,부상신고
2015103100100424,2015년 10월 31일 14시,토요일,전라남도 보성군 벌교읍,경상사고,0,0,1,0,차대차 - 측면직각충돌,안전운전불이행,건조,맑음,교차로 - 교차로부근,승용,남,46세,상해없음,승합,남,64세,상해없음
2015103100100425,2015년 10월 31일 14시,토요일,전라남도 장성군 남면,경상사고,0,0,1,0,차대차 - 추돌 - 진행중,안전거리미확보,건조,맑음,단일로 - 기타,화물,남,56세,상해없음,승합,남,30세,경상
2015103100100483,2015년 10월 31일 15시,토요일,전라남도 목포시 대안동,경상사고,0,0,4,0,차대차 - 측면직각충돌,중앙선침범,건조,맑음,단일로 - 기타,승용,여,48세,상해없음,승용,남,35세,경상
2015103100100484,2015년 10월 31일 15시,토요일,전라남도 여수시 웅천동,중상사고,0,4,0,0,차대차 - 추돌 - 진행중,안전운전불이행,건조,맑음,교차로 - 교차로안,승용,여,31세,상해없음,승합,여,61세,중상
2015103100100526,2015년 10월 31일 16시,토요일,전라남도 목포시 옥암동,경상사고,0,0,1,0,차대차 - 측면직각충돌,안전운전불이행,건조,맑음,단일로 - 기타,승용,남,50세,상해없음,승용,남,39세,경상
2015103100100527,2015년 10월 31일 16시,토요일,전라남도 함평군 나산면,경상사고,0,0,3,0,차대차 - 추돌 - 진행중,안전운전불이행,건조,맑음,단일로 - 기타,화물,남,48세,상해없음,승용,여,48세,경상
2015103100100561,2015년 10월 31일 17시,토요일,전라남도 목포시 산정동,경상사고,0,0,2,0,차대차 - 기타,안전운전불이행,건조,맑음,단일로 - 기타,승용,남,21세,기타불명,승용,여,35세,경상
2015103100100562,2015년 10월 31일 17시,토요일,전라남도 고흥군 도양읍,경상사고,0,0,2,0,차대차 - 측면직각충돌,교차로운행방법위반,건조,맑음,교차로 - 교차로안,승용,남,19세,경상,화물,남,47세,상해없음
2015103100100563,2015년 10월 31일 17시,토요일,전라남도 영암군 영암읍,경상사고,0,0,2,0,차대차 - 측면직각충돌,안전운전불이행,건조,맑음,교차로 - 교차로안,승용,남,38세,상해없음,승용,남,40세,경상
2015103100100564,2015년 10월 31일 17시,토요일,전라남도 영암군 삼호읍,경상사고,0,0,1,0,차대차 - 기타,안전운전불이행,건조,맑음,교차로 - 교차로안,승용,남,37세,상해없음,승용,남,40세,경상
2015103100100607,2015년 10월 31일 18시,토요일,전라남도 순천시 연향동,중상사고,0,1,0,0,차대사람 - 횡단중,보행자보호의무위반,건조,맑음,단일로 - 횡단보도상,승용,남,30세,상해없음,보행자,남,57세,중상
2015103100100608,2015년 10월 31일 18시,토요일,전라남도 나주시 남평읍,경상사고,0,0,1,0,차대차 - 기타,안전운전불이행,건조,맑음,단일로 - 기타,화물,남,52세,상해없음,원동기,남,34세,경상
2015103100100654,2015년 10월 31일 19시,토요일,전라남도 목포시 산정동,경상사고,0,0,1,0,차대차 - 측면직각충돌,안전운전불이행,건조,맑음,단일로 - 기타,자전거,남,71세,경상,승용,남,24세,상해없음
2015103100100655,2015년 10월 31일 19시,토요일,전라남도 강진군 강진읍,경상사고,0,0,2,0,차대차 - 추돌 - 주정차중,안전운전불이행,건조,맑음,교차로 - 교차로부근,승용,남,56세,상해없음,특수,남,46세,경상
2015103100100656,2015년 10월 31일 19시,토요일,전라남도 무안군 삼향읍,경상사고,0,0,2,0,차대차 - 측면직각충돌,안전운전불이행,건조,맑음,교차로 - 교차로부근,승용,남,63세,상해없음,이륜,남,49세,경상
2015103100100694,2015년 10월 31일 20시,토요일,전라남도 순천시 석현동,경상사고,0,0,1,0,차대차 - 측면직각충돌,안전운전불이행,건조,맑음,교차로 - 교차로안,승용,남,58세,상해없음,이륜,남,19세,경상
2015103100100761,2015년 10월 31일 22시,토요일,전라남도 나주시 금천면,경상사고,0,0,1,0,차량단독 - 공작물충돌,안전운전불이행,건조,맑음,교차로 - 교차로안,승용,남,44세,경상,,,,
2015103100100794,2015년 10월 31일 23시,토요일,전라남도 목포시 상동,경상사고,0,0,4,0,차대차 - 추돌 - 주정차중,안전운전불이행,건조,맑음,교차로 - 교차로부근,승용,여,31세,상해없음,승용,남,27세,경상
2015110100100080,2015년 11월 1일 03시,일요일,전라남도 목포시 상동,경상사고,0,0,4,0,차대차 - 측면직각충돌,신호위반,건조,맑음,교차로 - 교차로안,승용,여,42세,상해없음,승용,남,51세,경상
2015110100100139,2015년 11월 1일 07시,일요일,전라남도 함평군 함평읍,사망사고,1,0,0,0,차량단독 - 공작물충돌,안전운전불이행,건조,맑음,단일로 - 기타,이륜,남,22세,사망,,,,
2015110100100153,2015년 11월 1일 08시,일요일,전라남도 화순군 능주면,경상사고,0,0,1,0,차대차 - 측면직각충돌,안전거리미확보,건조,맑음,단일로 - 기타,화물,남,63세,상해없음,승용,남,56세,경상
2015110100100166,2015년 11월 1일 09시,일요일,전라남도 광양시 진월면,경상사고,0,0,1,0,차대사람 - 기타,안전운전불이행,건조,흐림,기타 - 기타,화물,남,37세,상해없음,보행자,남,68세,경상
2015110100100194,2015년 11월 1일 10시,일요일,전라남도 강진군 마량면,경상사고,0,0,1,1,차대차 - 기타,중앙선침범,건조,맑음,단일로 - 기타,농기계,남,58세,부상신고,화물,남,63세,경상
2015110100100195,2015년 11월 1일 10시,일요일,전라남도 광양시 중동,경상사고,0,0,1,0,차대차 - 정면충돌,교차로운행방법위반,건조,맑음,교차로 - 교차로안,승용,남,29세,상해없음,이륜,남,22세,경상
2015110100100264,2015년 11월 1일 13시,일요일,전라남도 담양군 담양읍,중상사고,0,2,2,0,차대차 - 측면직각충돌,직진우회전진행방해,건조,흐림,교차로 - 교차로안,승용,여,45세,상해없음,화물,남,47세,경상
2015110100100315,2015년 11월 1일 15시,일요일,전라남도 순천시 교량동,경상사고,0,0,2,0,차량단독 - 기타,안전운전불이행,건조,맑음,단일로 - 기타,승합,남,50세,경상,,,,
2015110100100371,2015년 11월 1일 17시,일요일,전라남도 담양군 담양읍,사망사고,1,0,0,0,차대사람 - 기타,안전운전불이행,건조,맑음,교차로 - 교차로안,화물,남,65세,상해없음,보행자,남,83세,사망
2015110100100372,2015년 11월 1일 17시,일요일,전라남도 무안군 청계면,경상사고,0,0,4,0,차대차 - 추돌 - 진행중,안전운전불이행,건조,맑음,교차로 - 교차로부근,화물,남,64세,상해없음,승용,남,22세,경상
2015110100100412,2015년 11월 1일 18시,일요일,전라남도 화순군 화순읍,경상사고,0,0,1,0,차대사람 - 기타,안전운전불이행,건조,맑음,단일로 - 횡단보도상,승용,남,57세,상해없음,보행자,남,60세,경상
2015110100100453,2015년 11월 1일 19시,일요일,전라남도 여수시 여서동,중상사고,0,1,0,0,차량단독 - 도로외이탈 - 기타,기타,건조,맑음,단일로 - 기타,승합,남,48세,기타불명,,,,
2015110100100454,2015년 11월 1일 19시,일요일,전라남도 화순군 화순읍,중상사고,0,1,0,0,차대사람 - 기타,안전운전불이행,건조,맑음,기타 - 기타,승용,남,50세,상해없음,보행자,여,74세,중상
2015110100100481,2015년 11월 1일 20시,일요일,전라남도 목포시 죽교동,경상사고,0,0,1,0,차대차 - 추돌 - 진행중,안전운전불이행,건조,맑음,기타 - 기타,승용,남,51세,상해없음,승용,남,30세,경상
2015110100100505,2015년 11월 1일 21시,일요일,전라남도 목포시 대성동,경상사고,0,0,1,0,차대사람 - 기타,안전운전불이행,건조,맑음,단일로 - 기타,승용,남,72세,상해없음,보행자,여,75세,경상
2015110100100552,2015년 11월 1일 23시,일요일,전라남도 목포시 상동,경상사고,0,0,3,0,차대차 - 추돌 - 진행중,안전운전불이행,건조,맑음,교차로 - 교차로부근,승용,남,36세,상해없음,승용,남,28세,경상
2015110100100553,2015년 11월 1일 23시,일요일,전라남도 목포시 산정동,중상사고,0,1,0,0,차대차 - 측면직각충돌,안전운전불이행,건조,맑음,교차로 - 교차로안,승용,남,22세,상해없음,승용,여,42세,중상
2015110200100032,2015년 11월 2일 04시,월요일,전라남도 나주시 왕곡면,부상신고사고,0,0,0,1,차량단독 - 공작물충돌,안전운전불이행,건조,맑음,교차로 - 교차로부근,화물,남,18세,부상신고,,,,
2015110200100088,2015년 11월 2일 07시,월요일,전라남도 신안군 장산면,경상사고,0,0,1,0,차대차 - 측면직각충돌,안전운전불이행,건조,맑음,기타 - 기타,화물,남,39세,상해없음,이륜,남,69세,경상
2015110200100089,2015년 11월 2일 07시,월요일,전라남도 무안군 삼향읍,경상사고,0,0,1,0,차대차 - 추돌 - 진행중,안전거리미확보,건조,맑음,교차로 - 교차로안,화물,남,38세,상해없음,승용,남,27세,경상
2015110200100125,2015년 11월 2일 08시,월요일,전라남도 순천시 연향동,경상사고,0,0,1,0,차대차 - 기타,신호위반,건조,맑음,교차로 - 교차로안,승용,남,71세,상해없음,승용,여,62세,경상
2015110200100126,2015년 11월 2일 08시,월요일,전라남도 강진군 군동면,중상사고,0,1,0,0,차대차 - 측면직각충돌,기타,건조,맑음,교차로 - 교차로안,화물,남,75세,상해없음,이륜,남,73세,중상
2015110200100163,2015년 11월 2일 09시,월요일,전라남도 순천시 덕월동,중상사고,0,2,0,0,차대차 - 기타,직진우회전진행방해,건조,맑음,교차로 - 교차로안,승용,남,68세,상해없음,원동기,남,71세,중상
2015110200100164,2015년 11월 2일 09시,월요일,전라남도 영암군 군서면,사망사고,1,0,0,0,차대차 - 기타,안전운전불이행,건조,맑음,단일로 - 기타,화물,남,74세,상해없음,이륜,남,71세,사망
2015110200100193,2015년 11월 2일 10시,월요일,전라남도 목포시 산정동,경상사고,0,0,2,1,차대차 - 측면직각충돌,안전운전불이행,건조,맑음,단일로 - 기타,화물,남,57세,부상신고,승용,남,52세,경상
2015110200100194,2015년 11월 2일 10시,월요일,전라남도 여수시 웅천동,경상사고,0,0,1,0,차대차 - 추돌 - 주정차중,안전운전불이행,건조,맑음,단일로 - 기타,승용,남,36세,상해없음,승용,남,48세,경상
2015110200100195,2015년 11월 2일 10시,월요일,전라남도 여수시 관문동,중상사고,0,1,0,0,차량단독 - 공작물충돌,안전운전불이행,건조,맑음,교차로 - 교차로부근,승합,기타불명,기타불명,기타불명,,,,
2015110200100196,2015년 11월 2일 10시,월요일,전라남도 순천시 조례동,경상사고,0,0,1,0,차대차 - 기타,교차로운행방법위반,건조,맑음,교차로 - 교차로안,승용,남,60세,상해없음,승합,남,55세,상해없음
2015110200100197,2015년 11월 2일 10시,월요일,전라남도 나주시 삼영동,경상사고,0,0,1,0,차대차 - 추돌 - 주정차중,안전운전불이행,건조,맑음,기타 - 기타,승용,여,55세,상해없음,승용,여,31세,경상
2015110200100229,2015년 11월 2일 11시,월요일,전라남도 무안군 몽탄면,경상사고,0,0,1,0,차대차 - 정면충돌,안전운전불이행,건조,맑음,단일로 - 기타,화물,남,73세,상해없음,승용,남,65세,경상
2015110200100230,2015년 11월 2일 11시,월요일,전라남도 광양시 중동,경상사고,0,0,1,0,차대차 - 추돌 - 주정차중,안전운전불이행,건조,맑음,기타 - 기타,승용,남,69세,상해없음,승용,남,43세,경상
2015110200100251,2015년 11월 2일 12시,월요일,전라남도 여수시 화정면,중상사고,0,1,1,0,차량단독 - 도로외이탈 - 기타,안전운전불이행,건조,맑음,단일로 - 기타,이륜,남,77세,상해없음,,,,
2015110200100252,2015년 11월 2일 12시,월요일,전라남도 영암군 삼호읍,경상사고,0,0,1,0,차대차 - 기타,안전운전불이행,건조,맑음,단일로 - 기타,화물,남,56세,상해없음,승합,남,33세,경상
2015110200100253,2015년 11월 2일 12시,월요일,전라남도 진도군 진도읍,경상사고,0,0,1,0,차대사람 - 기타,안전운전불이행,건조,맑음,단일로 - 기타,승용,남,75세,상해없음,보행자,남,2세,경상
2015110200100353,2015년 11월 2일 15시,월요일,전라남도 목포시 상동,중상사고,0,1,5,0,차대차 - 추돌 - 진행중,안전운전불이행,건조,맑음,단일로 - 횡단보도부근,승용,여,45세,경상,승용,남,53세,경상
2015110200100354,2015년 11월 2일 15시,월요일,전라남도 보성군 복내면,중상사고,0,2,0,0,차대차 - 정면충돌,중앙선침범,건조,맑음,단일로 - 기타,승용,여,56세,중상,승용,남,39세,중상
2015110200100355,2015년 11월 2일 15시,월요일,전라남도 담양군 대전면,경상사고,0,0,1,0,차량단독 - 공작물충돌,안전운전불이행,건조,맑음,교차로 - 교차로안,승용,여,52세,상해없음,,,,
2015110200100356,2015년 11월 2일 15시,월요일,전라남도 무안군 운남면,중상사고,0,1,0,0,차대사람 - 기타,안전운전불이행,건조,맑음,단일로 - 기타,화물,남,49세,상해없음,보행자,여,56세,중상
2015110200100357,2015년 11월 2일 15시,월요일,전라남도 광양시 다압면,경상사고,0,0,2,0,차량단독 - 공작물충돌,안전운전불이행,건조,맑음,단일로 - 기타,승용,남,77세,경상,,,,
2015110200100426,2015년 11월 2일 17시,월요일,전라남도 순천시 해룡면,경상사고,0,0,1,0,차대차 - 기타,안전운전불이행,건조,맑음,교차로 - 교차로부근,화물,남,70세,상해없음,화물,여,48세,경상
2015110200100427,2015년 11월 2일 17시,월요일,전라남도 영광군 백수읍,사망사고,1,1,2,0,차대차 - 기타,안전운전불이행,건조,맑음,교차로 - 교차로안,화물,남,41세,경상,승용,여,49세,경상
2015110200100489,2015년 11월 2일 18시,월요일,전라남도 여수시 둔덕동,경상사고,0,0,1,0,차대사람 - 길가장자리구역통행중,안전운전불이행,건조,맑음,단일로 - 기타,기타불명,기타불명,기타불명,기타불명,보행자,남,35세,경상
2015110200100490,2015년 11월 2일 18시,월요일,전라남도 영광군 영광읍,중상사고,0,1,0,0,차대사람 - 횡단중,안전운전불이행,건조,기타,교차로 - 교차로안,이륜,남,18세,상해없음,보행자,여,49세,중상
2015110200100592,2015년 11월 2일 20시,월요일,전라남도 순천시 석현동,경상사고,0,0,1,0,차대사람 - 횡단중,안전운전불이행,건조,맑음,단일로 - 기타,승용,여,23세,상해없음,보행자,남,13세,경상
2015110200100593,2015년 11월 2일 20시,월요일,전라남도 장성군 진원면,경상사고,0,0,2,0,차대차 - 측면직각충돌,안전운전불이행,건조,맑음,단일로 - 터널,승용,남,60세,상해없음,승용,남,38세,경상
2015110200100629,2015년 11월 2일 21시,월요일,전라남도 구례군 구례읍,경상사고,0,0,1,0,차대차 - 기타,안전운전불이행,건조,맑음,단일로 - 기타,승용,남,37세,상해없음,승용,남,34세,경상
2015110300100017,2015년 11월 3일 00시,화요일,전라남도 목포시 용해동,경상사고,0,0,1,0,차대차 - 추돌 - 진행중,안전운전불이행,습기,흐림,교차로 - 교차로안,승용,남,27세,상해없음,승용,남,42세,경상
2015110300100076,2015년 11월 3일 06시,화요일,전라남도 목포시 용해동,경상사고,0,0,1,0,차대사람 - 횡단중,보행자보호의무위반,습기,안개,단일로 - 횡단보도상,승용,남,63세,상해없음,보행자,남,61세,경상
2015110300100096,2015년 11월 3일 07시,화요일,전라남도 여수시 소라면,경상사고,0,0,1,0,차대차 - 측면직각충돌,안전운전불이행,건조,맑음,단일로 - 교량,승용,남,24세,상해없음,승용,남,39세,경상
2015110300100097,2015년 11월 3일 07시,화요일,전라남도 구례군 산동면,경상사고,0,0,1,0,차대차 - 기타,중앙선침범,건조,맑음,단일로 - 기타,승합,남,58세,상해없음,이륜,남,45세,경상
2015110300100148,2015년 11월 3일 08시,화요일,전라남도 목포시 용해동,경상사고,0,0,2,0,차대차 - 추돌 - 진행중,안전운전불이행,건조,맑음,교차로 - 교차로안,승용,남,39세,경상,승용,여,50세,경상
2015110300100149,2015년 11월 3일 08시,화요일,전라남도 보성군 벌교읍,경상사고,0,0,1,0,차대사람 - 횡단중,안전운전불이행,건조,맑음,단일로 - 기타,승용,여,59세,상해없음,보행자,여,78세,경상
2015110300100150,2015년 11월 3일 08시,화요일,전라남도 영암군 삼호읍,경상사고,0,0,1,0,차대차 - 추돌 - 진행중,안전운전불이행,습기,안개,단일로 - 기타,승용,남,53세,기타불명,승용,여,38세,경상
2015110300100151,2015년 11월 3일 08시,화요일,전라남도 완도군 고금면,중상사고,0,1,0,0,차대사람 - 차도통행중,안전운전불이행,건조,맑음,교차로 - 교차로부근,승용,남,69세,상해없음,보행자,남,59세,중상
2015110300100226,2015년 11월 3일 10시,화요일,전라남도 순천시 서면,중상사고,0,1,0,0,차대차 - 기타,안전운전불이행,건조,맑음,단일로 - 기타,화물,남,40세,상해없음,이륜,남,60세,중상
2015110300100227,2015년 11월 3일 10시,화요일,전라남도 광양시 광양읍,중상사고,0,1,0,0,차대차 - 기타,안전운전불이행,건조,맑음,단일로 - 기타,승용,여,33세,상해없음,이륜,여,67세,중상
2015110300100293,2015년 11월 3일 12시,화요일,전라남도 장성군 장성읍,경상사고,0,0,1,0,차대차 - 측면직각충돌,신호위반,건조,맑음,교차로 - 교차로안,승용,남,32세,상해없음,특수,남,35세,경상
2015110300100312,2015년 11월 3일 13시,화요일,전라남도 나주시 삼도동,경상사고,0,0,1,0,차대차 - 기타,중앙선침범,건조,맑음,단일로 - 기타,원동기,남,78세,경상,화물,남,72세,상해없음
2015110300100356,2015년 11월 3일 14시,화요일,전라남도 여수시 돌산읍,사망사고,1,0,0,0,차량단독 - 전도전복,안전운전불이행,건조,맑음,교차로 - 교차로안,농기계,남,70세,사망,,,,
2015110300100357,2015년 11월 3일 14시,화요일,전라남도 장흥군 용산면,중상사고,0,1,0,0,차대차 - 측면직각충돌,안전운전불이행,건조,맑음,단일로 - 기타,농기계,남,77세,중상,화물,남,43세,상해없음
2015110300100358,2015년 11월 3일 14시,화요일,전라남도 해남군 화산면,부상신고사고,0,0,0,1,차대차 - 기타,안전운전불이행,건조,맑음,단일로 - 기타,화물,남,64세,부상신고,화물,남,52세,기타불명
2015110300100380,2015년 11월 3일 15시,화요일,전라남도 여수시 신기동,경상사고,0,0,1,0,차대사람 - 횡단중,보행자보호의무위반,건조,맑음,단일로 - 횡단보도상,승용,남,30세,상해없음,보행자,남,8세,경상
2015110300100381,2015년 11월 3일 15시,화요일,전라남도 함평군 대동면,경상사고,0,0,2,0,차대차 - 기타,신호위반,건조,맑음,교차로 - 교차로안,승용,남,34세,상해없음,승용,남,74세,경상
2015110300100463,2015년 11월 3일 17시,화요일,전라남도 순천시 해룡면,부상신고사고,0,0,0,1,차대차 - 기타,안전운전불이행,건조,맑음,단일로 - 기타,기타불명,기타불명,기타불명,기타불명,승용,남,31세,상해없음
2015110300100527,2015년 11월 3일 18시,화요일,전라남도 순천시 해룡면,경상사고,0,0,1,0,차대차 - 기타,교차로운행방법위반,건조,맑음,교차로 - 교차로안,승용,남,55세,상해없음,자전거,남,13세,경상
2015110300100528,2015년 11월 3일 18시,화요일,전라남도 영암군 삼호읍,경상사고,0,0,2,0,차대차 - 추돌 - 진행중,안전운전불이행,건조,맑음,교차로 - 교차로부근,화물,남,54세,상해없음,화물,남,38세,경상
2015110300100563,2015년 11월 3일 19시,화요일,전라남도 여수시 율촌면,중상사고,0,1,0,0,차대차 - 추돌 - 진행중,차로위반,건조,맑음,단일로 - 기타,화물,남,45세,상해없음,이륜,남,33세,중상
2015110300100593,2015년 11월 3일 20시,화요일,전라남도 목포시 상동,경상사고,0,0,1,0,차대차 - 측면직각충돌,안전운전불이행,건조,맑음,단일로 - 기타,승용,남,22세,상해없음,승용,남,46세,경상
2015110300100594,2015년 11월 3일 20시,화요일,전라남도 순천시 연향동,경상사고,0,0,1,0,차대차 - 추돌 - 진행중,안전운전불이행,건조,맑음,단일로 - 기타,승용,남,41세,상해없음,승용,남,48세,경상
2015110300100595,2015년 11월 3일 20시,화요일,전라남도 순천시 오천동,경상사고,0,0,2,0,차대차 - 측면직각충돌,교차로운행방법위반,건조,맑음,교차로 - 교차로안,승용,여,33세,상해없음,승용,남,24세,경상
2015110300100624,2015년 11월 3일 21시,화요일,전라남도 목포시 석현동,경상사고,0,0,1,0,차대사람 - 횡단중,안전운전불이행,건조,맑음,단일로 - 기타,승용,남,34세,상해없음,보행자,남,49세,경상
2015110300100660,2015년 11월 3일 22시,화요일,전라남도 순천시 장천동,경상사고,0,0,1,0,차대차 - 추돌 - 진행중,안전운전불이행,건조,맑음,교차로 - 교차로부근,승용,남,29세,상해없음,승용,여,44세,경상
2015110300100661,2015년 11월 3일 22시,화요일,전라남도 광양시 옥룡면,중상사고,0,1,1,0,차대차 - 기타,중앙선침범,건조,맑음,단일로 - 기타,화물,남,43세,중상,화물,남,56세,경상
2015110300100690,2015년 11월 3일 23시,화요일,전라남도 순천시 연향동,부상신고사고,0,0,0,1,차대차 - 기타,신호위반,건조,맑음,교차로 - 교차로안,승합,남,22세,부상신고,승용,남,49세,상해없음
2015110300100691,2015년 11월 3일 23시,화요일,전라남도 장성군 장성읍,중상사고,0,2,0,0,차대차 - 정면충돌,중앙선침범,건조,맑음,단일로 - 기타,승용,여,40세,상해없음,승용,남,41세,중상
2015110400100096,2015년 11월 4일 06시,수요일,전라남도 나주시 다도면,경상사고,0,0,1,0,차대차 - 기타,안전운전불이행,기타,안개,교차로 - 교차로부근,건설기계,남,42세,상해없음,농기계,남,73세,경상
2015110400100125,2015년 11월 4일 07시,수요일,전라남도 목포시 죽교동,경상사고,0,0,1,0,차대차 - 추돌 - 진행중,안전거리미확보,건조,맑음,단일로 - 기타,승용,여,25세,상해없음,승용,남,24세,경상
2015110400100158,2015년 11월 4일 08시,수요일,전라남도 곡성군 옥과면,중상사고,0,1,0,0,차대차 - 정면충돌,중앙선침범,습기,안개,교차로 - 교차로부근,승용,여,39세,상해없음,원동기,남,75세,중상
2015110400100159,2015년 11월 4일 08시,수요일,전라남도 무안군 무안읍,중상사고,0,1,1,0,차대차 - 측면직각충돌,직진우회전진행방해,건조,맑음,교차로 - 교차로안,승용,남,75세,상해없음,승용,여,46세,중상
2015110400100203,2015년 11월 4일 09시,수요일,전라남도 해남군 삼산면,경상사고,0,0,1,0,차대차 - 기타,안전운전불이행,건조,맑음,단일로 - 기타,기타불명,기타불명,기타불명,기타불명,승용,남,44세,경상
2015110400100240,2015년 11월 4일 10시,수요일,전라남도 신안군 압해읍,경상사고,0,0,1,0,차대차 - 기타,안전운전불이행,건조,맑음,단일로 - 기타,승용,남,52세,상해없음,화물,남,63세,경상
2015110400100241,2015년 11월 4일 10시,수요일,전라남도 여수시 교동,경상사고,0,0,5,0,차대차 - 측면직각충돌,교차로운행방법위반,건조,맑음,교차로 - 교차로안,승용,남,65세,경상,승용,남,70세,상해없음
2015110400100242,2015년 11월 4일 10시,수요일,전라남도 해남군 북일면,경상사고,0,0,2,0,차대차 - 측면직각충돌,직진우회전진행방해,건조,맑음,교차로 - 교차로안,승용,여,39세,상해없음,화물,남,55세,경상
2015110400100280,2015년 11월 4일 11시,수요일,전라남도 담양군 금성면,경상사고,0,0,3,0,차대차 - 추돌 - 진행중,안전운전불이행,건조,맑음,단일로 - 교량,화물,남,70세,상해없음,승용,여,37세,경상
2015110400100343,2015년 11월 4일 13시,수요일,전라남도 담양군 금성면,경상사고,0,0,5,0,차대차 - 추돌 - 진행중,안전운전불이행,건조,맑음,교차로 - 교차로부근,승합,남,37세,상해없음,화물,남,53세,경상
2015110400100344,2015년 11월 4일 13시,수요일,전라남도 광양시 광양읍,경상사고,0,0,1,0,차대차 - 측면직각충돌,중앙선침범,건조,맑음,단일로 - 기타,승용,남,63세,상해없음,승용,여,55세,경상
2015110400100382,2015년 11월 4일 14시,수요일,전라남도 영광군 불갑면,경상사고,0,0,1,0,차량단독 - 전도전복,안전운전불이행,건조,맑음,단일로 - 기타,승용,남,64세,경상,,,,
2015110400100415,2015년 11월 4일 15시,수요일,전라남도 화순군 화순읍,중상사고,0,1,0,0,차대사람 - 횡단중,안전운전불이행,건조,맑음,교차로 - 교차로안,화물,남,44세,상해없음,보행자,여,80세,중상
2015110400100451,2015년 11월 4일 16시,수요일,전라남도 순천시 동외동,중상사고,0,1,1,0,차대차 - 기타,직진우회전진행방해,건조,맑음,교차로 - 교차로안,승용,남,65세,상해없음,화물,남,42세,중상
2015110400100562,2015년 11월 4일 18시,수요일,전라남도 나주시 산포면,경상사고,0,0,1,0,차대차 - 추돌 - 진행중,안전운전불이행,건조,맑음,단일로 - 기타,승합,남,42세,경상,승용,남,57세,상해없음
2015110400100563,2015년 11월 4일 18시,수요일,전라남도 해남군 해남읍,경상사고,0,0,1,0,차량단독 - 기타,안전운전불이행,건조,맑음,단일로 - 기타,승용,남,62세,경상,,,,
2015110400100616,2015년 11월 4일 19시,수요일,전라남도 여수시 소호동,경상사고,0,0,2,0,차대차 - 측면직각충돌,신호위반,건조,맑음,교차로 - 교차로안,승용,남,29세,상해없음,승용,남,56세,경상
2015110400100617,2015년 11월 4일 19시,수요일,전라남도 나주시 빛가람동,중상사고,0,1,0,0,차대차 - 측면직각충돌,직진우회전진행방해,건조,맑음,교차로 - 교차로안,승용,남,19세,중상,승용,남,36세,상해없음
2015110400100678,2015년 11월 4일 21시,수요일,전라남도 무안군 삼향읍,경상사고,0,0,1,0,차대차 - 기타,안전운전불이행,건조,맑음,교차로 - 교차로안,승용,남,43세,상해없음,자전거,남,16세,경상
2015110400100735,2015년 11월 4일 23시,수요일,전라남도 목포시 상동,중상사고,0,1,0,0,차대사람 - 횡단중,안전운전불이행,기타,기타,단일로 - 횡단보도부근,승용,남,44세,상해없음,보행자,남,60세,중상
2015110400100736,2015년 11월 4일 23시,수요일,전라남도 해남군 해남읍,경상사고,0,0,2,0,차대차 - 기타,신호위반,건조,맑음,교차로 - 교차로안,승용,남,52세,상해없음,승용,여,46세,경상
2015110400100737,2015년 11월 4일 23시,수요일,전라남도 광양시 중동,경상사고,0,0,1,0,차대사람 - 기타,안전운전불이행,건조,맑음,교차로 - 교차로부근,승용,남,46세,상해없음,보행자,남,37세,경상
2015110500100059,2015년 11월 5일 05시,목요일,전라남도 순천시 해룡면,사망사고,1,0,1,0,차대차 - 측면직각충돌,직진우회전진행방해,건조,맑음,교차로 - 교차로안,승용,남,32세,경상,승용,남,33세,사망
2015110500100093,2015년 11월 5일 07시,목요일,전라남도 영암군 삼호읍,경상사고,0,0,1,0,차대차 - 기타,안전운전불이행,건조,맑음,교차로 - 교차로부근,이륜,남,34세,경상,승용,남,61세,상해없음
2015110500100190,2015년 11월 5일 10시,목요일,전라남도 나주시 성북동,경상사고,0,0,1,0,차대사람 - 횡단중,안전운전불이행,건조,맑음,단일로 - 기타,승용,남,48세,상해없음,보행자,여,80세,경상
2015110500100228,2015년 11월 5일 11시,목요일,전라남도 순천시 조곡동,경상사고,0,0,2,0,차대차 - 기타,안전운전불이행,건조,맑음,교차로 - 교차로부근,건설기계,남,49세,상해없음,승용,여,51세,경상
2015110500100249,2015년 11월 5일 12시,목요일,전라남도 나주시 빛가람동,경상사고,0,0,1,0,차대차 - 기타,안전운전불이행,건조,맑음,단일로 - 기타,원동기,남,55세,경상,승용,남,56세,상해없음