사고번호,사고일시,요일,시군구,사고내용,사망자수,중상자수,경상자수,부상신고자수,사고유형,법규위반,노면상태,기상상태,도로형태,가해운전자 차종,가해운전자 성별,가해운전자 연령,가해운전자 상해정도,피해운전자 차종,피해운전자 성별,피해운전자 연령,피해운전자 상해정도
2015110500100279,2015년 11월 5일 13시,목요일,전라남도 보성군 미력면,중상사고,0,2,1,0,차량단독 - 전도전복,안전운전불이행,건조,맑음,단일로 - 기타,화물,남,38세,경상,,,,
2015110500100280,2015년 11월 5일 13시,목요일,전라남도 순천시 승주읍,경상사고,0,0,1,0,차대차 - 측면직각충돌,차로위반,건조,맑음,단일로 - 터널,특수,남,53세,상해없음,승용,여,27세,경상
2015110500100345,2015년 11월 5일 15시,목요일,전라남도 구례군 구례읍,중상사고,0,1,0,0,차대차 - 추돌 - 진행중,직진우회전진행방해,건조,맑음,교차로 - 교차로안,승용,여,57세,상해없음,자전거,남,85세,중상
2015110500100387,2015년 11월 5일 16시,목요일,전라남도 목포시 산정동,중상사고,0,1,3,0,차대차 - 기타,교차로운행방법위반,건조,맑음,교차로 - 교차로안,승용,남,63세,경상,승용,남,50세,경상
2015110500100432,2015년 11월 5일 17시,목요일,전라남도 화순군 도암면,경상사고,0,0,2,0,차대차 - 추돌 - 진행중,안전운전불이행,건조,맑음,교차로 - 교차로부근,화물,남,73세,상해없음,이륜,남,66세,경상
2015110500100482,2015년 11월 5일 18시,목요일,전라남도 목포시 석현동,경상사고,0,0,1,0,차대차 - 추돌 - 진행중,안전운전불이행,건조,맑음,교차로 - 교차로부근,승용,남,59세,상해없음,이륜,남,19세,경상
2015110500100483,2015년 11월 5일 18시,목요일,전라남도 목포시 산정동,경상사고,0,0,1,0,차대차 - 추돌 - 주정차중,안전운전불이행,건조,맑음,기타 - 기타,승용,남,52세,상해없음,승용,남,55세,경상
2015110500100484,2015년 11월 5일 18시,목요일,전라남도 고흥군 점암면,중상사고,0,1,0,0,차대차 - 추돌 - 진행중,안전운전불이행,건조,맑음,단일로 - 기타,화물,남,58세,중상,화물,남,35세,상해없음
2015110500100531,2015년 11월 5일 19시,목요일,전라남도 목포시 용해동,경상사고,0,0,1,0,차대차 - 측면직각충돌,안전운전불이행,건조,맑음,교차로 - 교차로안,이륜,남,21세,경상,승용,남,54세,상해없음
2015110500100532,2015년 11월 5일 19시,목요일,전라남도 영암군 삼호읍,경상사고,0,0,1,0,차대차 - 추돌 - 진행중,안전운전불이행,건조,맑음,교차로 - 교차로안,승용,여,52세,상해없음,자전거,여,52세,경상
2015110500100605,2015년 11월 5일 21시,목요일,전라남도 완도군 완도읍,경상사고,0,0,2,0,차대차 - 추돌 - 주정차중,안전운전불이행,건조,맑음,단일로 - 기타,승용,남,16세,상해없음,승용,여,35세,경상
2015110500100606,2015년 11월 5일 21시,목요일,전라남도 광양시 광양읍,중상사고,0,1,0,0,차대차 - 측면직각충돌,교차로운행방법위반,건조,맑음,교차로 - 교차로부근,승용,남,54세,상해없음,승용,여,54세,중상
2015110500100607,2015년 11월 5일 21시,목요일,전라남도 광양시 중동,경상사고,0,0,1,0,차대차 - 측면직각충돌,안전운전불이행,건조,맑음,교차로 - 교차로부근,화물,남,58세,상해없음,승용,남,48세,경상
2015110500100666,2015년 11월 5일 23시,목요일,전라남도 목포시 옥암동,경상사고,0,0,2,0,차대차 - 측면직각충돌,안전운전불이행,건조,맑음,기타 - 기타,승용,여,48세,경상,이륜,남,17세,경상
2015110600100024,2015년 11월 6일 01시,금요일,전라남도 목포시 용해동,경상사고,0,0,1,0,차대차 - 기타,차로위반,건조,맑음,단일로 - 기타,승용,남,34세,상해없음,승용,남,62세,경상
2015110600100037,2015년 11월 6일 02시,금요일,전라남도 무안군 삼향읍,경상사고,0,0,2,0,차대차 - 추돌 - 진행중,안전운전불이행,건조,맑음,교차로 - 교차로부근,승용,남,29세,상해없음,승용,남,30세,경상
2015110600100047,2015년 11월 6일 03시,금요일,전라남도 목포시 서산동,중상사고,0,2,0,0,차대차 - 추돌 - 주정차중,안전운전불이행,건조,맑음,교차로 - 교차로부근,이륜,남,20세,중상,승용,남,73세,상해없음
2015110600100102,2015년 11월 6일 07시,금요일,전라남도 순천시 조곡동,경상사고,0,0,1,0,차대차 - 기타,안전운전불이행,건조,맑음,교차로 - 교차로안,승용,남,65세,상해없음,승용,남,60세,경상
2015110600100103,2015년 11월 6일 07시,금요일,전라남도 나주시 이창동,경상사고,0,0,1,1,차대차 - 측면직각충돌,신호위반,건조,맑음,교차로 - 교차로안,승용,남,78세,부상신고,화물,남,41세,경상
2015110600100104,2015년 11월 6일 07시,금요일,전라남도 완도군 금일읍,경상사고,0,0,1,0,차대차 - 측면직각충돌,중앙선침범,건조,맑음,단일로 - 기타,화물,남,60세,상해없음,화물,남,64세,경상
2015110600100142,2015년 11월 6일 08시,금요일,전라남도 화순군 화순읍,경상사고,0,0,1,0,차대차 - 기타,안전운전불이행,건조,맑음,단일로 - 기타,승용,남,61세,상해없음,승용,남,73세,경상
2015110600100169,2015년 11월 6일 09시,금요일,전라남도 여수시 여서동,경상사고,0,0,2,0,차대사람 - 길가장자리구역통행중,안전운전불이행,건조,맑음,교차로 - 교차로부근,승용,남,40세,상해없음,보행자,여,45세,경상
2015110600100170,2015년 11월 6일 09시,금요일,전라남도 여수시 연등동,중상사고,0,1,0,0,차대차 - 추돌 - 주정차중,안전운전불이행,건조,맑음,교차로 - 교차로부근,승용,여,53세,상해없음,승용,여,51세,중상
2015110600100171,2015년 11월 6일 09시,금요일,전라남도 나주시 중앙동,경상사고,0,0,1,0,차대사람 - 기타,안전운전불이행,건조,맑음,단일로 - 기타,승합,남,34세,상해없음,보행자,남,53세,경상
2015110600100172,2015년 11월 6일 09시,금요일,전라남도 완도군 완도읍,부상신고사고,0,0,0,1,차대차 - 측면직각충돌,안전운전불이행,건조,맑음,교차로 - 교차로안,이륜,남,72세,부상신고,승용,남,56세,상해없음
2015110600100173,2015년 11월 6일 09시,금요일,전라남도 광양시 광양읍,경상사고,0,0,2,0,차대차 - 측면직각충돌,직진우회전진행방해,건조,흐림,교차로 - 교차로안,승용,남,72세,경상,승용,남,43세,경상
2015110600100229,2015년 11월 6일 11시,금요일,전라남도 완도군 보길면,중상사고,0,2,4,0,차대차 - 측면직각충돌,중앙선침범,건조,맑음,단일로 - 기타,승용,남,74세,중상,승합,남,54세,경상
2015110600100230,2015년 11월 6일 11시,금요일,전라남도 광양시 중동,경상사고,0,0,2,0,차대차 - 측면직각충돌,교차로운행방법위반,건조,맑음,교차로 - 교차로부근,승용,남,53세,상해없음,승용,남,26세,경상
2015110600100231,2015년 11월 6일 11시,금요일,전라남도 구례군 용방면,중상사고,0,1,0,0,차량단독 - 도로외이탈 - 추락,안전운전불이행,건조,맑음,단일로 - 기타,이륜,남,75세,중상,,,,
2015110600100248,2015년 11월 6일 12시,금요일,전라남도 순천시 낙안면,경상사고,0,0,1,0,차대차 - 정면충돌,안전운전불이행,건조,맑음,교차로 - 교차로안,승용,여,50세,상해없음,이륜,여,57세,경상
2015110600100271,2015년 11월 6일 13시,금요일,전라남도 순천시 장천동,중상사고,0,1,1,0,차대차 - 기타,신호위반,건조,맑음,교차로 - 교차로안,승용,여,47세,상해없음,승합,여,44세,상해없음
2015110600100272,2015년 11월 6일 13시,금요일,전라남도 강진군 군동면,경상사고,0,0,1,0,차대차 - 기타,신호위반,건조,맑음,교차로 - 교차로안,승용,여,36세,상해없음,승용,여,34세,경상
2015110600100376,2015년 11월 6일 16시,금요일,전라남도 광양시 광영동,중상사고,0,1,0,0,차대사람 - 기타,안전운전불이행,건조,맑음,교차로 - 교차로부근,기타불명,기타불명,기타불명,기타불명,보행자,남,14세,중상
2015110600100421,2015년 11월 6일 17시,금요일,전라남도 목포시 산정동,경상사고,0,0,1,0,차대사람 - 차도통행중,안전운전불이행,습기,비,단일로 - 기타,승용,남,66세,상해없음,보행자,여,55세,경상
2015110600100422,2015년 11월 6일 17시,금요일,전라남도 여수시 신기동,경상사고,0,0,1,0,차대차 - 추돌 - 진행중,안전운전불이행,습기,비,단일로 - 기타,승용,남,62세,상해없음,원동기,남,33세,경상
2015110600100423,2015년 11월 6일 17시,금요일,전라남도 곡성군 석곡면,중상사고,0,1,0,0,차대차 - 추돌 - 진행중,안전운전불이행,건조,맑음,단일로 - 기타,승용,남,33세,상해없음,자전거,남,75세,중상
2015110600100424,2015년 11월 6일 17시,금요일,전라남도 광양시 황길동,경상사고,0,0,2,0,차대차 - 측면직각충돌,직진우회전진행방해,건조,맑음,교차로 - 교차로안,승용,남,49세,경상,승용,남,38세,경상
2015110600100425,2015년 11월 6일 17시,금요일,전라남도 광양시 중동,경상사고,0,0,2,0,차대차 - 기타,기타,건조,맑음,단일로 - 기타,승용,여,43세,상해없음,승용,여,42세,경상
2015110600100503,2015년 11월 6일 18시,금요일,전라남도 여수시 여서동,경상사고,0,0,1,0,차대사람 - 횡단중,보행자보호의무위반,습기,비,단일로 - 횡단보도상,승용,남,45세,상해없음,보행자,여,15세,경상
2015110600100504,2015년 11월 6일 18시,금요일,전라남도 나주시 금천면,경상사고,0,0,5,0,차대차 - 추돌 - 진행중,안전거리미확보,습기,비,단일로 - 기타,승용,남,64세,경상,승용,남,39세,경상
2015110600100505,2015년 11월 6일 18시,금요일,전라남도 영암군 삼호읍,경상사고,0,0,1,0,차대차 - 측면직각충돌,직진우회전진행방해,습기,비,교차로 - 교차로안,승용,여,55세,상해없음,자전거,남,23세,경상
2015110600100506,2015년 11월 6일 18시,금요일,전라남도 완도군 군외면,중상사고,0,1,0,0,차대차 - 기타,안전운전불이행,습기,비,단일로 - 기타,승용,남,65세,상해없음,농기계,남,62세,중상
2015110600100508,2015년 11월 6일 18시,금요일,전라남도 광양시 금호동,경상사고,0,0,1,0,차대차 - 측면직각충돌,교차로운행방법위반,습기,비,교차로 - 교차로안,원동기,남,19세,경상,승용,남,36세,상해없음
2015110600100588,2015년 11월 6일 19시,금요일,전라남도 여수시 덕충동,경상사고,0,0,1,0,차대차 - 정면충돌,안전운전불이행,습기,비,단일로 - 기타,화물,남,45세,상해없음,승용,여,36세,경상
2015110600100652,2015년 11월 6일 20시,금요일,전라남도 여수시 공화동,중상사고,0,1,0,0,차대사람 - 횡단중,보행자보호의무위반,습기,비,단일로 - 횡단보도상,승용,남,19세,상해없음,보행자,여,57세,중상
2015110600100727,2015년 11월 6일 21시,금요일,전라남도 여수시 화양면,경상사고,0,0,2,0,차대차 - 정면충돌,중앙선침범,습기,비,단일로 - 기타,승용,남,51세,경상,화물,남,65세,경상
2015110600100728,2015년 11월 6일 21시,금요일,전라남도 순천시 풍덕동,경상사고,0,0,2,0,차대차 - 기타,교차로운행방법위반,건조,맑음,교차로 - 교차로안,승용,남,49세,경상,승용,남,30세,경상
2015110600100811,2015년 11월 6일 22시,금요일,전라남도 여수시 선원동,경상사고,0,0,1,0,차대차 - 측면직각충돌,중앙선침범,습기,비,단일로 - 기타,화물,남,51세,상해없음,승용,여,42세,경상
2015110600100883,2015년 11월 6일 23시,금요일,전라남도 함평군 함평읍,경상사고,0,0,3,0,차대차 - 측면직각충돌,신호위반,습기,비,교차로 - 교차로안,화물,여,42세,경상,승용,남,45세,경상
2015110700100037,2015년 11월 7일 00시,토요일,전라남도 무안군 삼향읍,경상사고,0,0,1,0,차대차 - 추돌 - 진행중,안전운전불이행,습기,비,교차로 - 교차로안,이륜,남,17세,경상,이륜,남,16세,상해없음
2015110700100180,2015년 11월 7일 05시,토요일,전라남도 광양시 중동,부상신고사고,0,0,0,1,차대차 - 기타,안전운전불이행,습기,흐림,기타 - 기타,이륜,남,30세,부상신고,승용,남,27세,기타불명
2015110700100220,2015년 11월 7일 07시,토요일,전라남도 목포시 상동,경상사고,0,0,4,0,차대차 - 기타,안전운전불이행,습기,비,단일로 - 기타,승용,남,22세,상해없음,승용,남,32세,기타불명
2015110700100221,2015년 11월 7일 07시,토요일,전라남도 해남군 황산면,경상사고,0,0,1,1,차대차 - 측면직각충돌,안전운전불이행,습기,비,교차로 - 교차로안,화물,남,56세,부상신고,승용,남,54세,경상
2015110700100222,2015년 11월 7일 07시,토요일,전라남도 무안군 무안읍,중상사고,0,1,0,0,차대사람 - 횡단중,안전운전불이행,습기,비,단일로 - 기타,승용,남,72세,상해없음,보행자,여,61세,중상
2015110700100240,2015년 11월 7일 08시,토요일,전라남도 여수시 돌산읍,경상사고,0,0,5,0,차대차 - 측면직각충돌,신호위반,습기,비,교차로 - 교차로안,화물,남,68세,상해없음,승용,남,49세,경상
2015110700100267,2015년 11월 7일 09시,토요일,전라남도 곡성군 곡성읍,경상사고,0,0,1,0,차대차 - 측면직각충돌,직진우회전진행방해,습기,비,교차로 - 교차로안,승용,남,78세,경상,승용,남,44세,상해없음
2015110700100310,2015년 11월 7일 10시,토요일,전라남도 신안군 암태면,경상사고,0,0,1,0,차량단독 - 공작물충돌,안전운전불이행,습기,비,단일로 - 기타,화물,남,37세,경상,,,,
2015110700100426,2015년 11월 7일 13시,토요일,전라남도 목포시 대양동,부상신고사고,0,0,0,1,차량단독 - 공작물충돌,안전운전불이행,습기,비,단일로 - 기타,승합,남,38세,상해없음,,,,
2015110700100427,2015년 11월 7일 13시,토요일,전라남도 목포시 산정동,경상사고,0,0,5,0,차대차 - 측면직각충돌,교차로운행방법위반,습기,비,교차로 - 교차로안,승용,남,52세,경상,승용,여,40세,경상
2015110700100428,2015년 11월 7일 13시,토요일,전라남도 순천시 송광면,경상사고,0,0,4,0,차대차 - 기타,중앙선침범,습기,비,단일로 - 기타,화물,남,64세,상해없음,승용,남,47세,경상
2015110700100470,2015년 11월 7일 14시,토요일,전라남도 목포시 산정동,중상사고,0,1,0,0,차대차 - 측면직각충돌,안전운전불이행,습기,비,교차로 - 교차로부근,자전거,남,66세,중상,승용,남,64세,상해없음
2015110700100471,2015년 11월 7일 14시,토요일,전라남도 나주시 노안면,사망사고,1,2,2,0,차량단독 - 공작물충돌,안전운전불이행,습기,비,단일로 - 기타,화물,남,67세,중상,,,,
2015110700100472,2015년 11월 7일 14시,토요일,전라남도 고흥군 금산면,사망사고,1,6,0,0,차대차 - 측면직각충돌,안전운전불이행,습기,비,단일로 - 기타,승용,남,62세,중상,승용,남,32세,중상
2015110700100518,2015년 11월 7일 15시,토요일,전라남도 순천시 장천동,중상사고,0,1,0,0,차대차 - 기타,안전운전불이행,습기,비,단일로 - 기타,화물,남,62세,상해없음,이륜,남,70세,중상
2015110700100598,2015년 11월 7일 17시,토요일,전라남도 목포시 옥암동,경상사고,0,0,4,0,차대차 - 측면직각충돌,직진우회전진행방해,습기,비,교차로 - 교차로안,승용,남,53세,경상,승용,남,60세,경상
2015110700100599,2015년 11월 7일 17시,토요일,전라남도 광양시 광양읍,경상사고,0,0,1,0,차대차 - 기타,안전운전불이행,습기,비,단일로 - 기타,화물,남,58세,상해없음,승용,여,39세,경상
2015110700100673,2015년 11월 7일 18시,토요일,전라남도 순천시 해룡면,경상사고,0,0,2,0,차대사람 - 기타,안전운전불이행,습기,비,교차로 - 교차로안,이륜,남,18세,경상,보행자,남,42세,경상
2015110700100745,2015년 11월 7일 19시,토요일,전라남도 순천시 장천동,중상사고,0,1,0,0,차대사람 - 횡단중,안전운전불이행,습기,비,교차로 - 교차로안,승용,남,83세,상해없음,보행자,여,62세,중상
2015110700100746,2015년 11월 7일 19시,토요일,전라남도 고흥군 포두면,중상사고,0,1,4,0,차대차 - 측면직각충돌,중앙선침범,습기,비,단일로 - 기타,화물,남,34세,상해없음,승용,남,38세,경상
2015110700100747,2015년 11월 7일 19시,토요일,전라남도 광양시 금호동,경상사고,0,0,4,0,차대차 - 기타,안전운전불이행,습기,비,교차로 - 교차로부근,승용,여,43세,상해없음,승용,남,42세,경상
2015110700100805,2015년 11월 7일 20시,토요일,전라남도 영암군 삼호읍,경상사고,0,0,5,0,차대차 - 추돌 - 진행중,안전거리미확보,습기,비,단일로 - 기타,승용,남,32세,상해없음,승용,여,53세,경상
2015110700100930,2015년 11월 7일 22시,토요일,전라남도 순천시 남정동,중상사고,0,1,3,0,차대차 - 기타,신호위반,습기,비,교차로 - 교차로안,승용,여,20세,상해없음,승용,남,43세,경상
2015110700100931,2015년 11월 7일 22시,토요일,전라남도 해남군 송지면,경상사고,0,0,1,0,차량단독 - 공작물충돌,안전운전불이행,습기,비,단일로 - 기타,승용,여,46세,상해없음,,,,
2015110700100932,2015년 11월 7일 22시,토요일,전라남도 광양시 광양읍,중상사고,0,1,4,0,차대차 - 기타,안전운전불이행,습기,비,단일로 - 기타,승용,남,26세,상해없음,승용,여,51세,경상
2015110700100987,2015년 11월 7일 23시,토요일,전라남도 나주시 성북동,경상사고,0,0,1,0,차대차 - 기타,신호위반,습기,비,교차로 - 교차로안,승용,여,33세,상해없음,화물,남,59세,경상
2015110700100988,2015년 11월 7일 23시,토요일,전라남도 광양시 광양읍,경상사고,0,0,1,0,차대차 - 추돌 - 진행중,안전운전불이행,습기,비,단일로 - 기타,승용,남,29세,상해없음,화물,남,66세,경상
2015110700100989,2015년 11월 7일 23시,토요일,전라남도 장성군 남면,경상사고,0,0,2,0,차대차 - 추돌 - 주정차중,안전운전불이행,습기,비,단일로 - 기타,승용,남,21세,경상,승용,남,29세,상해없음
2015110800100037,2015년 11월 8일 00시,일요일,전라남도 순천시 풍덕동,경상사고,0,0,2,0,차대차 - 기타,직진우회전진행방해,습기,비,교차로 - 교차로안,승용,남,61세,경상,승용,남,53세,경상
2015110800100199,2015년 11월 8일 07시,일요일,전라남도 목포시 용당동,경상사고,0,0,1,0,차대차 - 기타,안전운전불이행,습기,비,교차로 - 교차로안,기타불명,기타불명,기타불명,기타불명,이륜,남,51세,경상
2015110800100200,2015년 11월 8일 07시,일요일,전라남도 순천시 조례동,중상사고,0,1,0,0,차대차 - 기타,안전운전불이행,습기,비,교차로 - 교차로안,승용,여,20세,기타불명,승용,남,33세,중상
2015110800100260,2015년 11월 8일 10시,일요일,전라남도 장성군 북하면,중상사고,0,1,0,0,차대차 - 추돌 - 주정차중,안전운전불이행,건조,맑음,단일로 - 기타,화물,남,51세,상해없음,승용,남,52세,중상
2015110800100261,2015년 11월 8일 10시,일요일,전라남도 담양군 대덕면,사망사고,1,0,0,0,차량단독 - 기타,안전운전불이행,습기,비,단일로 - 기타,승용,남,58세,사망,,,,
2015110800100262,2015년 11월 8일 10시,일요일,전라남도 광양시 광영동,중상사고,0,1,0,0,차량단독 - 공작물충돌,안전운전불이행,습기,비,단일로 - 기타,승용,남,62세,중상,,,,
2015110800100263,2015년 11월 8일 10시,일요일,전라남도 광양시 도이동,경상사고,0,0,1,0,차대차 - 측면직각충돌,교차로운행방법위반,습기,흐림,교차로 - 교차로안,이륜,남,73세,경상,승용,여,40세,상해없음
2015110800100342,2015년 11월 8일 13시,일요일,전라남도 담양군 고서면,경상사고,0,0,3,0,차대차 - 측면직각충돌,신호위반,습기,비,교차로 - 교차로안,승용,남,76세,상해없음,승용,남,32세,경상
2015110800100343,2015년 11월 8일 13시,일요일,전라남도 구례군 산동면,경상사고,0,0,2,0,차대차 - 정면충돌,안전운전불이행,건조,맑음,단일로 - 기타,화물,남,64세,상해없음,승합,남,51세,상해없음
2015110800100374,2015년 11월 8일 14시,일요일,전라남도 목포시 산정동,경상사고,0,0,1,0,차대차 - 측면직각충돌,신호위반,건조,맑음,교차로 - 교차로안,승용,남,44세,상해없음,원동기,남,21세,경상
2015110800100375,2015년 11월 8일 14시,일요일,전라남도 순천시 행동,경상사고,0,0,1,0,차대차 - 기타,안전운전불이행,건조,맑음,교차로 - 교차로부근,승합,남,41세,상해없음,승용,남,59세,경상
2015110800100376,2015년 11월 8일 14시,일요일,전라남도 해남군 마산면,중상사고,0,2,0,0,차대차 - 측면직각충돌,불법유턴,건조,맑음,단일로 - 기타,승용,남,60세,상해없음,승용,남,72세,중상
2015110800100377,2015년 11월 8일 14시,일요일,전라남도 해남군 송지면,경상사고,0,0,2,0,차대차 - 측면직각충돌,안전운전불이행,건조,맑음,단일로 - 기타,승용,남,45세,상해없음,승용,여,55세,경상
2015110800100397,2015년 11월 8일 15시,일요일,전라남도 순천시 조례동,경상사고,0,0,7,0,차대차 - 기타,안전거리미확보,건조,맑음,교차로 - 교차로부근,승용,남,32세,경상,승용,여,43세,상해없음
2015110800100398,2015년 11월 8일 15시,일요일,전라남도 영광군 법성면,경상사고,0,0,2,0,차대차 - 측면직각충돌,직진우회전진행방해,습기,흐림,교차로 - 교차로안,승용,남,77세,상해없음,승용,남,66세,경상
2015110800100425,2015년 11월 8일 16시,일요일,전라남도 장흥군 관산읍,중상사고,0,1,0,0,차대차 - 측면직각충돌,중앙선침범,습기,비,단일로 - 기타,화물,남,38세,상해없음,원동기,남,50세,중상
2015110800100463,2015년 11월 8일 17시,일요일,전라남도 순천시 해룡면,경상사고,0,0,2,0,차대차 - 기타,교차로운행방법위반,건조,흐림,교차로 - 교차로안,승용,남,60세,상해없음,화물,남,38세,경상
2015110800100464,2015년 11월 8일 17시,일요일,전라남도 영광군 영광읍,경상사고,0,0,1,0,차대차 - 측면직각충돌,중앙선침범,습기,맑음,단일로 - 기타,승용,여,47세,상해없음,승용,남,50세,경상
2015110800100465,2015년 11월 8일 17시,일요일,전라남도 영암군 금정면,사망사고,1,1,0,0,차대차 - 정면충돌,중앙선침범,습기,비,단일로 - 기타,화물,여,55세,사망,승용,남,55세,중상
2015110800100529,2015년 11월 8일 18시,일요일,전라남도 신안군 자은면,중상사고,0,1,0,0,차대사람 - 기타,안전운전불이행,습기,비,단일로 - 기타,승용,남,72세,상해없음,보행자,여,79세,중상
2015110800100575,2015년 11월 8일 19시,일요일,전라남도 목포시 옥암동,중상사고,0,1,0,0,차대차 - 측면직각충돌,신호위반,습기,흐림,단일로 - 기타,이륜,남,18세,중상,승용,남,54세,상해없음
2015110800100576,2015년 11월 8일 19시,일요일,전라남도 순천시 조례동,경상사고,0,0,1,0,차대차 - 측면직각충돌,안전운전불이행,건조,맑음,교차로 - 교차로안,승용,남,56세,상해없음,승용,여,45세,경상
2015110800100577,2015년 11월 8일 19시,일요일,전라남도 장흥군 장흥읍,경상사고,0,0,1,0,차대차 - 측면직각충돌,기타,습기,비,단일로 - 기타,화물,남,62세,상해없음,승용,여,36세,경상
2015110800100578,2015년 11월 8일 19시,일요일,전라남도 무안군 일로읍,중상사고,0,1,1,0,차대차 - 추돌 - 진행중,안전운전불이행,건조,흐림,단일로 - 기타,화물,남,58세,경상,화물,남,72세,기타불명
2015110800100579,2015년 11월 8일 19시,일요일,전라남도 광양시 광영동,중상사고,0,1,3,0,차대차 - 추돌 - 주정차중,안전운전불이행,건조,맑음,교차로 - 교차로부근,승용,남,62세,상해없음,승용,남,58세,중상
2015110800100699,2015년 11월 8일 22시,일요일,전라남도 영암군 삼호읍,경상사고,0,0,1,0,차량단독 - 공작물충돌,안전운전불이행,습기,비,단일로 - 기타,승용,남,43세,경상,,,,
2015110900100093,2015년 11월 9일 05시,월요일,전라남도 여수시 여서동,경상사고,0,0,1,0,차대사람 - 횡단중,안전운전불이행,건조,맑음,교차로 - 교차로안,승용,남,75세,상해없음,보행자,여,67세,경상
2015110900100094,2015년 11월 9일 05시,월요일,전라남도 해남군 문내면,사망사고,1,0,0,0,차대차 - 추돌 - 진행중,안전운전불이행,습기,비,단일로 - 기타,특수,남,49세,상해없음,농기계,남,87세,사망
2015110900100114,2015년 11월 9일 06시,월요일,전라남도 목포시 해안동4가,중상사고,0,1,0,0,차대사람 - 차도통행중,안전운전불이행,건조,맑음,교차로 - 교차로부근,승용,남,28세,상해없음,보행자,남,69세,중상
2015110900100116,2015년 11월 9일 06시,월요일,전라남도 완도군 고금면,중상사고,0,1,0,0,차대차 - 기타,중앙선침범,건조,맑음,단일로 - 기타,이륜,남,71세,중상,화물,남,47세,상해없음
2015110900100141,2015년 11월 9일 07시,월요일,전라남도 보성군 벌교읍,경상사고,0,0,3,0,차대차 - 정면충돌,중앙선침범,습기,비,단일로 - 기타,화물,남,64세,상해없음,화물,남,66세,경상
2015110900100187,2015년 11월 9일 08시,월요일,전라남도 보성군 조성면,경상사고,0,0,2,0,차대차 - 측면직각충돌,중앙선침범,습기,비,단일로 - 기타,승용,남,32세,상해없음,승용,여,67세,경상
2015110900100233,2015년 11월 9일 09시,월요일,전라남도 완도군 노화읍,중상사고,0,1,0,0,차대차 - 추돌 - 주정차중,안전운전불이행,건조,흐림,교차로 - 교차로부근,화물,남,71세,상해없음,화물,남,73세,중상
2015110900100267,2015년 11월 9일 10시,월요일,전라남도 함평군 함평읍,경상사고,0,0,1,0,차대차 - 측면직각충돌,직진우회전진행방해,건조,맑음,교차로 - 교차로안,이륜,남,63세,경상,화물,남,35세,상해없음
2015110900100299,2015년 11월 9일 11시,월요일,전라남도 함평군 엄다면,경상사고,0,0,2,1,차대차 - 정면충돌,중앙선침범,습기,흐림,단일로 - 기타,화물,여,66세,부상신고,화물,남,58세,경상
2015110900100300,2015년 11월 9일 11시,월요일,전라남도 영암군 학산면,중상사고,0,1,0,0,차대차 - 추돌 - 진행중,안전운전불이행,건조,맑음,단일로 - 기타,승용,여,64세,상해없음,농기계,남,69세,상해없음
2015110900100301,2015년 11월 9일 11시,월요일,전라남도 담양군 담양읍,경상사고,0,0,2,0,차대차 - 추돌 - 진행중,안전운전불이행,건조,맑음,교차로 - 교차로부근,건설기계,남,46세,상해없음,화물,여,64세,경상
2015110900100302,2015년 11월 9일 11시,월요일,전라남도 진도군 진도읍,중상사고,0,1,0,0,차대차 - 측면직각충돌,교차로운행방법위반,건조,흐림,교차로 - 교차로안,특수,남,49세,상해없음,승용,여,40세,중상
2015110900100338,2015년 11월 9일 12시,월요일,전라남도 순천시 조곡동,중상사고,0,1,0,0,차대차 - 기타,교차로운행방법위반,건조,맑음,교차로 - 교차로안,승용,남,57세,상해없음,승용,여,61세,중상
2015110900100382,2015년 11월 9일 14시,월요일,전라남도 보성군 벌교읍,경상사고,0,0,2,0,차대차 - 기타,중앙선침범,건조,맑음,단일로 - 기타,화물,남,71세,경상,승합,여,56세,경상
2015110900100410,2015년 11월 9일 15시,월요일,전라남도 여수시 문수동,경상사고,0,0,1,0,차대사람 - 보도통행중,기타,건조,맑음,단일로 - 기타,원동기,남,47세,상해없음,보행자,여,12세,경상
2015110900100411,2015년 11월 9일 15시,월요일,전라남도 장성군 삼서면,경상사고,0,0,1,0,차대차 - 측면직각충돌,안전운전불이행,건조,맑음,단일로 - 기타,화물,남,59세,상해없음,승용,남,23세,경상
2015110900100447,2015년 11월 9일 16시,월요일,전라남도 목포시 북교동,경상사고,0,0,1,1,차대차 - 측면직각충돌,안전운전불이행,건조,흐림,교차로 - 교차로안,승용,남,69세,부상신고,승용,여,57세,경상
2015110900100448,2015년 11월 9일 16시,월요일,전라남도 나주시 문평면,경상사고,0,0,1,0,차대차 - 기타,중앙선침범,건조,맑음,단일로 - 기타,기타불명,기타불명,기타불명,기타불명,승합,여,57세,경상
2015110900100449,2015년 11월 9일 16시,월요일,전라남도 광양시 중동,중상사고,0,1,0,0,차대차 - 기타,안전운전불이행,건조,맑음,교차로 - 교차로부근,승용,여,70세,상해없음,자전거,여,44세,중상
2015110900100493,2015년 11월 9일 17시,월요일,전라남도 목포시 산정동,경상사고,0,0,3,0,차대차 - 기타,안전운전불이행,건조,흐림,교차로 - 교차로안,승용,남,68세,경상,승용,여,54세,경상