사고번호,사고일시,요일,시군구,사고내용,사망자수,중상자수,경상자수,부상신고자수,사고유형,법규위반,노면상태,기상상태,도로형태,가해운전자 차종,가해운전자 성별,가해운전자 연령,가해운전자 상해정도,피해운전자 차종,피해운전자 성별,피해운전자 연령,피해운전자 상해정도
2015111800100026,2015년 11월 18일 01시,수요일,전라남도 목포시 상동,경상사고,0,0,2,0,차대차 - 추돌 - 주정차중,안전운전불이행,습기,비,교차로 - 교차로부근,승용,남,22세,상해없음,승용,남,42세,경상
2015111800100027,2015년 11월 18일 01시,수요일,전라남도 장흥군 대덕읍,사망사고,1,0,0,0,차량단독 - 공작물충돌,안전운전불이행,습기,흐림,단일로 - 기타,화물,남,47세,사망,,,,
2015111800100037,2015년 11월 18일 02시,수요일,전라남도 장성군 장성읍,사망사고,1,4,2,0,차대차 - 추돌 - 주정차중,안전운전불이행,건조,흐림,단일로 - 기타,승합,남,59세,중상,화물,남,39세,상해없음
2015111800100055,2015년 11월 18일 04시,수요일,전라남도 목포시 용당동,경상사고,0,0,2,0,차대차 - 추돌 - 진행중,안전운전불이행,습기,비,단일로 - 기타,승용,남,41세,상해없음,승용,남,25세,경상
2015111800100084,2015년 11월 18일 06시,수요일,전라남도 목포시 죽교동,중상사고,0,1,0,0,차대사람 - 횡단중,보행자보호의무위반,습기,비,단일로 - 횡단보도상,승용,남,53세,상해없음,보행자,여,46세,중상
2015111800100145,2015년 11월 18일 08시,수요일,전라남도 장흥군 장흥읍,경상사고,0,0,1,0,차대차 - 측면직각충돌,직진우회전진행방해,습기,비,교차로 - 교차로안,승용,여,35세,상해없음,승용,여,20세,경상
2015111800100146,2015년 11월 18일 08시,수요일,전라남도 담양군 월산면,경상사고,0,0,1,0,차대차 - 기타,안전거리미확보,습기,비,단일로 - 기타,승용,남,66세,상해없음,승용,여,33세,경상
2015111800100204,2015년 11월 18일 10시,수요일,전라남도 장흥군 장흥읍,경상사고,0,0,2,0,차대차 - 측면직각충돌,직진우회전진행방해,습기,비,교차로 - 교차로안,화물,여,69세,경상,승용,남,50세,경상
2015111800100205,2015년 11월 18일 10시,수요일,전라남도 해남군 옥천면,부상신고사고,0,0,0,1,차대차 - 측면직각충돌,중앙선침범,습기,비,단일로 - 기타,승용,남,67세,부상신고,건설기계,남,55세,상해없음
2015111800100233,2015년 11월 18일 11시,수요일,전라남도 고흥군 고흥읍,사망사고,1,0,3,0,차대차 - 추돌 - 진행중,안전운전불이행,습기,비,교차로 - 교차로부근,화물,남,68세,사망,승용,남,50세,경상
2015111800100260,2015년 11월 18일 12시,수요일,전라남도 화순군 이양면,경상사고,0,0,1,0,차대사람 - 횡단중,안전운전불이행,습기,비,단일로 - 기타,승합,남,66세,상해없음,보행자,남,51세,경상
2015111800100322,2015년 11월 18일 14시,수요일,전라남도 목포시 상동,중상사고,0,1,0,0,차대차 - 기타,안전운전불이행,건조,맑음,단일로 - 기타,승용,남,29세,상해없음,화물,기타불명,기타불명,기타불명
2015111800100323,2015년 11월 18일 14시,수요일,전라남도 순천시 오천동,경상사고,0,0,2,0,차대차 - 추돌 - 주정차중,안전운전불이행,습기,비,단일로 - 기타,화물,남,52세,상해없음,승용,남,59세,경상
2015111800100324,2015년 11월 18일 14시,수요일,전라남도 해남군 해남읍,경상사고,0,0,1,0,차대차 - 추돌 - 진행중,안전거리미확보,습기,비,단일로 - 기타,승용,여,22세,상해없음,승용,남,68세,상해없음
2015111800100325,2015년 11월 18일 14시,수요일,전라남도 완도군 완도읍,중상사고,0,3,0,0,차대차 - 추돌 - 진행중,안전운전불이행,습기,비,교차로 - 교차로부근,화물,남,60세,상해없음,화물,남,53세,중상
2015111800100352,2015년 11월 18일 15시,수요일,전라남도 목포시 연산동,경상사고,0,0,3,0,차대차 - 측면직각충돌,교차로운행방법위반,건조,맑음,교차로 - 교차로안,승용,여,27세,경상,승용,여,29세,경상
2015111800100353,2015년 11월 18일 15시,수요일,전라남도 영암군 시종면,경상사고,0,0,1,0,차대차 - 측면직각충돌,안전운전불이행,건조,맑음,교차로 - 교차로안,화물,남,50세,상해없음,승용,여,51세,경상
2015111800100354,2015년 11월 18일 15시,수요일,전라남도 광양시 중동,중상사고,0,1,0,0,차대사람 - 횡단중,안전운전불이행,습기,비,단일로 - 횡단보도상,승용,여,52세,상해없음,보행자,여,12세,중상
2015111800100395,2015년 11월 18일 16시,수요일,전라남도 여수시 고소동,중상사고,0,1,2,0,차대차 - 정면충돌,안전운전불이행,습기,비,단일로 - 기타,승용,남,39세,상해없음,승용,남,35세,중상
2015111800100396,2015년 11월 18일 16시,수요일,전라남도 순천시 덕월동,경상사고,0,0,1,0,차대차 - 기타,신호위반,건조,맑음,교차로 - 교차로안,승용,여,57세,상해없음,승용,여,36세,경상
2015111800100451,2015년 11월 18일 17시,수요일,전라남도 장흥군 장흥읍,부상신고사고,0,0,0,1,차대사람 - 길가장자리구역통행중,안전운전불이행,습기,비,교차로 - 교차로부근,기타불명,기타불명,기타불명,기타불명,보행자,남,55세,부상신고
2015111800100452,2015년 11월 18일 17시,수요일,전라남도 해남군 해남읍,경상사고,0,0,1,0,차대사람 - 횡단중,안전운전불이행,습기,흐림,단일로 - 기타,승용,여,38세,상해없음,보행자,남,9세,경상
2015111800100453,2015년 11월 18일 17시,수요일,전라남도 강진군 강진읍,중상사고,0,2,0,0,차대차 - 기타,교차로운행방법위반,습기,비,단일로 - 기타,승용,여,37세,상해없음,원동기,남,78세,중상
2015111800100454,2015년 11월 18일 17시,수요일,전라남도 곡성군 곡성읍,중상사고,0,1,0,0,차대차 - 정면충돌,안전운전불이행,습기,비,단일로 - 기타,승합,남,58세,상해없음,농기계,여,73세,중상
2015111800100455,2015년 11월 18일 17시,수요일,전라남도 광양시 마동,경상사고,0,0,1,0,차대차 - 측면직각충돌,교차로운행방법위반,습기,비,교차로 - 교차로안,승용,여,47세,상해없음,승용,남,28세,경상
2015111800100520,2015년 11월 18일 18시,수요일,전라남도 목포시 상동,경상사고,0,0,1,0,차대차 - 측면직각충돌,안전운전불이행,습기,맑음,단일로 - 기타,승용,여,54세,상해없음,승용,여,52세,경상
2015111800100521,2015년 11월 18일 18시,수요일,전라남도 영암군 삼호읍,경상사고,0,0,3,0,차대차 - 정면충돌,안전운전불이행,건조,맑음,단일로 - 기타,승용,남,34세,경상,승용,남,33세,경상
2015111800100585,2015년 11월 18일 19시,수요일,전라남도 목포시 석현동,경상사고,0,0,1,0,차대차 - 정면충돌,안전운전불이행,건조,맑음,교차로 - 교차로부근,승용,남,46세,상해없음,자전거,남,20세,경상
2015111800100586,2015년 11월 18일 19시,수요일,전라남도 순천시 연향동,경상사고,0,0,1,0,차대사람 - 횡단중,보행자보호의무위반,습기,비,단일로 - 횡단보도상,승용,남,71세,상해없음,보행자,여,15세,경상
2015111800100587,2015년 11월 18일 19시,수요일,전라남도 영암군 삼호읍,경상사고,0,0,1,0,차대차 - 정면충돌,안전운전불이행,습기,비,단일로 - 기타,승용,남,38세,상해없음,승용,남,25세,상해없음
2015111800100588,2015년 11월 18일 19시,수요일,전라남도 영암군 삼호읍,중상사고,0,1,1,0,차대차 - 추돌 - 진행중,안전운전불이행,습기,흐림,단일로 - 기타,원동기,여,24세,경상,자전거,여,57세,중상
2015111800100638,2015년 11월 18일 20시,수요일,전라남도 강진군 강진읍,중상사고,0,1,0,0,차대차 - 측면직각충돌,안전운전불이행,습기,비,교차로 - 교차로안,원동기,남,72세,중상,승용,남,42세,상해없음
2015111800100682,2015년 11월 18일 21시,수요일,전라남도 여수시 웅천동,경상사고,0,0,3,0,차대차 - 추돌 - 주정차중,안전운전불이행,건조,맑음,교차로 - 교차로부근,승용,남,43세,상해없음,승용,여,60세,경상
2015111800100683,2015년 11월 18일 21시,수요일,전라남도 순천시 매곡동,중상사고,0,1,0,0,차대사람 - 횡단중,보행자보호의무위반,습기,비,단일로 - 횡단보도상,승용,여,56세,상해없음,보행자,여,18세,중상
2015111800100684,2015년 11월 18일 21시,수요일,전라남도 해남군 해남읍,경상사고,0,0,1,0,차대차 - 측면직각충돌,직진우회전진행방해,습기,흐림,교차로 - 교차로안,화물,남,37세,상해없음,화물,남,34세,경상
2015111800100685,2015년 11월 18일 21시,수요일,전라남도 광양시 중동,중상사고,0,1,0,0,차대사람 - 횡단중,안전운전불이행,습기,비,교차로 - 교차로부근,승용,남,79세,상해없음,보행자,남,47세,중상
2015111800100721,2015년 11월 18일 22시,수요일,전라남도 목포시 상동,경상사고,0,0,5,0,차대차 - 정면충돌,중앙선침범,건조,맑음,단일로 - 기타,승용,남,27세,상해없음,승용,남,43세,경상
2015111800100722,2015년 11월 18일 22시,수요일,전라남도 담양군 대전면,경상사고,0,0,4,0,차대차 - 정면충돌,중앙선침범,습기,비,교차로 - 교차로부근,승용,여,24세,경상,승용,여,37세,상해없음
2015111800100723,2015년 11월 18일 22시,수요일,전라남도 담양군 금성면,경상사고,0,0,1,0,차대사람 - 횡단중,안전운전불이행,습기,비,단일로 - 기타,승용,여,32세,상해없음,보행자,남,70세,경상
2015111800100755,2015년 11월 18일 23시,수요일,전라남도 순천시 연향동,경상사고,0,0,1,0,차대사람 - 횡단중,보행자보호의무위반,건조,맑음,단일로 - 기타,승용,여,53세,상해없음,보행자,남,24세,경상
2015111800100756,2015년 11월 18일 23시,수요일,전라남도 완도군 생일면,사망사고,1,2,0,0,차량단독 - 공작물충돌,안전운전불이행,습기,비,단일로 - 기타,승용,남,29세,중상,,,,
2015111900100014,2015년 11월 19일 00시,목요일,전라남도 여수시 중흥동,사망사고,1,0,0,0,차량단독 - 공작물충돌,안전운전불이행,건조,맑음,교차로 - 교차로안,승용,남,53세,사망,,,,
2015111900100015,2015년 11월 19일 00시,목요일,전라남도 담양군 담양읍,부상신고사고,0,0,0,1,차대사람 - 횡단중,안전운전불이행,습기,비,단일로 - 기타,기타불명,기타불명,기타불명,기타불명,보행자,남,56세,부상신고
2015111900100026,2015년 11월 19일 01시,목요일,전라남도 여수시 웅천동,경상사고,0,0,1,0,차대사람 - 길가장자리구역통행중,안전운전불이행,건조,맑음,미분류 - 미분류,승용,여,63세,상해없음,보행자,남,38세,경상
2015111900100112,2015년 11월 19일 07시,목요일,전라남도 보성군 보성읍,중상사고,0,1,0,0,차대사람 - 횡단중,안전운전불이행,건조,흐림,단일로 - 기타,승용,남,50세,상해없음,보행자,남,75세,중상
2015111900100113,2015년 11월 19일 07시,목요일,전라남도 장성군 남면,경상사고,0,0,1,0,차대사람 - 횡단중,안전운전불이행,습기,비,단일로 - 기타,화물,남,53세,상해없음,보행자,남,13세,경상
2015111900100142,2015년 11월 19일 08시,목요일,전라남도 목포시 옥암동,경상사고,0,0,1,0,차대차 - 측면직각충돌,안전운전불이행,건조,맑음,단일로 - 기타,승용,남,45세,상해없음,승용,남,39세,경상
2015111900100143,2015년 11월 19일 08시,목요일,전라남도 담양군 대전면,중상사고,0,1,1,0,차대차 - 측면직각충돌,직진우회전진행방해,습기,비,교차로 - 교차로안,승용,남,55세,상해없음,승용,여,58세,경상
2015111900100178,2015년 11월 19일 09시,목요일,전라남도 완도군 신지면,중상사고,0,1,0,0,차대사람 - 기타,안전운전불이행,건조,흐림,단일로 - 기타,화물,남,62세,상해없음,보행자,남,29세,중상
2015111900100232,2015년 11월 19일 11시,목요일,전라남도 보성군 벌교읍,경상사고,0,0,1,0,차대차 - 측면직각충돌,중앙선침범,건조,흐림,교차로 - 교차로안,자전거,여,72세,경상,화물,남,66세,상해없음
2015111900100258,2015년 11월 19일 12시,목요일,전라남도 나주시 반남면,사망사고,1,0,0,0,차량단독 - 전도전복,안전운전불이행,습기,흐림,단일로 - 기타,승용,남,68세,사망,,,,
2015111900100319,2015년 11월 19일 14시,목요일,전라남도 고흥군 점암면,경상사고,0,0,1,0,차대차 - 측면직각충돌,안전운전불이행,건조,맑음,단일로 - 기타,승합,남,52세,상해없음,농기계,남,68세,경상
2015111900100350,2015년 11월 19일 15시,목요일,전라남도 목포시 용당동,경상사고,0,0,2,0,차대차 - 기타,교차로운행방법위반,건조,맑음,교차로 - 교차로안,화물,남,43세,경상,승합,남,53세,경상
2015111900100351,2015년 11월 19일 15시,목요일,전라남도 고흥군 도양읍,중상사고,0,1,1,0,차대차 - 측면직각충돌,신호위반,건조,맑음,교차로 - 교차로안,승용,여,31세,중상,화물,여,53세,경상
2015111900100352,2015년 11월 19일 15시,목요일,전라남도 함평군 함평읍,중상사고,0,1,4,0,차대차 - 정면충돌,안전운전불이행,습기,비,교차로 - 교차로안,화물,남,66세,경상,승용,남,62세,경상
2015111900100354,2015년 11월 19일 15시,목요일,전라남도 완도군 완도읍,중상사고,0,1,0,0,차대차 - 기타,교차로운행방법위반,건조,맑음,교차로 - 교차로안,승용,남,44세,상해없음,이륜,남,71세,중상
2015111900100383,2015년 11월 19일 16시,목요일,전라남도 나주시 성북동,경상사고,0,0,1,0,차대차 - 정면충돌,안전운전불이행,습기,흐림,단일로 - 기타,승용,남,59세,상해없음,원동기,남,67세,경상
2015111900100443,2015년 11월 19일 17시,목요일,전라남도 장흥군 부산면,사망사고,1,0,0,0,차대사람 - 길가장자리구역통행중,안전운전불이행,습기,비,단일로 - 터널,승용,남,32세,상해없음,보행자,남,48세,사망
2015111900100444,2015년 11월 19일 17시,목요일,전라남도 영암군 삼호읍,중상사고,0,1,1,0,차대차 - 측면직각충돌,직진우회전진행방해,습기,비,교차로 - 교차로안,승용,남,30세,경상,승합,남,41세,중상
2015111900100445,2015년 11월 19일 17시,목요일,전라남도 영암군 삼호읍,경상사고,0,0,1,0,차대차 - 측면직각충돌,직진우회전진행방해,습기,비,교차로 - 교차로안,원동기,남,25세,경상,승용,남,48세,상해없음
2015111900100510,2015년 11월 19일 18시,목요일,전라남도 신안군 자은면,부상신고사고,0,0,0,1,차량단독 - 전도전복,안전운전불이행,기타,기타,단일로 - 기타,화물,남,50세,부상신고,,,,
2015111900100560,2015년 11월 19일 19시,목요일,전라남도 나주시 성북동,경상사고,0,0,1,0,차대차 - 정면충돌,안전거리미확보,습기,비,단일로 - 기타,화물,남,35세,상해없음,승용,남,49세,경상
2015111900100602,2015년 11월 19일 20시,목요일,전라남도 고흥군 두원면,경상사고,0,0,1,0,차대사람 - 기타,안전운전불이행,건조,맑음,단일로 - 기타,승용,남,73세,상해없음,보행자,여,66세,경상
2015111900100646,2015년 11월 19일 21시,목요일,전라남도 목포시 산정동,경상사고,0,0,2,0,차대차 - 기타,안전운전불이행,기타,기타,교차로 - 교차로부근,승용,여,41세,상해없음,승용,남,53세,경상
2015111900100647,2015년 11월 19일 21시,목요일,전라남도 목포시 상동,경상사고,0,0,1,0,차대차 - 측면직각충돌,안전운전불이행,건조,맑음,교차로 - 교차로안,화물,여,51세,상해없음,이륜,남,16세,경상
2015111900100675,2015년 11월 19일 22시,목요일,전라남도 영암군 삼호읍,경상사고,0,0,2,0,차대차 - 정면충돌,직진우회전진행방해,습기,비,교차로 - 교차로안,승용,남,51세,상해없음,화물,여,53세,경상
2015112000100018,2015년 11월 20일 00시,금요일,전라남도 목포시 상동,경상사고,0,0,1,0,차대사람 - 횡단중,안전운전불이행,기타,기타,기타 - 기타,화물,남,50세,상해없음,보행자,남,55세,경상
2015112000100035,2015년 11월 20일 01시,금요일,전라남도 순천시 해룡면,경상사고,0,0,2,0,차대차 - 기타,직진우회전진행방해,건조,맑음,교차로 - 교차로안,승용,남,49세,상해없음,승용,남,39세,경상
2015112000100049,2015년 11월 20일 03시,금요일,전라남도 목포시 산정동,경상사고,0,0,2,0,차대차 - 기타,안전운전불이행,건조,기타,기타 - 기타,승용,남,33세,경상,승용,남,34세,상해없음
2015112000100067,2015년 11월 20일 05시,금요일,전라남도 영광군 영광읍,중상사고,0,2,0,0,차대차 - 정면충돌,직진우회전진행방해,건조,맑음,교차로 - 교차로안,승용,여,56세,상해없음,승용,남,30세,중상
2015112000100089,2015년 11월 20일 06시,금요일,전라남도 광양시 광영동,중상사고,0,1,0,0,차대사람 - 횡단중,보행자보호의무위반,건조,맑음,교차로 - 교차로부근,승용,남,19세,상해없음,보행자,남,84세,중상
2015112000100114,2015년 11월 20일 07시,금요일,전라남도 신안군 암태면,경상사고,0,0,1,0,차량단독 - 전도전복,안전운전불이행,건조,맑음,기타 - 기타,화물,남,74세,경상,,,,
2015112000100115,2015년 11월 20일 07시,금요일,전라남도 순천시 용당동,중상사고,0,1,0,0,차대사람 - 횡단중,보행자보호의무위반,건조,맑음,교차로 - 교차로부근,화물,남,57세,상해없음,보행자,여,49세,중상
2015112000100116,2015년 11월 20일 07시,금요일,전라남도 해남군 해남읍,중상사고,0,1,0,1,차대차 - 측면직각충돌,직진우회전진행방해,습기,흐림,교차로 - 교차로안,화물,남,55세,부상신고,승용,남,51세,중상
2015112000100117,2015년 11월 20일 07시,금요일,전라남도 영암군 삼호읍,경상사고,0,0,2,0,차대차 - 정면충돌,중앙선침범,습기,흐림,단일로 - 기타,승용,남,26세,경상,승용,여,46세,경상
2015112000100156,2015년 11월 20일 08시,금요일,전라남도 보성군 득량면,중상사고,0,1,2,0,차대차 - 정면충돌,안전거리미확보,건조,맑음,교차로 - 교차로부근,화물,남,50세,상해없음,승용,남,72세,경상
2015112000100240,2015년 11월 20일 11시,금요일,전라남도 순천시 조례동,부상신고사고,0,0,0,1,차대차 - 기타,안전거리미확보,건조,맑음,단일로 - 기타,자전거,남,56세,부상신고,승용,남,27세,상해없음
2015112000100305,2015년 11월 20일 13시,금요일,전라남도 목포시 동명동,경상사고,0,0,1,0,차대차 - 정면충돌,안전운전불이행,건조,맑음,교차로 - 교차로안,자전거,남,69세,경상,승용,여,41세,상해없음
2015112000100372,2015년 11월 20일 15시,금요일,전라남도 해남군 해남읍,중상사고,0,1,0,0,차대사람 - 횡단중,불법유턴,건조,맑음,기타 - 기타,화물,남,30세,상해없음,보행자,여,10세,중상
2015112000100373,2015년 11월 20일 15시,금요일,전라남도 광양시 태인동,중상사고,0,2,0,0,차대사람 - 횡단중,안전운전불이행,건조,맑음,교차로 - 교차로부근,화물,여,41세,상해없음,보행자,여,61세,중상
2015112000100407,2015년 11월 20일 16시,금요일,전라남도 해남군 해남읍,경상사고,0,0,1,1,차대차 - 측면직각충돌,중앙선침범,건조,맑음,단일로 - 기타,승용,여,49세,부상신고,화물,남,55세,경상
2015112000100408,2015년 11월 20일 16시,금요일,전라남도 강진군 대구면,중상사고,0,1,0,0,차대차 - 정면충돌,안전운전불이행,건조,맑음,교차로 - 교차로안,승용,남,57세,상해없음,자전거,남,70세,중상
2015112000100456,2015년 11월 20일 17시,금요일,전라남도 목포시 옥암동,경상사고,0,0,1,0,차대사람 - 횡단중,안전운전불이행,건조,맑음,교차로 - 교차로부근,이륜,남,38세,상해없음,보행자,여,44세,경상
2015112000100457,2015년 11월 20일 17시,금요일,전라남도 여수시 둔덕동,경상사고,0,0,1,0,차대사람 - 차도통행중,안전운전불이행,건조,맑음,교차로 - 교차로안,승용,남,39세,상해없음,보행자,남,3세,경상
2015112000100458,2015년 11월 20일 17시,금요일,전라남도 순천시 해룡면,경상사고,0,0,2,0,차대차 - 정면충돌,교차로운행방법위반,건조,맑음,교차로 - 교차로안,승용,여,61세,경상,승용,남,32세,경상
2015112000100459,2015년 11월 20일 17시,금요일,전라남도 무안군 삼향읍,경상사고,0,0,1,0,차대차 - 기타,안전운전불이행,건조,맑음,단일로 - 기타,승용,남,56세,상해없음,승용,남,30세,경상
2015112000100525,2015년 11월 20일 18시,금요일,전라남도 여수시 신기동,중상사고,0,1,0,0,차대차 - 측면직각충돌,안전운전불이행,건조,맑음,교차로 - 교차로부근,승용,여,44세,상해없음,자전거,남,15세,중상
2015112000100591,2015년 11월 20일 19시,금요일,전라남도 장흥군 회진면,경상사고,0,0,1,0,차량단독 - 공작물충돌,안전운전불이행,건조,맑음,단일로 - 기타,화물,남,48세,경상,,,,
2015112000100592,2015년 11월 20일 19시,금요일,전라남도 무안군 무안읍,사망사고,1,0,0,0,차량단독 - 전도전복,안전운전불이행,건조,맑음,교차로 - 교차로부근,이륜,남,49세,상해없음,,,,
2015112000100593,2015년 11월 20일 19시,금요일,전라남도 무안군 삼향읍,사망사고,1,0,0,0,차대사람 - 길가장자리구역통행중,안전운전불이행,건조,맑음,단일로 - 기타,승용,남,71세,상해없음,보행자,남,75세,사망
2015112000100632,2015년 11월 20일 20시,금요일,전라남도 나주시 남평읍,부상신고사고,0,0,0,1,차대사람 - 길가장자리구역통행중,안전운전불이행,건조,맑음,단일로 - 기타,기타불명,기타불명,기타불명,기타불명,보행자,남,17세,부상신고
2015112000100633,2015년 11월 20일 20시,금요일,전라남도 영암군 삼호읍,중상사고,0,1,2,0,차대차 - 정면충돌,안전운전불이행,건조,맑음,교차로 - 교차로부근,승용,남,71세,상해없음,승용,남,43세,경상
2015112000100634,2015년 11월 20일 20시,금요일,전라남도 완도군 보길면,경상사고,0,0,3,0,차대차 - 정면충돌,중앙선침범,건조,맑음,단일로 - 기타,승용,남,31세,경상,승용,남,61세,경상
2015112000100693,2015년 11월 20일 22시,금요일,전라남도 목포시 옥암동,경상사고,0,0,4,0,차대차 - 정면충돌,안전운전불이행,건조,맑음,교차로 - 교차로부근,승용,남,57세,상해없음,승용,여,30세,경상
2015112100100043,2015년 11월 21일 01시,토요일,전라남도 여수시 중흥동,중상사고,0,2,2,0,차대차 - 추돌 - 진행중,교차로운행방법위반,건조,맑음,교차로 - 교차로안,승합,남,59세,경상,화물,남,40세,경상
2015112100100066,2015년 11월 21일 02시,토요일,전라남도 광양시 황길동,중상사고,0,1,0,0,차대차 - 추돌 - 주정차중,안전운전불이행,건조,맑음,단일로 - 기타,승용,여,33세,중상,승용,여,23세,상해없음
2015112100100130,2015년 11월 21일 06시,토요일,전라남도 목포시 호남동,중상사고,0,1,0,0,차대사람 - 횡단중,안전운전불이행,건조,맑음,교차로 - 교차로부근,승용,남,31세,상해없음,보행자,여,73세,중상
2015112100100131,2015년 11월 21일 06시,토요일,전라남도 여수시 신월동,중상사고,0,1,0,0,차대사람 - 횡단중,안전운전불이행,건조,맑음,단일로 - 횡단보도상,화물,남,43세,상해없음,보행자,남,63세,중상
2015112100100159,2015년 11월 21일 07시,토요일,전라남도 해남군 해남읍,경상사고,0,0,1,0,차대사람 - 횡단중,안전운전불이행,건조,맑음,단일로 - 기타,기타불명,기타불명,기타불명,기타불명,보행자,남,44세,경상
2015112100100171,2015년 11월 21일 08시,토요일,전라남도 여수시 학동,경상사고,0,0,1,0,차대사람 - 차도통행중,안전운전불이행,건조,흐림,교차로 - 교차로안,승용,남,70세,상해없음,보행자,남,50세,경상
2015112100100172,2015년 11월 21일 08시,토요일,전라남도 무안군 망운면,경상사고,0,0,2,0,차대차 - 정면충돌,교차로운행방법위반,건조,맑음,교차로 - 교차로안,화물,남,68세,상해없음,이륜,남,70세,경상
2015112100100204,2015년 11월 21일 09시,토요일,전라남도 해남군 화산면,경상사고,0,0,1,0,차대차 - 기타,안전운전불이행,건조,맑음,단일로 - 기타,건설기계,남,44세,상해없음,원동기,남,89세,경상
2015112100100234,2015년 11월 21일 10시,토요일,전라남도 구례군 구례읍,중상사고,0,1,0,0,차대차 - 기타,직진우회전진행방해,건조,맑음,교차로 - 교차로안,승용,남,41세,상해없음,이륜,남,79세,중상
2015112100100268,2015년 11월 21일 11시,토요일,전라남도 신안군 비금면,경상사고,0,0,1,2,차대차 - 측면직각충돌,안전운전불이행,건조,맑음,단일로 - 기타,화물,남,73세,상해없음,승용,남,37세,경상
2015112100100269,2015년 11월 21일 11시,토요일,전라남도 구례군 구례읍,중상사고,0,1,2,0,차량단독 - 기타,안전운전불이행,건조,맑음,단일로 - 기타,화물,남,77세,중상,,,,
2015112100100298,2015년 11월 21일 12시,토요일,전라남도 목포시 상동,경상사고,0,0,1,0,차대차 - 측면직각충돌,신호위반,건조,맑음,교차로 - 교차로안,승용,여,41세,상해없음,승용,남,30세,경상
2015112100100375,2015년 11월 21일 14시,토요일,전라남도 나주시 안창동,중상사고,0,1,0,1,차대차 - 측면직각충돌,교차로운행방법위반,건조,맑음,교차로 - 교차로부근,승용,여,69세,부상신고,자전거,여,39세,중상
2015112100100376,2015년 11월 21일 14시,토요일,전라남도 화순군 화순읍,경상사고,0,0,1,0,차대차 - 정면충돌,안전운전불이행,건조,맑음,교차로 - 교차로안,자전거,남,7세,경상,기타불명,기타불명,기타불명,기타불명
2015112100100409,2015년 11월 21일 15시,토요일,전라남도 보성군 조성면,경상사고,0,0,5,0,차대차 - 정면충돌,안전운전불이행,건조,맑음,교차로 - 교차로부근,화물,남,59세,상해없음,승용,남,36세,경상
2015112100100445,2015년 11월 21일 16시,토요일,전라남도 여수시 문수동,경상사고,0,0,1,0,차대차 - 측면직각충돌,차로위반,건조,맑음,단일로 - 기타,승용,여,22세,상해없음,승용,여,35세,경상
2015112100100446,2015년 11월 21일 16시,토요일,전라남도 보성군 득량면,중상사고,0,1,0,0,차대차 - 정면충돌,안전운전불이행,건조,맑음,단일로 - 기타,이륜,여,74세,중상,승용,여,52세,기타불명
2015112100100498,2015년 11월 21일 17시,토요일,전라남도 보성군 벌교읍,경상사고,0,0,12,0,차대차 - 정면충돌,안전운전불이행,건조,맑음,교차로 - 교차로안,건설기계,남,56세,상해없음,승합,남,66세,상해없음
2015112100100499,2015년 11월 21일 17시,토요일,전라남도 담양군 담양읍,경상사고,0,0,1,0,차대사람 - 횡단중,안전운전불이행,건조,맑음,교차로 - 교차로안,승용,남,31세,상해없음,보행자,여,6세,경상
2015112100100559,2015년 11월 21일 18시,토요일,전라남도 영광군 영광읍,중상사고,0,1,0,0,차대차 - 측면직각충돌,교차로운행방법위반,건조,맑음,교차로 - 교차로안,승용,남,56세,상해없음,승용,남,32세,중상
2015112100100604,2015년 11월 21일 19시,토요일,전라남도 순천시 해룡면,경상사고,0,0,8,0,차대차 - 추돌 - 주정차중,안전운전불이행,건조,맑음,단일로 - 기타,승용,남,32세,상해없음,승용,남,56세,경상
2015112100100605,2015년 11월 21일 19시,토요일,전라남도 나주시 왕곡면,사망사고,1,0,0,0,차대차 - 정면충돌,중앙선침범,건조,맑음,단일로 - 기타,원동기,남,62세,사망,승용,여,38세,상해없음
2015112100100606,2015년 11월 21일 19시,토요일,전라남도 완도군 군외면,중상사고,0,1,0,0,차대차 - 측면직각충돌,차로위반,건조,맑음,단일로 - 기타,화물,여,66세,중상,승합,남,52세,상해없음
2015112100100663,2015년 11월 21일 21시,토요일,전라남도 목포시 석현동,경상사고,0,0,3,0,차대차 - 정면충돌,안전운전불이행,건조,맑음,교차로 - 교차로부근,승용,여,45세,상해없음,승용,남,22세,경상
2015112100100694,2015년 11월 21일 22시,토요일,전라남도 목포시 산정동,경상사고,0,0,7,0,차대차 - 추돌 - 주정차중,안전운전불이행,건조,맑음,교차로 - 교차로부근,승용,남,28세,상해없음,승용,여,31세,상해없음
2015112100100695,2015년 11월 21일 22시,토요일,전라남도 여수시 신기동,경상사고,0,0,2,0,차대차 - 추돌 - 진행중,안전운전불이행,건조,맑음,단일로 - 기타,화물,남,58세,상해없음,승용,남,50세,경상