사고번호,사고일시,요일,시군구,사고내용,사망자수,중상자수,경상자수,부상신고자수,사고유형,법규위반,노면상태,기상상태,도로형태,가해운전자 차종,가해운전자 성별,가해운전자 연령,가해운전자 상해정도,피해운전자 차종,피해운전자 성별,피해운전자 연령,피해운전자 상해정도
2015113000100450,2015년 11월 30일 17시,월요일,전라남도 영암군 영암읍,경상사고,0,0,1,0,차량단독 - 전도전복,안전운전불이행,건조,맑음,단일로 - 기타,이륜,남,75세,경상,,,,
2015113000100509,2015년 11월 30일 18시,월요일,전라남도 목포시 용당동,경상사고,0,0,1,0,차대차 - 정면충돌,안전운전불이행,기타,기타,교차로 - 교차로안,승용,남,56세,상해없음,승용,남,33세,경상
2015113000100552,2015년 11월 30일 19시,월요일,전라남도 여수시 문수동,경상사고,0,0,1,0,차대차 - 측면직각충돌,교차로운행방법위반,건조,맑음,교차로 - 교차로안,승용,남,60세,경상,승용,여,68세,상해없음
2015113000100596,2015년 11월 30일 20시,월요일,전라남도 여수시 둔덕동,경상사고,0,0,1,0,차대차 - 추돌 - 주정차중,안전운전불이행,건조,맑음,단일로 - 기타,승용,남,44세,상해없음,승용,남,33세,경상
2015113000100597,2015년 11월 30일 20시,월요일,전라남도 해남군 계곡면,중상사고,0,3,2,0,차대차 - 정면충돌,안전운전불이행,건조,맑음,단일로 - 기타,승용,남,24세,경상,화물,남,68세,경상
2015113000100598,2015년 11월 30일 20시,월요일,전라남도 완도군 완도읍,중상사고,0,1,0,0,차대차 - 정면충돌,교차로운행방법위반,건조,맑음,교차로 - 교차로부근,이륜,남,44세,중상,화물,여,42세,상해없음
2015113000100637,2015년 11월 30일 21시,월요일,전라남도 함평군 대동면,중상사고,0,2,0,1,차대차 - 측면직각충돌,교차로운행방법위반,건조,맑음,교차로 - 교차로안,승용,남,43세,부상신고,승용,남,59세,중상
2015113000100665,2015년 11월 30일 22시,월요일,전라남도 진도군 군내면,경상사고,0,0,1,0,차량단독 - 전도전복,안전운전불이행,건조,맑음,단일로 - 기타,승용,남,36세,경상,,,,
2015113000100666,2015년 11월 30일 22시,월요일,전라남도 구례군 구례읍,경상사고,0,0,2,0,차대차 - 정면충돌,직진우회전진행방해,건조,맑음,교차로 - 교차로안,화물,남,57세,상해없음,승용,남,32세,경상
2015120100100065,2015년 12월 1일 05시,화요일,전라남도 목포시 옥암동,경상사고,0,0,1,0,차대차 - 측면직각충돌,신호위반,건조,맑음,교차로 - 교차로안,화물,남,37세,상해없음,승용,여,46세,경상
2015120100100101,2015년 12월 1일 07시,화요일,전라남도 해남군 해남읍,경상사고,0,0,3,0,차대차 - 정면충돌,안전거리미확보,건조,맑음,단일로 - 기타,승용,여,43세,경상,승용,남,65세,경상
2015120100100102,2015년 12월 1일 07시,화요일,전라남도 강진군 강진읍,경상사고,0,0,1,0,차대사람 - 기타,안전운전불이행,건조,맑음,단일로 - 기타,승용,남,64세,상해없음,보행자,여,75세,경상
2015120100100140,2015년 12월 1일 08시,화요일,전라남도 순천시 승주읍,사망사고,1,1,0,0,차대차 - 기타,안전운전불이행,건조,흐림,단일로 - 기타,승용,여,33세,상해없음,기타불명,남,75세,중상
2015120100100141,2015년 12월 1일 08시,화요일,전라남도 고흥군 포두면,경상사고,0,0,1,0,차대차 - 정면충돌,안전운전불이행,건조,맑음,단일로 - 기타,이륜,남,66세,상해없음,원동기,남,75세,경상
2015120100100189,2015년 12월 1일 10시,화요일,전라남도 목포시 상동,경상사고,0,0,1,0,차대차 - 추돌 - 진행중,안전운전불이행,기타,기타,교차로 - 교차로안,승용,남,58세,상해없음,승용,남,27세,경상
2015120100100190,2015년 12월 1일 10시,화요일,전라남도 여수시 학동,경상사고,0,0,1,0,차대차 - 측면직각충돌,안전운전불이행,건조,맑음,교차로 - 교차로안,승용,여,64세,기타불명,승용,남,63세,경상
2015120100100191,2015년 12월 1일 10시,화요일,전라남도 여수시 학동,경상사고,0,0,1,0,차대차 - 추돌 - 진행중,안전운전불이행,건조,맑음,교차로 - 교차로안,승용,여,39세,상해없음,승용,남,59세,경상
2015120100100192,2015년 12월 1일 10시,화요일,전라남도 해남군 해남읍,중상사고,0,1,1,0,차대차 - 정면충돌,안전거리미확보,건조,맑음,교차로 - 교차로부근,승용,남,75세,상해없음,승용,남,73세,상해없음
2015120100100277,2015년 12월 1일 13시,화요일,전라남도 영광군 영광읍,중상사고,0,1,0,0,차대사람 - 횡단중,보행자보호의무위반,건조,맑음,단일로 - 기타,승용,남,70세,상해없음,보행자,여,54세,중상
2015120100100312,2015년 12월 1일 14시,화요일,전라남도 순천시 장천동,부상신고사고,0,0,0,1,차대차 - 정면충돌,직진우회전진행방해,건조,맑음,교차로 - 교차로안,이륜,남,18세,부상신고,승용,남,31세,상해없음
2015120100100313,2015년 12월 1일 14시,화요일,전라남도 순천시 용당동,경상사고,0,0,1,0,차대차 - 측면직각충돌,안전운전불이행,건조,맑음,교차로 - 교차로안,승합,남,61세,상해없음,승용,남,34세,경상
2015120100100347,2015년 12월 1일 15시,화요일,전라남도 목포시 산정동,경상사고,0,0,1,0,차대차 - 기타,신호위반,건조,맑음,교차로 - 교차로안,승용,여,51세,상해없음,승용,남,54세,경상
2015120100100348,2015년 12월 1일 15시,화요일,전라남도 순천시 해룡면,중상사고,0,1,0,0,차대차 - 추돌 - 진행중,안전거리미확보,건조,맑음,단일로 - 기타,특수,남,54세,상해없음,원동기,남,16세,중상
2015120100100349,2015년 12월 1일 15시,화요일,전라남도 고흥군 도양읍,사망사고,1,0,0,0,차대차 - 추돌 - 진행중,신호위반,건조,맑음,교차로 - 교차로부근,승용,남,65세,상해없음,이륜,남,59세,사망
2015120100100391,2015년 12월 1일 16시,화요일,전라남도 나주시 남평읍,부상신고사고,0,0,0,1,차대차 - 측면직각충돌,안전운전불이행,건조,맑음,단일로 - 기타,화물,남,53세,상해없음,자전거,여,69세,부상신고
2015120100100392,2015년 12월 1일 16시,화요일,전라남도 고흥군 과역면,사망사고,1,0,2,0,차량단독 - 전도전복,안전운전불이행,건조,맑음,단일로 - 기타,화물,남,51세,경상,,,,
2015120100100393,2015년 12월 1일 16시,화요일,전라남도 광양시 광양읍,부상신고사고,0,0,0,1,차대차 - 추돌 - 진행중,안전운전불이행,건조,맑음,단일로 - 기타,승용,남,39세,부상신고,건설기계,남,50세,상해없음
2015120100100433,2015년 12월 1일 17시,화요일,전라남도 목포시 용당동,중상사고,0,2,3,0,차대차 - 정면충돌,안전운전불이행,건조,맑음,교차로 - 교차로안,화물,남,62세,중상,승용,남,34세,경상
2015120100100434,2015년 12월 1일 17시,화요일,전라남도 목포시 석현동,경상사고,0,0,1,0,차대차 - 측면직각충돌,안전운전불이행,건조,맑음,기타 - 기타,화물,남,28세,상해없음,승용,여,38세,경상
2015120100100482,2015년 12월 1일 18시,화요일,전라남도 나주시 금천면,부상신고사고,0,0,0,1,차량단독 - 전도전복,안전운전불이행,건조,맑음,단일로 - 기타,승용,여,36세,부상신고,,,,
2015120100100483,2015년 12월 1일 18시,화요일,전라남도 강진군 강진읍,부상신고사고,0,0,0,1,차대차 - 기타,안전운전불이행,건조,맑음,교차로 - 교차로안,승용,남,43세,상해없음,자전거,남,68세,부상신고
2015120100100484,2015년 12월 1일 18시,화요일,전라남도 진도군 진도읍,경상사고,0,0,1,0,차대사람 - 횡단중,보행자보호의무위반,건조,기타,단일로 - 횡단보도상,승용,여,36세,상해없음,보행자,여,53세,경상
2015120100100485,2015년 12월 1일 18시,화요일,전라남도 광양시 중동,경상사고,0,0,2,0,차대차 - 정면충돌,안전운전불이행,건조,맑음,단일로 - 교량,승용,남,24세,상해없음,승용,남,44세,경상
2015120100100536,2015년 12월 1일 19시,화요일,전라남도 목포시 대양동,경상사고,0,0,1,0,차대차 - 정면충돌,안전운전불이행,건조,맑음,단일로 - 기타,화물,남,50세,상해없음,승용,남,27세,경상
2015120100100588,2015년 12월 1일 21시,화요일,전라남도 목포시 용당동,중상사고,0,1,0,0,차대사람 - 기타,안전운전불이행,건조,맑음,기타 - 기타,승용,여,38세,상해없음,보행자,남,56세,중상
2015120100100618,2015년 12월 1일 22시,화요일,전라남도 목포시 옥암동,경상사고,0,0,1,0,차대사람 - 횡단중,안전운전불이행,건조,맑음,단일로 - 기타,승용,남,29세,상해없음,보행자,남,35세,경상
2015120100100657,2015년 12월 1일 23시,화요일,전라남도 보성군 보성읍,중상사고,0,1,0,0,차대차 - 정면충돌,중앙선침범,건조,맑음,단일로 - 기타,승용,여,30세,중상,승용,남,54세,상해없음
2015120200100010,2015년 12월 2일 00시,수요일,전라남도 담양군 봉산면,경상사고,0,0,1,0,차량단독 - 공작물충돌,안전운전불이행,건조,흐림,단일로 - 기타,승용,남,42세,경상,,,,
2015120200100060,2015년 12월 2일 05시,수요일,전라남도 순천시 매곡동,중상사고,0,3,0,0,차대차 - 정면충돌,신호위반,건조,맑음,교차로 - 교차로안,원동기,남,73세,중상,승용,남,37세,중상
2015120200100144,2015년 12월 2일 08시,수요일,전라남도 여수시 둔덕동,경상사고,0,0,1,0,차대차 - 추돌 - 진행중,안전운전불이행,건조,맑음,단일로 - 기타,화물,남,31세,상해없음,승용,여,34세,경상
2015120200100145,2015년 12월 2일 08시,수요일,전라남도 고흥군 도화면,중상사고,0,1,0,0,차대사람 - 횡단중,안전운전불이행,건조,맑음,단일로 - 기타,승용,여,53세,상해없음,보행자,여,75세,중상
2015120200100146,2015년 12월 2일 08시,수요일,전라남도 해남군 현산면,사망사고,1,0,2,0,차대차 - 정면충돌,중앙선침범,건조,흐림,단일로 - 기타,승용,남,44세,사망,승합,남,45세,경상
2015120200100147,2015년 12월 2일 08시,수요일,전라남도 영암군 영암읍,경상사고,0,0,2,0,차량단독 - 공작물충돌,안전운전불이행,건조,맑음,단일로 - 기타,화물,남,23세,경상,,,,
2015120200100181,2015년 12월 2일 09시,수요일,전라남도 여수시 선원동,경상사고,0,0,4,0,차대차 - 추돌 - 진행중,안전운전불이행,건조,맑음,교차로 - 교차로안,승용,남,59세,상해없음,승용,남,56세,경상
2015120200100182,2015년 12월 2일 09시,수요일,전라남도 구례군 구례읍,경상사고,0,0,1,0,차대차 - 기타,중앙선침범,건조,맑음,단일로 - 기타,화물,남,62세,상해없음,화물,남,58세,경상
2015120200100206,2015년 12월 2일 10시,수요일,전라남도 순천시 풍덕동,중상사고,0,1,0,0,차대사람 - 길가장자리구역통행중,안전운전불이행,건조,맑음,단일로 - 기타,승용,남,74세,상해없음,보행자,여,66세,중상
2015120200100237,2015년 12월 2일 11시,수요일,전라남도 여수시 소라면,중상사고,0,1,2,0,차대차 - 측면직각충돌,중앙선침범,건조,흐림,교차로 - 교차로부근,승용,여,53세,경상,승용,남,62세,경상
2015120200100238,2015년 12월 2일 11시,수요일,전라남도 장성군 장성읍,경상사고,0,0,1,0,차대차 - 기타,안전운전불이행,습기,비,기타 - 기타,승합,남,48세,상해없음,화물,남,24세,경상
2015120200100265,2015년 12월 2일 12시,수요일,전라남도 목포시 산정동,경상사고,0,0,1,0,차대차 - 기타,안전운전불이행,습기,비,교차로 - 교차로안,승용,남,70세,상해없음,이륜,남,41세,경상
2015120200100278,2015년 12월 2일 13시,수요일,전라남도 여수시 학동,중상사고,0,1,0,0,차대차 - 측면직각충돌,안전운전불이행,건조,맑음,단일로 - 기타,승용,여,65세,상해없음,원동기,남,51세,중상
2015120200100308,2015년 12월 2일 14시,수요일,전라남도 목포시 상동,경상사고,0,0,1,0,차대차 - 기타,교차로운행방법위반,습기,비,교차로 - 교차로안,승합,남,43세,상해없음,화물,남,56세,경상
2015120200100309,2015년 12월 2일 14시,수요일,전라남도 순천시 서면,경상사고,0,0,2,0,차대차 - 추돌 - 주정차중,안전거리미확보,습기,비,교차로 - 교차로안,화물,남,53세,상해없음,승용,여,36세,경상
2015120200100310,2015년 12월 2일 14시,수요일,전라남도 고흥군 도양읍,중상사고,0,1,0,0,차대차 - 정면충돌,교차로운행방법위반,건조,맑음,교차로 - 교차로안,승용,남,43세,상해없음,원동기,남,81세,상해없음
2015120200100344,2015년 12월 2일 15시,수요일,전라남도 목포시 산정동,경상사고,0,0,1,0,차대차 - 정면충돌,안전운전불이행,습기,비,교차로 - 교차로안,승용,남,46세,상해없음,이륜,남,34세,경상
2015120200100417,2015년 12월 2일 17시,수요일,전라남도 목포시 상동,경상사고,0,0,2,0,차대차 - 정면충돌,교차로운행방법위반,습기,흐림,교차로 - 교차로안,승용,남,33세,상해없음,승용,남,46세,경상
2015120200100418,2015년 12월 2일 17시,수요일,전라남도 순천시 왕지동,경상사고,0,0,1,0,차대차 - 기타,안전운전불이행,습기,흐림,단일로 - 기타,기타불명,기타불명,기타불명,기타불명,자전거,남,10세,경상
2015120200100419,2015년 12월 2일 17시,수요일,전라남도 순천시 조례동,경상사고,0,0,1,0,차대차 - 기타,교차로운행방법위반,건조,맑음,단일로 - 기타,승용,기타불명,기타불명,기타불명,승합,남,55세,상해없음
2015120200100476,2015년 12월 2일 18시,수요일,전라남도 해남군 북평면,중상사고,0,1,0,0,차대차 - 정면충돌,중앙선침범,습기,비,단일로 - 기타,화물,남,42세,상해없음,화물,남,33세,중상
2015120200100510,2015년 12월 2일 19시,수요일,전라남도 여수시 여서동,경상사고,0,0,1,0,차대사람 - 횡단중,안전운전불이행,건조,맑음,기타 - 기타,승용,남,61세,상해없음,보행자,남,45세,경상
2015120200100511,2015년 12월 2일 19시,수요일,전라남도 광양시 금호동,경상사고,0,0,2,0,차대차 - 정면충돌,안전운전불이행,건조,맑음,교차로 - 교차로부근,승용,남,60세,상해없음,승용,여,43세,경상
2015120200100552,2015년 12월 2일 20시,수요일,전라남도 해남군 현산면,부상신고사고,0,0,0,1,차대차 - 추돌 - 진행중,안전운전불이행,건조,맑음,단일로 - 기타,승용,여,53세,상해없음,승용,남,54세,상해없음
2015120200100583,2015년 12월 2일 21시,수요일,전라남도 순천시 장천동,경상사고,0,0,3,0,차대차 - 정면충돌,교차로운행방법위반,습기,흐림,단일로 - 기타,승용,남,41세,상해없음,승용,남,32세,경상
2015120200100584,2015년 12월 2일 21시,수요일,전라남도 나주시 산정동,경상사고,0,0,2,0,차대차 - 측면직각충돌,안전운전불이행,건조,맑음,교차로 - 교차로안,원동기,기타불명,기타불명,기타불명,승용,남,28세,경상
2015120200100623,2015년 12월 2일 22시,수요일,전라남도 순천시 덕암동,경상사고,0,0,4,0,차대차 - 기타,신호위반,건조,맑음,교차로 - 교차로부근,승용,여,39세,상해없음,승용,남,43세,경상
2015120300100015,2015년 12월 3일 00시,목요일,전라남도 목포시 옥암동,중상사고,0,2,0,0,차대차 - 측면직각충돌,신호위반,기타,기타,교차로 - 교차로안,승용,남,38세,중상,승용,남,33세,중상
2015120300100083,2015년 12월 3일 06시,목요일,전라남도 여수시 평여동,경상사고,0,0,1,0,차대차 - 측면직각충돌,안전운전불이행,건조,맑음,교차로 - 교차로부근,특수,남,57세,상해없음,승용,남,35세,경상
2015120300100101,2015년 12월 3일 07시,목요일,전라남도 광양시 광양읍,경상사고,0,0,1,0,차대차 - 정면충돌,안전운전불이행,건조,맑음,교차로 - 교차로부근,화물,남,56세,상해없음,승합,남,25세,상해없음
2015120300100134,2015년 12월 3일 08시,목요일,전라남도 나주시 남평읍,중상사고,0,1,0,0,차대차 - 측면직각충돌,기타,건조,맑음,교차로 - 교차로안,승용,여,26세,상해없음,원동기,남,62세,중상
2015120300100135,2015년 12월 3일 08시,목요일,전라남도 나주시 다시면,경상사고,0,0,2,0,차대차 - 측면직각충돌,신호위반,건조,맑음,교차로 - 교차로안,승용,여,52세,경상,화물,여,63세,경상
2015120300100136,2015년 12월 3일 08시,목요일,전라남도 보성군 보성읍,중상사고,0,1,0,0,차대사람 - 횡단중,안전운전불이행,건조,맑음,단일로 - 기타,승용,여,45세,상해없음,보행자,남,49세,중상
2015120300100196,2015년 12월 3일 10시,목요일,전라남도 여수시 신기동,경상사고,0,0,2,0,차대차 - 추돌 - 진행중,안전운전불이행,건조,맑음,단일로 - 기타,화물,남,52세,상해없음,승용,여,55세,경상
2015120300100197,2015년 12월 3일 10시,목요일,전라남도 고흥군 포두면,중상사고,0,1,0,1,차대차 - 측면직각충돌,안전운전불이행,건조,맑음,교차로 - 교차로안,화물,남,56세,부상신고,화물,남,33세,중상
2015120300100199,2015년 12월 3일 10시,목요일,전라남도 광양시 금호동,중상사고,0,1,2,0,차대차 - 정면충돌,안전운전불이행,건조,맑음,단일로 - 기타,승용,남,72세,경상,화물,남,40세,경상
2015120300100227,2015년 12월 3일 11시,목요일,전라남도 강진군 강진읍,중상사고,0,1,0,0,차대차 - 정면충돌,직진우회전진행방해,건조,맑음,교차로 - 교차로안,원동기,여,71세,중상,승용,남,75세,상해없음
2015120300100228,2015년 12월 3일 11시,목요일,전라남도 완도군 완도읍,중상사고,0,1,0,0,차대사람 - 횡단중,안전운전불이행,건조,맑음,교차로 - 교차로안,화물,남,53세,상해없음,보행자,여,65세,중상
2015120300100229,2015년 12월 3일 11시,목요일,전라남도 진도군 임회면,경상사고,0,0,6,0,차대차 - 정면충돌,교차로운행방법위반,건조,흐림,교차로 - 교차로안,승용,여,56세,경상,승용,남,39세,경상
2015120300100319,2015년 12월 3일 14시,목요일,전라남도 영광군 영광읍,경상사고,0,0,1,0,차대차 - 측면직각충돌,교차로운행방법위반,건조,맑음,교차로 - 교차로안,승용,여,72세,상해없음,승용,남,73세,상해없음
2015120300100350,2015년 12월 3일 15시,목요일,전라남도 광양시 중동,경상사고,0,0,1,0,차대차 - 측면직각충돌,교차로운행방법위반,건조,맑음,교차로 - 교차로안,승용,여,50세,상해없음,승용,여,47세,경상
2015120300100381,2015년 12월 3일 16시,목요일,전라남도 장흥군 장흥읍,중상사고,0,3,1,0,차대차 - 측면직각충돌,안전운전불이행,건조,맑음,단일로 - 기타,특수,남,49세,상해없음,화물,남,57세,중상
2015120300100382,2015년 12월 3일 16시,목요일,전라남도 보성군 벌교읍,중상사고,0,1,2,0,차대사람 - 횡단중,기타,건조,맑음,교차로 - 교차로안,승용,여,68세,상해없음,보행자,여,29세,중상
2015120300100383,2015년 12월 3일 16시,목요일,전라남도 진도군 군내면,중상사고,0,1,0,0,차대차 - 정면충돌,신호위반,습기,비,교차로 - 교차로안,화물,남,57세,상해없음,승용,여,54세,중상
2015120300100469,2015년 12월 3일 18시,목요일,전라남도 목포시 옥암동,경상사고,0,0,1,0,차대차 - 정면충돌,안전운전불이행,건조,맑음,단일로 - 기타,승용,여,40세,상해없음,이륜,남,61세,경상
2015120300100470,2015년 12월 3일 18시,목요일,전라남도 목포시 옥암동,경상사고,0,0,1,0,차대차 - 추돌 - 주정차중,안전거리미확보,습기,눈,교차로 - 교차로부근,승용,여,29세,상해없음,승용,남,29세,경상
2015120300100471,2015년 12월 3일 18시,목요일,전라남도 목포시 옥암동,경상사고,0,0,1,0,차대차 - 정면충돌,안전운전불이행,건조,맑음,교차로 - 교차로안,승용,여,47세,상해없음,승용,여,62세,경상
2015120300100511,2015년 12월 3일 19시,목요일,전라남도 장성군 남면,중상사고,0,2,0,0,차대차 - 기타,교차로운행방법위반,습기,눈,교차로 - 교차로안,건설기계,남,44세,상해없음,승용,남,24세,중상
2015120300100570,2015년 12월 3일 21시,목요일,전라남도 광양시 중동,경상사고,0,0,2,0,차대차 - 추돌 - 진행중,안전운전불이행,습기,눈,단일로 - 기타,승용,남,40세,상해없음,승용,여,35세,경상
2015120300100598,2015년 12월 3일 22시,목요일,전라남도 장성군 장성읍,경상사고,0,0,2,0,차대차 - 측면직각충돌,교차로운행방법위반,습기,눈,교차로 - 교차로안,승용,남,48세,경상,승용,남,47세,경상
2015120400100077,2015년 12월 4일 06시,금요일,전라남도 목포시 상동,중상사고,0,1,0,0,차대사람 - 횡단중,신호위반,건조,맑음,단일로 - 기타,화물,남,40세,상해없음,보행자,여,75세,중상
2015120400100090,2015년 12월 4일 07시,금요일,전라남도 광양시 광양읍,경상사고,0,0,1,0,차대차 - 정면충돌,안전운전불이행,결빙,맑음,단일로 - 기타,화물,여,53세,상해없음,화물,남,48세,경상
2015120400100162,2015년 12월 4일 09시,금요일,전라남도 순천시 조례동,경상사고,0,0,2,0,차대차 - 기타,신호위반,건조,맑음,교차로 - 교차로안,화물,남,54세,상해없음,승용,남,42세,경상
2015120400100163,2015년 12월 4일 09시,금요일,전라남도 영광군 영광읍,사망사고,1,0,0,0,차대차 - 추돌 - 진행중,안전운전불이행,건조,맑음,단일로 - 기타,원동기,남,76세,사망,화물,남,45세,상해없음
2015120400100183,2015년 12월 4일 10시,금요일,전라남도 영암군 삼호읍,경상사고,0,0,2,0,차대차 - 측면직각충돌,안전운전불이행,건조,맑음,단일로 - 기타,화물,남,70세,경상,특수,남,35세,경상
2015120400100184,2015년 12월 4일 10시,금요일,전라남도 영암군 영암읍,중상사고,0,1,0,0,차대차 - 정면충돌,안전운전불이행,건조,맑음,교차로 - 교차로안,이륜,남,78세,상해없음,이륜,남,73세,중상
2015120400100240,2015년 12월 4일 12시,금요일,전라남도 순천시 서면,경상사고,0,0,1,1,차대차 - 기타,안전운전불이행,건조,맑음,단일로 - 기타,승용,남,57세,부상신고,승용,여,57세,경상
2015120400100270,2015년 12월 4일 13시,금요일,전라남도 광양시 광양읍,중상사고,0,1,1,0,차대차 - 측면직각충돌,직진우회전진행방해,건조,맑음,교차로 - 교차로안,승용,남,38세,경상,이륜,남,79세,중상
2015120400100325,2015년 12월 4일 15시,금요일,전라남도 여수시 관문동,중상사고,0,1,3,0,차대차 - 측면직각충돌,안전운전불이행,습기,비,단일로 - 기타,승합,남,47세,상해없음,승용,남,57세,경상
2015120400100357,2015년 12월 4일 16시,금요일,전라남도 담양군 담양읍,경상사고,0,0,2,0,차대차 - 추돌 - 진행중,안전거리미확보,습기,비,단일로 - 기타,승용,남,62세,경상,화물,남,57세,상해없음
2015120400100403,2015년 12월 4일 17시,금요일,전라남도 나주시 금성동,경상사고,0,0,2,0,차대차 - 기타,안전운전불이행,건조,맑음,단일로 - 기타,승용,남,69세,상해없음,승용,여,46세,경상
2015120400100462,2015년 12월 4일 18시,금요일,전라남도 나주시 문평면,경상사고,0,0,1,0,차대차 - 추돌 - 주정차중,안전운전불이행,건조,기타,단일로 - 기타,승용,남,37세,경상,화물,남,49세,기타불명
2015120400100463,2015년 12월 4일 18시,금요일,전라남도 장흥군 대덕읍,중상사고,0,1,0,0,차량단독 - 전도전복,안전운전불이행,건조,맑음,단일로 - 기타,이륜,남,57세,중상,,,,
2015120400100464,2015년 12월 4일 18시,금요일,전라남도 해남군 해남읍,경상사고,0,0,1,0,차대차 - 기타,안전운전불이행,건조,맑음,교차로 - 교차로안,승용,남,30세,상해없음,화물,여,67세,경상
2015120400100512,2015년 12월 4일 19시,금요일,전라남도 여수시 문수동,중상사고,0,1,0,0,차대사람 - 횡단중,안전운전불이행,건조,맑음,단일로 - 기타,승용,남,22세,상해없음,보행자,여,49세,중상
2015120400100513,2015년 12월 4일 19시,금요일,전라남도 여수시 선원동,경상사고,0,0,2,0,차대차 - 추돌 - 진행중,안전운전불이행,건조,맑음,단일로 - 기타,승용,남,50세,상해없음,승용,여,47세,경상
2015120400100514,2015년 12월 4일 19시,금요일,전라남도 여수시 신월동,경상사고,0,0,7,0,차대차 - 정면충돌,안전운전불이행,건조,맑음,단일로 - 기타,승합,남,60세,상해없음,승용,남,46세,경상
2015120400100515,2015년 12월 4일 19시,금요일,전라남도 순천시 조례동,경상사고,0,0,1,0,차대차 - 정면충돌,중앙선침범,건조,맑음,교차로 - 교차로부근,승용,남,52세,상해없음,승용,남,24세,경상
2015120400100558,2015년 12월 4일 20시,금요일,전라남도 목포시 산정동,경상사고,0,0,3,0,차대차 - 정면충돌,안전운전불이행,기타,기타,기타 - 기타,승용,남,39세,경상,이륜,남,41세,경상
2015120400100652,2015년 12월 4일 23시,금요일,전라남도 목포시 옥암동,경상사고,0,0,1,0,차대차 - 정면충돌,안전운전불이행,건조,흐림,단일로 - 기타,기타불명,기타불명,기타불명,기타불명,승용,남,56세,경상
2015120400100653,2015년 12월 4일 23시,금요일,전라남도 여수시 안산동,중상사고,0,1,0,0,차대차 - 측면직각충돌,신호위반,건조,맑음,교차로 - 교차로안,승용,남,23세,상해없음,원동기,남,39세,중상
2015120400100654,2015년 12월 4일 23시,금요일,전라남도 순천시 조례동,경상사고,0,0,1,0,차량단독 - 전도전복,안전운전불이행,건조,맑음,단일로 - 기타,승용,남,25세,경상,,,,
2015120500100099,2015년 12월 5일 05시,토요일,전라남도 나주시 세지면,경상사고,0,0,1,0,차량단독 - 전도전복,안전운전불이행,건조,맑음,교차로 - 교차로부근,화물,남,32세,경상,,,,
2015120500100130,2015년 12월 5일 07시,토요일,전라남도 목포시 산정동,중상사고,0,2,0,0,차대차 - 정면충돌,안전운전불이행,건조,맑음,기타 - 기타,승용,남,54세,상해없음,이륜,남,77세,중상
2015120500100148,2015년 12월 5일 08시,토요일,전라남도 순천시 서면,경상사고,0,0,3,0,차대차 - 기타,안전운전불이행,건조,맑음,교차로 - 교차로부근,승용,여,40세,상해없음,승용,남,52세,경상
2015120500100149,2015년 12월 5일 08시,토요일,전라남도 곡성군 옥과면,중상사고,0,1,1,0,차량단독 - 전도전복,안전운전불이행,결빙,흐림,단일로 - 기타,화물,남,65세,경상,,,,
2015120500100206,2015년 12월 5일 10시,토요일,전라남도 순천시 동외동,경상사고,0,0,1,0,차대사람 - 기타,안전운전불이행,건조,맑음,단일로 - 기타,화물,남,60세,상해없음,보행자,남,58세,경상
2015120500100207,2015년 12월 5일 10시,토요일,전라남도 장성군 황룡면,경상사고,0,0,1,0,차대차 - 정면충돌,안전운전불이행,건조,맑음,교차로 - 교차로부근,화물,남,47세,상해없음,승용,남,24세,상해없음
2015120500100208,2015년 12월 5일 10시,토요일,전라남도 광양시 광양읍,경상사고,0,0,2,0,차대차 - 정면충돌,교차로운행방법위반,건조,맑음,교차로 - 교차로안,승용,남,30세,경상,승용,여,24세,경상
2015120500100246,2015년 12월 5일 11시,토요일,전라남도 광양시 광양읍,중상사고,0,1,1,0,차대차 - 정면충돌,교차로운행방법위반,건조,맑음,교차로 - 교차로안,승용,여,53세,경상,이륜,남,72세,중상
2015120500100305,2015년 12월 5일 13시,토요일,전라남도 목포시 상동,경상사고,0,0,1,0,차대사람 - 횡단중,안전운전불이행,건조,맑음,기타 - 기타,이륜,남,19세,상해없음,보행자,남,6세,경상
2015120500100306,2015년 12월 5일 13시,토요일,전라남도 목포시 산정동,경상사고,0,0,2,0,차대차 - 정면충돌,교차로운행방법위반,건조,맑음,교차로 - 교차로안,이륜,남,24세,경상,이륜,남,19세,경상
2015120500100307,2015년 12월 5일 13시,토요일,전라남도 함평군 월야면,경상사고,0,0,1,0,차대차 - 정면충돌,안전운전불이행,건조,맑음,단일로 - 기타,승합,남,33세,상해없음,화물,남,36세,경상
2015120500100308,2015년 12월 5일 13시,토요일,전라남도 영암군 영암읍,경상사고,0,0,1,0,차량단독 - 전도전복,안전운전불이행,건조,맑음,단일로 - 기타,승용,남,49세,경상,,,,
2015120500100309,2015년 12월 5일 13시,토요일,전라남도 완도군 노화읍,중상사고,0,1,1,0,차대차 - 정면충돌,중앙선침범,건조,맑음,단일로 - 기타,승용,남,58세,중상,화물,남,64세,경상