사고번호,사고일시,요일,시군구,사고내용,사망자수,중상자수,경상자수,부상신고자수,사고유형,법규위반,노면상태,기상상태,도로형태,가해운전자 차종,가해운전자 성별,가해운전자 연령,가해운전자 상해정도,피해운전자 차종,피해운전자 성별,피해운전자 연령,피해운전자 상해정도
2015120500100381,2015년 12월 5일 15시,토요일,전라남도 고흥군 고흥읍,중상사고,0,1,0,0,차대사람 - 기타,안전운전불이행,건조,맑음,단일로 - 기타,승용,남,60세,상해없음,보행자,여,71세,중상
2015120500100412,2015년 12월 5일 16시,토요일,전라남도 목포시 용당동,경상사고,0,0,1,0,차대사람 - 횡단중,안전운전불이행,건조,맑음,기타 - 기타,승용,남,57세,상해없음,보행자,남,72세,경상
2015120500100413,2015년 12월 5일 16시,토요일,전라남도 여수시 화장동,경상사고,0,0,2,0,차대차 - 추돌 - 진행중,안전운전불이행,건조,맑음,교차로 - 교차로안,화물,남,47세,상해없음,승용,남,27세,경상
2015120500100447,2015년 12월 5일 17시,토요일,전라남도 순천시 연향동,경상사고,0,0,1,0,차대사람 - 횡단중,안전운전불이행,건조,맑음,교차로 - 교차로부근,화물,남,47세,상해없음,보행자,남,57세,경상
2015120500100448,2015년 12월 5일 17시,토요일,전라남도 해남군 옥천면,중상사고,0,1,1,0,차대차 - 정면충돌,중앙선침범,건조,맑음,교차로 - 교차로안,화물,남,52세,경상,승용,남,42세,중상
2015120500100449,2015년 12월 5일 17시,토요일,전라남도 영암군 삼호읍,경상사고,0,0,2,0,차대차 - 측면직각충돌,신호위반,건조,맑음,교차로 - 교차로안,승용,남,31세,상해없음,승용,남,48세,경상
2015120500100510,2015년 12월 5일 18시,토요일,전라남도 목포시 상동,경상사고,0,0,1,0,차대차 - 정면충돌,안전운전불이행,건조,맑음,교차로 - 교차로부근,승용,남,23세,상해없음,승용,남,46세,경상
2015120500100511,2015년 12월 5일 18시,토요일,전라남도 목포시 옥암동,경상사고,0,0,3,0,차대차 - 측면직각충돌,안전운전불이행,건조,흐림,교차로 - 교차로안,승용,남,40세,경상,화물,남,55세,상해없음
2015120500100512,2015년 12월 5일 18시,토요일,전라남도 여수시 소라면,경상사고,0,0,1,0,차대차 - 정면충돌,안전운전불이행,건조,맑음,단일로 - 기타,원동기,남,22세,상해없음,승용,남,45세,경상
2015120500100559,2015년 12월 5일 19시,토요일,전라남도 순천시 석현동,사망사고,1,0,0,0,차대사람 - 기타,안전운전불이행,건조,맑음,단일로 - 기타,승용,남,26세,상해없음,보행자,남,64세,사망
2015120500100592,2015년 12월 5일 20시,토요일,전라남도 여수시 학동,경상사고,0,0,1,0,차대차 - 측면직각충돌,교차로운행방법위반,건조,맑음,교차로 - 교차로안,승용,여,53세,상해없음,승용,남,27세,경상
2015120500100649,2015년 12월 5일 22시,토요일,전라남도 순천시 남정동,경상사고,0,0,1,0,차대차 - 정면충돌,안전운전불이행,건조,맑음,교차로 - 교차로안,승용,남,59세,상해없음,승용,남,57세,경상
2015120500100669,2015년 12월 5일 23시,토요일,전라남도 여수시 웅천동,경상사고,0,0,1,0,차대차 - 측면직각충돌,차로위반,건조,맑음,교차로 - 교차로부근,승용,남,49세,상해없음,원동기,남,17세,경상
2015120600100043,2015년 12월 6일 01시,일요일,전라남도 순천시 해룡면,경상사고,0,0,1,0,차대사람 - 기타,안전운전불이행,건조,맑음,교차로 - 교차로부근,승용,남,49세,상해없음,보행자,남,35세,경상
2015120600100069,2015년 12월 6일 02시,일요일,전라남도 화순군 동면,중상사고,0,2,0,0,차대차 - 정면충돌,안전운전불이행,건조,맑음,단일로 - 기타,승용,남,25세,상해없음,승용,남,28세,중상
2015120600100104,2015년 12월 6일 05시,일요일,전라남도 여수시 학동,경상사고,0,0,1,0,차대차 - 정면충돌,안전운전불이행,건조,맑음,교차로 - 교차로안,승용,남,19세,상해없음,승용,남,62세,경상
2015120600100121,2015년 12월 6일 07시,일요일,전라남도 무안군 무안읍,경상사고,0,0,1,0,차대사람 - 횡단중,안전운전불이행,건조,흐림,단일로 - 기타,승용,남,60세,상해없음,보행자,남,69세,경상
2015120600100134,2015년 12월 6일 08시,일요일,전라남도 영암군 영암읍,중상사고,0,1,0,0,차량단독 - 전도전복,안전운전불이행,건조,맑음,단일로 - 기타,승용,남,60세,중상,,,,
2015120600100135,2015년 12월 6일 08시,일요일,전라남도 영암군 시종면,중상사고,0,1,0,0,차량단독 - 전도전복,안전운전불이행,건조,맑음,단일로 - 기타,승용,여,45세,중상,,,,
2015120600100166,2015년 12월 6일 10시,일요일,전라남도 여수시 신기동,경상사고,0,0,2,0,차대차 - 정면충돌,교차로운행방법위반,건조,맑음,교차로 - 교차로안,승용,남,44세,상해없음,승용,남,70세,상해없음
2015120600100167,2015년 12월 6일 10시,일요일,전라남도 나주시 노안면,경상사고,0,0,2,0,차대차 - 정면충돌,안전운전불이행,건조,맑음,교차로 - 교차로안,화물,남,61세,상해없음,승용,여,43세,경상
2015120600100168,2015년 12월 6일 10시,일요일,전라남도 진도군 지산면,경상사고,0,0,2,0,차대차 - 정면충돌,중앙선침범,건조,맑음,단일로 - 기타,화물,여,50세,경상,화물,남,66세,경상
2015120600100216,2015년 12월 6일 12시,일요일,전라남도 영암군 삼호읍,중상사고,0,1,3,0,차대차 - 정면충돌,신호위반,건조,맑음,교차로 - 교차로안,승용,남,68세,경상,승용,남,29세,중상
2015120600100239,2015년 12월 6일 13시,일요일,전라남도 보성군 회천면,경상사고,0,0,2,0,차대차 - 측면직각충돌,중앙선침범,건조,맑음,단일로 - 기타,승용,여,56세,상해없음,승용,여,59세,상해없음
2015120600100278,2015년 12월 6일 15시,일요일,전라남도 무안군 무안읍,경상사고,0,0,2,0,차대차 - 정면충돌,안전거리미확보,건조,맑음,단일로 - 기타,승용,남,32세,상해없음,승용,남,24세,경상
2015120600100369,2015년 12월 6일 18시,일요일,전라남도 담양군 창평면,중상사고,0,1,0,0,차대차 - 정면충돌,안전운전불이행,건조,맑음,단일로 - 기타,원동기,남,80세,중상,화물,남,43세,기타불명
2015120600100370,2015년 12월 6일 18시,일요일,전라남도 무안군 현경면,중상사고,0,1,0,0,차대차 - 정면충돌,중앙선침범,건조,맑음,단일로 - 기타,화물,남,46세,상해없음,이륜,남,65세,중상
2015120600100459,2015년 12월 6일 21시,일요일,전라남도 순천시 조례동,중상사고,0,1,0,0,차대사람 - 횡단중,보행자보호의무위반,건조,맑음,단일로 - 기타,승용,여,45세,상해없음,보행자,여,62세,중상
2015120600100485,2015년 12월 6일 22시,일요일,전라남도 순천시 연향동,부상신고사고,0,0,0,1,차대차 - 측면직각충돌,안전운전불이행,건조,기타,교차로 - 교차로부근,승용,남,60세,상해없음,승용,남,32세,부상신고
2015120600100486,2015년 12월 6일 22시,일요일,전라남도 나주시 성북동,중상사고,0,1,0,0,차대차 - 정면충돌,직진우회전진행방해,건조,맑음,교차로 - 교차로안,승용,남,72세,상해없음,원동기,남,62세,중상
2015120600100487,2015년 12월 6일 22시,일요일,전라남도 광양시 중동,중상사고,0,1,0,0,차대차 - 정면충돌,불법유턴,건조,맑음,단일로 - 기타,승용,남,26세,상해없음,원동기,남,23세,중상
2015120700100010,2015년 12월 7일 00시,월요일,전라남도 광양시 중동,경상사고,0,0,2,0,차대차 - 정면충돌,안전운전불이행,건조,맑음,교차로 - 교차로부근,승용,남,49세,상해없음,승용,남,26세,경상
2015120700100099,2015년 12월 7일 07시,월요일,전라남도 강진군 강진읍,사망사고,1,0,0,0,차대사람 - 횡단중,안전운전불이행,건조,맑음,단일로 - 기타,승합,남,34세,상해없음,보행자,여,81세,사망
2015120700100100,2015년 12월 7일 07시,월요일,전라남도 완도군 노화읍,사망사고,1,0,0,0,차대차 - 추돌 - 진행중,안전운전불이행,건조,맑음,단일로 - 기타,승용,남,60세,상해없음,농기계,남,78세,사망
2015120700100101,2015년 12월 7일 07시,월요일,전라남도 진도군 군내면,사망사고,1,0,0,0,차대차 - 정면충돌,안전거리미확보,건조,맑음,미분류 - 미분류,화물,남,33세,상해없음,농기계,남,80세,사망
2015120700100102,2015년 12월 7일 07시,월요일,전라남도 광양시 광양읍,중상사고,0,1,1,0,차대차 - 정면충돌,안전운전불이행,건조,맑음,교차로 - 교차로안,승합,남,63세,경상,승용,남,34세,중상
2015120700100147,2015년 12월 7일 08시,월요일,전라남도 여수시 중흥동,경상사고,0,0,1,0,차대차 - 측면직각충돌,교차로운행방법위반,건조,맑음,교차로 - 교차로안,화물,남,48세,상해없음,승용,남,41세,경상
2015120700100148,2015년 12월 7일 08시,월요일,전라남도 순천시 황전면,사망사고,1,0,0,0,차량단독 - 전도전복,안전운전불이행,습기,안개,교차로 - 교차로안,화물,남,43세,사망,,,,
2015120700100149,2015년 12월 7일 08시,월요일,전라남도 완도군 노화읍,사망사고,1,0,0,0,차대차 - 측면직각충돌,안전거리미확보,건조,맑음,단일로 - 기타,승용,여,38세,상해없음,농기계,남,72세,사망
2015120700100150,2015년 12월 7일 08시,월요일,전라남도 광양시 광양읍,경상사고,0,0,1,0,차대차 - 정면충돌,불법유턴,건조,맑음,단일로 - 기타,화물,남,49세,상해없음,승용,남,52세,경상
2015120700100211,2015년 12월 7일 10시,월요일,전라남도 여수시 호명동,사망사고,1,2,1,0,차대차 - 정면충돌,중앙선침범,건조,맑음,단일로 - 기타,승용,여,39세,중상,승용,여,44세,중상
2015120700100212,2015년 12월 7일 10시,월요일,전라남도 무안군 무안읍,경상사고,0,0,1,0,차대차 - 측면직각충돌,신호위반,건조,맑음,교차로 - 교차로안,승합,여,50세,상해없음,이륜,남,73세,경상
2015120700100213,2015년 12월 7일 10시,월요일,전라남도 진도군 군내면,중상사고,0,1,0,0,차대차 - 정면충돌,안전운전불이행,건조,맑음,단일로 - 기타,승용,남,65세,상해없음,이륜,남,72세,중상
2015120700100214,2015년 12월 7일 10시,월요일,전라남도 광양시 중동,경상사고,0,0,3,0,차대차 - 정면충돌,신호위반,건조,맑음,교차로 - 교차로안,승용,여,50세,상해없음,승용,여,30세,경상
2015120700100241,2015년 12월 7일 11시,월요일,전라남도 담양군 금성면,경상사고,0,0,1,0,차량단독 - 전도전복,안전운전불이행,건조,맑음,단일로 - 기타,승용,남,42세,경상,,,,
2015120700100242,2015년 12월 7일 11시,월요일,전라남도 광양시 황길동,경상사고,0,0,1,0,차대차 - 기타,안전운전불이행,건조,맑음,교차로 - 교차로안,승용,여,34세,경상,화물,남,50세,상해없음
2015120700100267,2015년 12월 7일 12시,월요일,전라남도 목포시 산정동,경상사고,0,0,1,0,차대차 - 측면직각충돌,안전운전불이행,건조,맑음,단일로 - 기타,승용,여,49세,상해없음,승용,남,39세,경상
2015120700100268,2015년 12월 7일 12시,월요일,전라남도 순천시 풍덕동,중상사고,0,1,0,0,차대사람 - 기타,안전운전불이행,건조,맑음,단일로 - 기타,승용,여,39세,상해없음,보행자,남,71세,중상
2015120700100298,2015년 12월 7일 13시,월요일,전라남도 여수시 문수동,경상사고,0,0,1,0,차대차 - 정면충돌,교차로운행방법위반,건조,맑음,교차로 - 교차로안,승용,남,72세,상해없음,승용,여,40세,경상
2015120700100299,2015년 12월 7일 13시,월요일,전라남도 장흥군 부산면,사망사고,1,2,1,0,차대차 - 정면충돌,중앙선침범,건조,맑음,단일로 - 기타,화물,남,69세,사망,화물,남,77세,경상
2015120700100334,2015년 12월 7일 14시,월요일,전라남도 목포시 산정동,경상사고,0,0,1,0,차대차 - 정면충돌,신호위반,건조,맑음,교차로 - 교차로안,승용,여,27세,상해없음,이륜,남,35세,경상
2015120700100335,2015년 12월 7일 14시,월요일,전라남도 여수시 국동,부상신고사고,0,0,0,1,차대차 - 측면직각충돌,기타,건조,맑음,교차로 - 교차로안,기타불명,기타불명,기타불명,기타불명,원동기,남,27세,부상신고
2015120700100336,2015년 12월 7일 14시,월요일,전라남도 순천시 해룡면,경상사고,0,0,2,0,차대차 - 추돌 - 진행중,안전운전불이행,건조,맑음,단일로 - 기타,승용,남,77세,상해없음,승용,남,47세,경상
2015120700100337,2015년 12월 7일 14시,월요일,전라남도 무안군 청계면,경상사고,0,0,1,0,차대차 - 정면충돌,안전운전불이행,건조,맑음,단일로 - 기타,승합,남,22세,경상,승용,남,41세,상해없음
2015120700100374,2015년 12월 7일 15시,월요일,전라남도 고흥군 고흥읍,경상사고,0,0,1,0,차대차 - 정면충돌,안전운전불이행,건조,맑음,교차로 - 교차로안,승용,남,46세,상해없음,화물,남,44세,기타불명
2015120700100453,2015년 12월 7일 17시,월요일,전라남도 여수시 소라면,경상사고,0,0,2,0,차대차 - 추돌 - 주정차중,안전운전불이행,건조,맑음,교차로 - 교차로부근,승용,남,60세,상해없음,화물,남,57세,경상
2015120700100454,2015년 12월 7일 17시,월요일,전라남도 해남군 해남읍,경상사고,0,0,1,0,차대차 - 정면충돌,안전운전불이행,건조,맑음,교차로 - 교차로안,승용,남,71세,상해없음,이륜,남,50세,경상
2015120700100455,2015년 12월 7일 17시,월요일,전라남도 화순군 화순읍,중상사고,0,1,0,0,차대사람 - 횡단중,안전운전불이행,건조,맑음,단일로 - 기타,승용,여,39세,상해없음,보행자,여,48세,중상
2015120700100494,2015년 12월 7일 18시,월요일,전라남도 여수시 화양면,경상사고,0,0,1,0,차대차 - 추돌 - 진행중,중앙선침범,건조,맑음,단일로 - 기타,승용,남,54세,상해없음,승용,남,41세,경상
2015120700100495,2015년 12월 7일 18시,월요일,전라남도 순천시 풍덕동,중상사고,0,1,0,0,차대차 - 기타,중앙선침범,건조,맑음,단일로 - 기타,승용,남,53세,상해없음,이륜,여,16세,중상
2015120700100496,2015년 12월 7일 18시,월요일,전라남도 영암군 삼호읍,경상사고,0,0,1,0,차대차 - 정면충돌,안전운전불이행,건조,맑음,교차로 - 교차로안,승용,여,33세,기타불명,승용,남,45세,경상
2015120700100537,2015년 12월 7일 19시,월요일,전라남도 순천시 연향동,중상사고,0,2,1,0,차대차 - 기타,안전운전불이행,건조,맑음,교차로 - 교차로부근,승용,여,50세,상해없음,승용,남,52세,중상
2015120700100538,2015년 12월 7일 19시,월요일,전라남도 순천시 장천동,중상사고,0,1,0,0,차대사람 - 횡단중,신호위반,건조,맑음,단일로 - 횡단보도상,승용,남,57세,상해없음,보행자,여,51세,중상
2015120700100596,2015년 12월 7일 21시,월요일,전라남도 여수시 여서동,중상사고,0,1,0,0,차대사람 - 횡단중,안전운전불이행,건조,맑음,단일로 - 기타,승용,남,63세,상해없음,보행자,남,14세,중상
2015120800100075,2015년 12월 8일 06시,화요일,전라남도 순천시 조례동,중상사고,0,1,1,0,차대차 - 정면충돌,직진우회전진행방해,건조,맑음,교차로 - 교차로안,승용,여,42세,상해없음,이륜,남,46세,중상
2015120800100142,2015년 12월 8일 08시,화요일,전라남도 여수시 국동,경상사고,0,0,2,0,차대차 - 측면직각충돌,교차로운행방법위반,건조,맑음,교차로 - 교차로안,승용,남,40세,상해없음,승용,여,27세,경상
2015120800100143,2015년 12월 8일 08시,화요일,전라남도 순천시 오천동,경상사고,0,0,2,0,차대차 - 정면충돌,안전운전불이행,건조,맑음,단일로 - 기타,승용,남,39세,상해없음,승용,여,46세,경상
2015120800100180,2015년 12월 8일 09시,화요일,전라남도 광양시 광양읍,경상사고,0,0,1,0,차대차 - 추돌 - 진행중,교차로운행방법위반,건조,맑음,단일로 - 교량,건설기계,남,54세,상해없음,화물,남,31세,경상
2015120800100213,2015년 12월 8일 10시,화요일,전라남도 여수시 중흥동,경상사고,0,0,2,0,차대차 - 추돌 - 진행중,신호위반,건조,맑음,교차로 - 교차로안,승용,남,55세,상해없음,화물,남,29세,경상
2015120800100214,2015년 12월 8일 10시,화요일,전라남도 나주시 송월동,경상사고,0,0,1,0,차대사람 - 기타,안전운전불이행,건조,맑음,단일로 - 기타,승용,여,55세,상해없음,보행자,남,36세,경상
2015120800100246,2015년 12월 8일 11시,화요일,전라남도 목포시 산정동,중상사고,0,1,0,0,차대사람 - 횡단중,안전운전불이행,건조,맑음,교차로 - 교차로안,기타불명,기타불명,기타불명,기타불명,보행자,여,78세,중상
2015120800100247,2015년 12월 8일 11시,화요일,전라남도 광양시 다압면,중상사고,0,1,0,1,차대차 - 측면직각충돌,중앙선침범,건조,맑음,단일로 - 기타,농기계,남,76세,중상,화물,남,55세,부상신고
2015120800100271,2015년 12월 8일 12시,화요일,전라남도 목포시 옥암동,경상사고,0,0,4,0,차대차 - 추돌 - 주정차중,안전운전불이행,건조,흐림,교차로 - 교차로부근,화물,남,55세,경상,승용,여,38세,경상
2015120800100272,2015년 12월 8일 12시,화요일,전라남도 장성군 동화면,중상사고,0,4,0,0,차대차 - 측면직각충돌,안전운전불이행,건조,맑음,교차로 - 교차로안,승용,여,59세,중상,승용,남,58세,중상
2015120800100298,2015년 12월 8일 13시,화요일,전라남도 순천시 매곡동,경상사고,0,0,1,0,차대차 - 기타,안전운전불이행,건조,맑음,교차로 - 교차로안,화물,남,48세,상해없음,승용,여,51세,경상
2015120800100328,2015년 12월 8일 14시,화요일,전라남도 구례군 구례읍,경상사고,0,0,1,0,차대차 - 정면충돌,안전운전불이행,건조,맑음,교차로 - 교차로안,자전거,남,77세,경상,승용,여,51세,상해없음
2015120800100360,2015년 12월 8일 15시,화요일,전라남도 목포시 석현동,경상사고,0,0,1,0,차대차 - 측면직각충돌,안전거리미확보,건조,맑음,교차로 - 교차로부근,건설기계,남,52세,상해없음,승용,여,43세,경상
2015120800100361,2015년 12월 8일 15시,화요일,전라남도 신안군 지도읍,중상사고,0,1,0,0,차량단독 - 기타,안전운전불이행,건조,맑음,단일로 - 기타,이륜,남,66세,중상,,,,
2015120800100362,2015년 12월 8일 15시,화요일,전라남도 고흥군 금산면,경상사고,0,0,1,0,차대차 - 정면충돌,중앙선침범,건조,맑음,교차로 - 교차로안,이륜,여,49세,경상,화물,남,63세,상해없음
2015120800100363,2015년 12월 8일 15시,화요일,전라남도 영광군 영광읍,경상사고,0,0,2,0,차량단독 - 기타,안전운전불이행,건조,맑음,단일로 - 기타,화물,남,46세,경상,,,,
2015120800100364,2015년 12월 8일 15시,화요일,전라남도 광양시 황길동,경상사고,0,0,2,0,차대차 - 정면충돌,안전운전불이행,건조,맑음,단일로 - 기타,승용,남,52세,상해없음,승용,남,38세,경상
2015120800100398,2015년 12월 8일 16시,화요일,전라남도 순천시 풍덕동,경상사고,0,0,1,0,차대차 - 정면충돌,안전운전불이행,건조,맑음,교차로 - 교차로부근,승용,여,42세,상해없음,원동기,남,56세,경상
2015120800100399,2015년 12월 8일 16시,화요일,전라남도 고흥군 도화면,사망사고,1,0,0,0,차대사람 - 차도통행중,안전운전불이행,건조,맑음,단일로 - 기타,화물,여,64세,상해없음,보행자,남,79세,사망
2015120800100437,2015년 12월 8일 17시,화요일,전라남도 여수시 미평동,중상사고,0,1,0,0,차대차 - 측면직각충돌,안전운전불이행,건조,맑음,교차로 - 교차로부근,승용,남,39세,상해없음,자전거,여,55세,중상
2015120800100438,2015년 12월 8일 17시,화요일,전라남도 나주시 봉황면,부상신고사고,0,0,0,1,차대차 - 추돌 - 주정차중,안전운전불이행,건조,맑음,단일로 - 기타,승용,남,69세,부상신고,농기계,남,69세,기타불명
2015120800100439,2015년 12월 8일 17시,화요일,전라남도 장성군 북하면,경상사고,0,0,1,0,차대차 - 정면충돌,교차로운행방법위반,건조,맑음,교차로 - 교차로안,화물,남,23세,상해없음,승용,여,39세,경상
2015120800100440,2015년 12월 8일 17시,화요일,전라남도 광양시 마동,중상사고,0,1,0,0,차대사람 - 횡단중,안전운전불이행,건조,맑음,기타 - 기타,승용,남,51세,상해없음,보행자,남,3세,중상
2015120800100483,2015년 12월 8일 18시,화요일,전라남도 나주시 산포면,경상사고,0,0,2,0,차대차 - 추돌 - 주정차중,안전운전불이행,건조,맑음,미분류 - 미분류,승용,여,51세,상해없음,승용,남,45세,경상
2015120800100522,2015년 12월 8일 19시,화요일,전라남도 여수시 문수동,중상사고,0,1,0,0,차대사람 - 차도통행중,안전운전불이행,건조,맑음,단일로 - 기타,승용,남,48세,상해없음,보행자,남,44세,중상
2015120800100523,2015년 12월 8일 19시,화요일,전라남도 여수시 문수동,경상사고,0,0,1,0,차대사람 - 횡단중,안전운전불이행,건조,맑음,단일로 - 기타,기타불명,기타불명,기타불명,기타불명,보행자,남,40세,경상
2015120900100103,2015년 12월 9일 07시,수요일,전라남도 영광군 영광읍,경상사고,0,0,1,0,차대차 - 측면직각충돌,안전운전불이행,건조,맑음,교차로 - 교차로안,승용,남,61세,상해없음,승용,여,52세,경상
2015120900100134,2015년 12월 9일 08시,수요일,전라남도 여수시 돌산읍,경상사고,0,0,1,0,차대차 - 기타,중앙선침범,건조,맑음,교차로 - 교차로부근,이륜,남,69세,상해없음,승용,여,21세,경상
2015120900100135,2015년 12월 9일 08시,수요일,전라남도 영암군 신북면,중상사고,0,1,0,0,차대사람 - 횡단중,안전운전불이행,건조,맑음,단일로 - 기타,승용,남,33세,상해없음,보행자,남,60세,중상
2015120900100166,2015년 12월 9일 09시,수요일,전라남도 목포시 연산동,경상사고,0,0,1,0,차대차 - 추돌 - 주정차중,안전운전불이행,건조,흐림,교차로 - 교차로부근,화물,남,44세,상해없음,승합,남,57세,경상
2015120900100167,2015년 12월 9일 09시,수요일,전라남도 나주시 대호동,경상사고,0,0,1,0,차대사람 - 보도통행중,신호위반,건조,맑음,교차로 - 교차로안,승용,여,35세,상해없음,보행자,남,82세,경상
2015120900100189,2015년 12월 9일 10시,수요일,전라남도 강진군 도암면,중상사고,0,1,1,0,차대차 - 정면충돌,직진우회전진행방해,건조,맑음,교차로 - 교차로안,화물,남,76세,상해없음,원동기,남,77세,중상
2015120900100211,2015년 12월 9일 11시,수요일,전라남도 장흥군 장동면,중상사고,0,1,0,0,차대차 - 측면직각충돌,안전운전불이행,건조,맑음,단일로 - 기타,승용,남,45세,상해없음,원동기,남,70세,중상
2015120900100212,2015년 12월 9일 11시,수요일,전라남도 해남군 문내면,경상사고,0,0,1,0,차대차 - 기타,직진우회전진행방해,건조,맑음,교차로 - 교차로안,승용,여,53세,상해없음,이륜,남,69세,경상
2015120900100239,2015년 12월 9일 12시,수요일,전라남도 목포시 옥암동,경상사고,0,0,1,0,차대차 - 측면직각충돌,안전운전불이행,건조,흐림,교차로 - 교차로안,화물,남,47세,상해없음,승용,남,42세,경상
2015120900100266,2015년 12월 9일 13시,수요일,전라남도 여수시 학동,경상사고,0,0,1,0,차대차 - 측면직각충돌,안전운전불이행,건조,맑음,교차로 - 교차로안,이륜,남,21세,경상,화물,남,22세,상해없음
2015120900100267,2015년 12월 9일 13시,수요일,전라남도 순천시 풍덕동,중상사고,0,1,0,0,차대차 - 기타,안전운전불이행,건조,맑음,교차로 - 교차로부근,승용,남,22세,상해없음,자전거,남,77세,중상
2015120900100268,2015년 12월 9일 13시,수요일,전라남도 강진군 대구면,중상사고,0,1,0,0,차량단독 - 전도전복,안전운전불이행,건조,맑음,단일로 - 기타,화물,남,73세,상해없음,,,,
2015120900100292,2015년 12월 9일 14시,수요일,전라남도 해남군 해남읍,경상사고,0,0,1,0,차대사람 - 차도통행중,안전운전불이행,건조,맑음,교차로 - 교차로안,화물,남,55세,상해없음,보행자,여,17세,경상
2015120900100354,2015년 12월 9일 16시,수요일,전라남도 고흥군 점암면,경상사고,0,0,1,0,차대차 - 측면직각충돌,안전운전불이행,건조,맑음,단일로 - 기타,이륜,남,66세,상해없음,이륜,남,72세,경상
2015120900100355,2015년 12월 9일 16시,수요일,전라남도 장성군 서삼면,중상사고,0,1,2,0,차대차 - 추돌 - 진행중,안전운전불이행,건조,맑음,단일로 - 터널,승용,남,49세,경상,화물,남,52세,경상
2015120900100413,2015년 12월 9일 17시,수요일,전라남도 장흥군 장흥읍,중상사고,0,1,2,0,차대차 - 측면직각충돌,직진우회전진행방해,건조,맑음,교차로 - 교차로안,자전거,여,48세,경상,승용,남,63세,중상
2015120900100456,2015년 12월 9일 18시,수요일,전라남도 목포시 연산동,경상사고,0,0,4,0,차대차 - 측면직각충돌,신호위반,건조,흐림,교차로 - 교차로안,승용,여,32세,경상,승용,남,59세,경상
2015120900100457,2015년 12월 9일 18시,수요일,전라남도 순천시 조례동,경상사고,0,0,2,0,차대차 - 측면직각충돌,직진우회전진행방해,건조,맑음,교차로 - 교차로안,승용,여,54세,경상,승용,여,55세,경상
2015120900100458,2015년 12월 9일 18시,수요일,전라남도 나주시 남평읍,경상사고,0,0,1,0,차대차 - 정면충돌,안전운전불이행,건조,기타,교차로 - 교차로안,승용,남,45세,상해없음,승용,남,25세,경상
2015120900100459,2015년 12월 9일 18시,수요일,전라남도 장성군 황룡면,중상사고,0,1,0,0,차대사람 - 횡단중,안전운전불이행,건조,맑음,교차로 - 교차로부근,화물,남,68세,상해없음,보행자,남,58세,중상
2015120900100460,2015년 12월 9일 18시,수요일,전라남도 광양시 광양읍,중상사고,0,1,1,0,차대차 - 기타,직진우회전진행방해,건조,흐림,교차로 - 교차로안,승용,남,29세,경상,승용,여,28세,중상
2015120900100461,2015년 12월 9일 18시,수요일,전라남도 광양시 중동,경상사고,0,0,4,0,차대차 - 측면직각충돌,신호위반,건조,맑음,교차로 - 교차로안,승합,남,62세,상해없음,승용,남,45세,상해없음
2015120900100516,2015년 12월 9일 19시,수요일,전라남도 목포시 상동,경상사고,0,0,2,0,차대차 - 측면직각충돌,안전운전불이행,건조,흐림,교차로 - 교차로안,승용,여,62세,경상,승용,여,32세,경상
2015120900100517,2015년 12월 9일 19시,수요일,전라남도 광양시 광양읍,경상사고,0,0,1,0,차대차 - 기타,직진우회전진행방해,건조,흐림,교차로 - 교차로안,이륜,남,21세,경상,화물,여,63세,상해없음
2015120900100608,2015년 12월 9일 22시,수요일,전라남도 나주시 빛가람동,경상사고,0,0,2,0,차량단독 - 기타,안전운전불이행,건조,맑음,단일로 - 기타,승용,남,51세,상해없음,,,,
2015121000100090,2015년 12월 10일 06시,목요일,전라남도 목포시 옥암동,경상사고,0,0,1,0,차대차 - 측면직각충돌,신호위반,습기,비,교차로 - 교차로안,승용,남,55세,상해없음,승용,남,33세,경상
2015121000100119,2015년 12월 10일 07시,목요일,전라남도 여수시 화장동,경상사고,0,0,1,0,차대차 - 추돌 - 진행중,중앙선침범,습기,비,단일로 - 기타,승용,남,53세,상해없음,승용,여,36세,경상
2015121000100120,2015년 12월 10일 07시,목요일,전라남도 여수시 선원동,부상신고사고,0,0,0,1,차대사람 - 횡단중,보행자보호의무위반,습기,비,교차로 - 교차로안,기타불명,기타불명,기타불명,기타불명,보행자,남,14세,부상신고
2015121000100121,2015년 12월 10일 07시,목요일,전라남도 완도군 군외면,중상사고,0,2,0,0,차량단독 - 전도전복,안전운전불이행,습기,비,단일로 - 기타,화물,남,34세,중상,,,,
2015121000100158,2015년 12월 10일 08시,목요일,전라남도 목포시 상동,경상사고,0,0,1,0,차대차 - 측면직각충돌,안전운전불이행,습기,비,단일로 - 기타,승용,여,43세,상해없음,자전거,남,44세,경상
2015121000100159,2015년 12월 10일 08시,목요일,전라남도 순천시 연향동,부상신고사고,0,0,0,1,차대사람 - 횡단중,안전운전불이행,습기,비,단일로 - 기타,승용,남,48세,상해없음,보행자,남,7세,부상신고
2015121000100160,2015년 12월 10일 08시,목요일,전라남도 강진군 강진읍,경상사고,0,0,1,0,차대차 - 기타,직진우회전진행방해,습기,비,교차로 - 교차로안,원동기,남,75세,경상,승용,여,42세,상해없음
2015121000100232,2015년 12월 10일 11시,목요일,전라남도 순천시 덕암동,경상사고,0,0,2,0,차대차 - 기타,안전운전불이행,습기,비,교차로 - 교차로부근,화물,남,57세,상해없음,승용,남,61세,경상