사고번호,사고일시,요일,시군구,사고내용,사망자수,중상자수,경상자수,부상신고자수,사고유형,법규위반,노면상태,기상상태,도로형태,가해운전자 차종,가해운전자 성별,가해운전자 연령,가해운전자 상해정도,피해운전자 차종,피해운전자 성별,피해운전자 연령,피해운전자 상해정도
2015121000100261,2015년 12월 10일 12시,목요일,전라남도 여수시 선원동,중상사고,0,1,1,0,차대차 - 측면직각충돌,신호위반,습기,흐림,교차로 - 교차로안,화물,남,30세,상해없음,승용,남,58세,경상
2015121000100262,2015년 12월 10일 12시,목요일,전라남도 영암군 학산면,중상사고,0,1,1,0,차대차 - 측면직각충돌,신호위반,습기,비,교차로 - 교차로안,승용,남,64세,경상,승용,여,64세,중상
2015121000100324,2015년 12월 10일 14시,목요일,전라남도 여수시 학동,경상사고,0,0,2,1,차대차 - 측면직각충돌,안전운전불이행,습기,비,교차로 - 교차로안,승용,여,28세,부상신고,승합,남,48세,경상
2015121000100325,2015년 12월 10일 14시,목요일,전라남도 순천시 해룡면,경상사고,0,0,1,0,차대차 - 정면충돌,직진우회전진행방해,건조,맑음,교차로 - 교차로부근,승합,여,37세,상해없음,승용,여,57세,경상
2015121000100326,2015년 12월 10일 14시,목요일,전라남도 화순군 이양면,중상사고,0,1,0,1,차량단독 - 기타,안전운전불이행,습기,비,단일로 - 기타,승용,여,41세,부상신고,,,,
2015121000100388,2015년 12월 10일 16시,목요일,전라남도 여수시 웅천동,중상사고,0,1,0,0,차대사람 - 횡단중,신호위반,습기,비,단일로 - 횡단보도상,승합,남,38세,상해없음,보행자,남,9세,중상
2015121000100389,2015년 12월 10일 16시,목요일,전라남도 나주시 성북동,경상사고,0,0,1,0,차대사람 - 횡단중,보행자보호의무위반,습기,비,교차로 - 교차로부근,화물,남,63세,상해없음,보행자,여,3세,경상
2015121000100390,2015년 12월 10일 16시,목요일,전라남도 영광군 법성면,경상사고,0,0,1,0,차대사람 - 보도통행중,안전운전불이행,습기,흐림,단일로 - 기타,승용,남,58세,상해없음,보행자,남,15세,경상
2015121000100438,2015년 12월 10일 17시,목요일,전라남도 장흥군 장흥읍,경상사고,0,0,1,0,차대차 - 정면충돌,중앙선침범,습기,비,교차로 - 교차로부근,승용,남,60세,상해없음,승용,남,30세,경상
2015121000100503,2015년 12월 10일 18시,목요일,전라남도 보성군 보성읍,중상사고,0,1,0,0,차대차 - 정면충돌,안전운전불이행,습기,비,교차로 - 교차로안,화물,남,41세,상해없음,자전거,여,71세,중상
2015121000100504,2015년 12월 10일 18시,목요일,전라남도 영암군 삼호읍,경상사고,0,0,3,0,차대차 - 정면충돌,안전운전불이행,습기,비,단일로 - 기타,화물,남,24세,상해없음,승용,남,53세,경상
2015121000100505,2015년 12월 10일 18시,목요일,전라남도 순천시 서면,중상사고,0,1,1,0,차대차 - 추돌 - 진행중,안전운전불이행,습기,비,단일로 - 기타,승합,남,40세,경상,승용,남,43세,중상
2015121000100571,2015년 12월 10일 19시,목요일,전라남도 순천시 해룡면,경상사고,0,0,1,0,차대차 - 정면충돌,신호위반,습기,비,교차로 - 교차로안,승용,여,49세,상해없음,이륜,남,38세,경상
2015121000100663,2015년 12월 10일 21시,목요일,전라남도 여수시 소라면,경상사고,0,0,2,0,차대차 - 추돌 - 주정차중,안전운전불이행,습기,비,기타 - 기타,승용,남,47세,상해없음,승용,남,37세,경상
2015121000100664,2015년 12월 10일 21시,목요일,전라남도 순천시 매곡동,중상사고,0,1,1,0,차대차 - 정면충돌,중앙선침범,건조,맑음,단일로 - 기타,승용,남,58세,상해없음,승용,남,56세,중상
2015121000100665,2015년 12월 10일 21시,목요일,전라남도 순천시 연향동,경상사고,0,0,1,0,차대사람 - 횡단중,안전운전불이행,습기,비,단일로 - 기타,승용,여,54세,상해없음,보행자,남,5세,경상
2015121000100666,2015년 12월 10일 21시,목요일,전라남도 완도군 완도읍,경상사고,0,0,2,0,차대차 - 정면충돌,안전운전불이행,습기,비,단일로 - 기타,승용,남,24세,경상,승용,남,41세,기타불명
2015121000100705,2015년 12월 10일 22시,목요일,전라남도 여수시 학동,중상사고,0,1,0,0,차대사람 - 횡단중,안전운전불이행,습기,비,단일로 - 기타,승용,남,35세,상해없음,보행자,남,45세,중상
2015121000100706,2015년 12월 10일 22시,목요일,전라남도 나주시 금천면,경상사고,0,0,5,0,차대차 - 기타,신호위반,습기,비,교차로 - 교차로안,승용,여,29세,경상,승용,여,39세,경상
2015121000100754,2015년 12월 10일 23시,목요일,전라남도 여수시 학동,중상사고,0,1,0,0,차대사람 - 길가장자리구역통행중,안전운전불이행,습기,비,단일로 - 기타,승용,여,55세,상해없음,보행자,남,47세,중상
2015121000100755,2015년 12월 10일 23시,목요일,전라남도 해남군 해남읍,부상신고사고,0,0,0,1,차대차 - 측면직각충돌,직진우회전진행방해,습기,비,교차로 - 교차로안,승용,여,38세,부상신고,승용,남,38세,상해없음
2015121100100012,2015년 12월 11일 00시,금요일,전라남도 나주시 중앙동,중상사고,0,1,0,0,차대사람 - 기타,안전운전불이행,습기,비,교차로 - 교차로안,승용,남,47세,상해없음,보행자,남,42세,중상
2015121100100013,2015년 12월 11일 00시,금요일,전라남도 화순군 화순읍,경상사고,0,0,2,0,차대차 - 정면충돌,안전운전불이행,습기,비,단일로 - 기타,승합,남,43세,상해없음,승용,여,51세,경상
2015121100100037,2015년 12월 11일 01시,금요일,전라남도 완도군 완도읍,중상사고,0,1,1,0,차대차 - 측면직각충돌,교차로운행방법위반,습기,비,교차로 - 교차로부근,승용,남,40세,중상,승용,남,26세,상해없음
2015121100100068,2015년 12월 11일 04시,금요일,전라남도 여수시 화장동,경상사고,0,0,1,0,차대차 - 추돌 - 진행중,안전거리미확보,습기,비,교차로 - 교차로안,승용,남,29세,상해없음,승용,남,48세,경상
2015121100100091,2015년 12월 11일 06시,금요일,전라남도 순천시 해룡면,중상사고,0,1,0,0,차대사람 - 횡단중,안전운전불이행,건조,흐림,교차로 - 교차로안,승용,여,47세,상해없음,보행자,남,37세,중상
2015121100100112,2015년 12월 11일 07시,금요일,전라남도 보성군 득량면,중상사고,0,1,0,0,차대차 - 기타,안전운전불이행,습기,맑음,단일로 - 기타,화물,남,57세,상해없음,자전거,남,77세,중상
2015121100100113,2015년 12월 11일 07시,금요일,전라남도 함평군 월야면,사망사고,1,0,0,0,차대차 - 추돌 - 진행중,과속,건조,맑음,단일로 - 기타,화물,남,55세,상해없음,원동기,남,78세,사망
2015121100100151,2015년 12월 11일 08시,금요일,전라남도 여수시 문수동,중상사고,0,1,0,0,차대사람 - 횡단중,안전운전불이행,건조,맑음,단일로 - 기타,승용,남,47세,상해없음,보행자,남,15세,중상
2015121100100152,2015년 12월 11일 08시,금요일,전라남도 영암군 영암읍,경상사고,0,0,1,0,차대차 - 측면직각충돌,신호위반,건조,맑음,교차로 - 교차로안,화물,남,27세,상해없음,승용,여,49세,경상
2015121100100182,2015년 12월 11일 09시,금요일,전라남도 장성군 남면,경상사고,0,0,1,0,차대차 - 정면충돌,교차로운행방법위반,건조,맑음,교차로 - 교차로안,승용,남,44세,상해없음,승용,여,48세,경상
2015121100100212,2015년 12월 11일 10시,금요일,전라남도 목포시 옥암동,경상사고,0,0,1,0,차대차 - 정면충돌,안전운전불이행,건조,맑음,단일로 - 기타,승용,여,31세,상해없음,승용,남,25세,경상
2015121100100272,2015년 12월 11일 12시,금요일,전라남도 여수시 공화동,중상사고,0,1,0,0,차대사람 - 횡단중,신호위반,습기,비,단일로 - 횡단보도상,승용,남,48세,상해없음,보행자,남,38세,중상
2015121100100273,2015년 12월 11일 12시,금요일,전라남도 영광군 영광읍,경상사고,0,0,2,0,차대차 - 측면직각충돌,직진우회전진행방해,건조,맑음,교차로 - 교차로안,승용,남,45세,경상,승용,남,46세,경상
2015121100100306,2015년 12월 11일 13시,금요일,전라남도 목포시 산정동,경상사고,0,0,2,0,차대차 - 정면충돌,차로위반,건조,맑음,교차로 - 교차로부근,특수,남,42세,상해없음,승용,남,66세,경상
2015121100100307,2015년 12월 11일 13시,금요일,전라남도 목포시 옥암동,경상사고,0,0,1,0,차대차 - 정면충돌,교차로운행방법위반,건조,맑음,교차로 - 교차로안,승합,남,46세,상해없음,승용,남,53세,경상
2015121100100308,2015년 12월 11일 13시,금요일,전라남도 여수시 학동,경상사고,0,0,1,0,차대차 - 추돌 - 진행중,차로위반,습기,비,교차로 - 교차로부근,승용,여,39세,상해없음,승용,남,66세,상해없음
2015121100100309,2015년 12월 11일 13시,금요일,전라남도 화순군 이양면,경상사고,0,0,1,0,차량단독 - 기타,안전운전불이행,건조,맑음,기타 - 기타,승용,여,53세,경상,,,,
2015121100100344,2015년 12월 11일 14시,금요일,전라남도 보성군 회천면,중상사고,0,1,0,0,차량단독 - 전도전복,안전운전불이행,건조,맑음,단일로 - 기타,농기계,남,78세,중상,,,,
2015121100100345,2015년 12월 11일 14시,금요일,전라남도 진도군 진도읍,경상사고,0,0,1,0,차대차 - 추돌 - 진행중,안전운전불이행,건조,흐림,단일로 - 기타,화물,남,64세,상해없음,승용,남,53세,경상
2015121100100377,2015년 12월 11일 15시,금요일,전라남도 순천시 덕월동,경상사고,0,0,2,0,차대차 - 추돌 - 진행중,안전거리미확보,습기,비,단일로 - 기타,화물,남,55세,경상,화물,남,57세,상해없음
2015121100100415,2015년 12월 11일 16시,금요일,전라남도 여수시 서교동,경상사고,0,0,1,0,차량단독 - 공작물충돌,기타,기타,맑음,단일로 - 기타,승합,남,57세,상해없음,,,,
2015121100100416,2015년 12월 11일 16시,금요일,전라남도 나주시 문평면,경상사고,0,0,2,0,차량단독 - 공작물충돌,안전운전불이행,건조,맑음,단일로 - 기타,승용,남,21세,경상,,,,
2015121100100417,2015년 12월 11일 16시,금요일,전라남도 광양시 중동,중상사고,0,1,0,0,차대사람 - 횡단중,안전운전불이행,습기,비,단일로 - 교량,특수,남,27세,상해없음,보행자,여,69세,중상
2015121100100457,2015년 12월 11일 17시,금요일,전라남도 목포시 상동,경상사고,0,0,1,0,차대차 - 정면충돌,안전운전불이행,건조,맑음,단일로 - 기타,승용,남,50세,기타불명,승용,남,30세,경상
2015121100100458,2015년 12월 11일 17시,금요일,전라남도 목포시 옥암동,경상사고,0,0,2,0,차대차 - 정면충돌,직진우회전진행방해,건조,맑음,교차로 - 교차로안,화물,여,53세,경상,승용,남,58세,경상
2015121100100459,2015년 12월 11일 17시,금요일,전라남도 보성군 벌교읍,경상사고,0,0,1,0,차대차 - 정면충돌,중앙선침범,습기,흐림,교차로 - 교차로부근,화물,남,64세,경상,화물,남,55세,상해없음
2015121100100460,2015년 12월 11일 17시,금요일,전라남도 보성군 보성읍,경상사고,0,0,1,1,차대차 - 측면직각충돌,신호위반,습기,비,교차로 - 교차로안,승용,남,36세,부상신고,승용,남,26세,경상
2015121100100461,2015년 12월 11일 17시,금요일,전라남도 영암군 삼호읍,중상사고,0,1,3,0,차대차 - 정면충돌,신호위반,건조,맑음,교차로 - 교차로안,승용,남,34세,경상,승용,남,49세,경상
2015121100100462,2015년 12월 11일 17시,금요일,전라남도 장성군 북일면,중상사고,0,1,0,0,차대차 - 정면충돌,안전운전불이행,건조,맑음,단일로 - 기타,승용,남,47세,기타불명,승용,여,42세,중상
2015121100100520,2015년 12월 11일 18시,금요일,전라남도 목포시 산정동,경상사고,0,0,1,0,차대차 - 정면충돌,차로위반,건조,맑음,단일로 - 기타,승용,남,31세,상해없음,승용,남,21세,경상
2015121100100521,2015년 12월 11일 18시,금요일,전라남도 목포시 산정동,경상사고,0,0,2,0,차대차 - 정면충돌,안전운전불이행,건조,맑음,단일로 - 기타,승용,남,63세,상해없음,승용,여,32세,경상
2015121100100522,2015년 12월 11일 18시,금요일,전라남도 장흥군 장흥읍,중상사고,0,1,0,0,차대사람 - 횡단중,보행자보호의무위반,습기,흐림,단일로 - 기타,화물,남,50세,상해없음,보행자,여,74세,중상
2015121100100523,2015년 12월 11일 18시,금요일,전라남도 장성군 장성읍,경상사고,0,0,1,0,차대차 - 측면직각충돌,안전운전불이행,건조,맑음,교차로 - 교차로안,승용,남,59세,상해없음,이륜,남,22세,경상
2015121100100524,2015년 12월 11일 18시,금요일,전라남도 무안군 해제면,사망사고,1,0,0,0,차대사람 - 횡단중,안전운전불이행,건조,맑음,단일로 - 기타,승용,남,39세,상해없음,보행자,여,59세,사망
2015121100100573,2015년 12월 11일 19시,금요일,전라남도 목포시 산정동,경상사고,0,0,1,0,차대차 - 정면충돌,직진우회전진행방해,건조,맑음,교차로 - 교차로안,승용,남,23세,경상,승용,남,37세,상해없음
2015121100100574,2015년 12월 11일 19시,금요일,전라남도 순천시 연향동,경상사고,0,0,1,0,차대사람 - 기타,안전운전불이행,건조,맑음,단일로 - 기타,원동기,남,55세,상해없음,보행자,여,14세,경상
2015121100100575,2015년 12월 11일 19시,금요일,전라남도 해남군 현산면,경상사고,0,0,3,0,차대차 - 추돌 - 주정차중,안전운전불이행,건조,흐림,단일로 - 기타,승용,남,42세,상해없음,승합,여,61세,상해없음
2015121100100622,2015년 12월 11일 20시,금요일,전라남도 화순군 이양면,경상사고,0,0,2,0,차량단독 - 전도전복,안전운전불이행,건조,맑음,단일로 - 기타,승용,남,21세,경상,,,,
2015121100100645,2015년 12월 11일 21시,금요일,전라남도 여수시 선원동,경상사고,0,0,1,0,차대차 - 추돌 - 진행중,안전운전불이행,습기,흐림,교차로 - 교차로부근,승용,여,40세,상해없음,승용,남,54세,경상
2015121100100646,2015년 12월 11일 21시,금요일,전라남도 해남군 산이면,부상신고사고,0,0,0,1,차대차 - 정면충돌,안전운전불이행,건조,맑음,단일로 - 기타,승용,남,26세,부상신고,화물,남,61세,상해없음
2015121100100672,2015년 12월 11일 22시,금요일,전라남도 순천시 풍덕동,중상사고,0,1,1,0,차대차 - 추돌 - 진행중,안전운전불이행,건조,맑음,단일로 - 횡단보도부근,승용,남,50세,경상,승용,남,30세,상해없음
2015121100100673,2015년 12월 11일 22시,금요일,전라남도 순천시 연향동,경상사고,0,0,1,0,차대사람 - 횡단중,안전운전불이행,건조,맑음,교차로 - 교차로안,승용,남,42세,상해없음,보행자,남,41세,경상
2015121100100713,2015년 12월 11일 23시,금요일,전라남도 여수시 선원동,경상사고,0,0,3,0,차대차 - 추돌 - 진행중,신호위반,건조,맑음,교차로 - 교차로부근,승용,여,45세,상해없음,승용,남,31세,경상
2015121100100714,2015년 12월 11일 23시,금요일,전라남도 여수시 문수동,중상사고,0,1,0,0,차대사람 - 횡단중,안전운전불이행,건조,기타,단일로 - 기타,이륜,남,40세,상해없음,보행자,남,52세,중상
2015121200100028,2015년 12월 12일 00시,토요일,전라남도 여수시 봉산동,부상신고사고,0,0,0,1,차대사람 - 길가장자리구역통행중,안전운전불이행,건조,맑음,단일로 - 기타,기타불명,기타불명,기타불명,기타불명,보행자,남,50세,부상신고
2015121200100054,2015년 12월 12일 01시,토요일,전라남도 목포시 산정동,경상사고,0,0,1,0,차대차 - 정면충돌,안전운전불이행,건조,맑음,단일로 - 기타,화물,남,42세,상해없음,화물,남,38세,경상
2015121200100055,2015년 12월 12일 01시,토요일,전라남도 순천시 연향동,경상사고,0,0,3,0,차대차 - 기타,안전운전불이행,건조,맑음,단일로 - 기타,승용,남,36세,상해없음,승용,남,22세,경상
2015121200100093,2015년 12월 12일 03시,토요일,전라남도 광양시 마동,중상사고,0,1,0,0,차량단독 - 공작물충돌,안전운전불이행,건조,맑음,단일로 - 기타,승용,남,35세,중상,,,,
2015121200100159,2015년 12월 12일 07시,토요일,전라남도 보성군 노동면,중상사고,0,2,3,0,차량단독 - 전도전복,안전운전불이행,건조,맑음,단일로 - 기타,승용,남,46세,중상,,,,
2015121200100174,2015년 12월 12일 08시,토요일,전라남도 순천시 조례동,중상사고,0,2,0,0,차대차 - 추돌 - 진행중,안전운전불이행,건조,맑음,단일로 - 기타,이륜,남,79세,중상,화물,남,43세,상해없음
2015121200100195,2015년 12월 12일 09시,토요일,전라남도 여수시 신기동,경상사고,0,0,1,0,차대차 - 측면직각충돌,안전운전불이행,건조,맑음,교차로 - 교차로부근,승용,남,33세,상해없음,승용,남,60세,경상
2015121200100196,2015년 12월 12일 09시,토요일,전라남도 여수시 신기동,중상사고,0,1,1,0,차대차 - 측면직각충돌,중앙선침범,건조,맑음,단일로 - 기타,승용,여,30세,상해없음,이륜,남,79세,중상
2015121200100197,2015년 12월 12일 09시,토요일,전라남도 고흥군 도양읍,경상사고,0,0,1,0,차대차 - 정면충돌,안전운전불이행,건조,맑음,교차로 - 교차로안,승용,남,23세,상해없음,승용,남,54세,경상
2015121200100198,2015년 12월 12일 09시,토요일,전라남도 장성군 남면,경상사고,0,0,2,0,차대차 - 정면충돌,안전운전불이행,건조,맑음,교차로 - 교차로안,화물,남,53세,상해없음,승용,남,73세,경상
2015121200100221,2015년 12월 12일 10시,토요일,전라남도 장흥군 대덕읍,경상사고,0,0,2,0,차대차 - 측면직각충돌,직진우회전진행방해,건조,맑음,교차로 - 교차로안,승용,남,58세,경상,화물,남,55세,경상
2015121200100222,2015년 12월 12일 10시,토요일,전라남도 보성군 보성읍,중상사고,0,1,0,0,차대차 - 정면충돌,안전운전불이행,건조,맑음,단일로 - 기타,화물,남,77세,상해없음,이륜,남,81세,중상
2015121200100251,2015년 12월 12일 11시,토요일,전라남도 함평군 학교면,경상사고,0,0,1,0,차대차 - 기타,안전운전불이행,건조,맑음,단일로 - 기타,화물,남,58세,상해없음,승용,여,54세,상해없음
2015121200100252,2015년 12월 12일 11시,토요일,전라남도 광양시 광양읍,사망사고,1,0,0,0,차대사람 - 횡단중,안전운전불이행,건조,맑음,단일로 - 기타,승합,여,47세,상해없음,보행자,여,82세,사망
2015121200100253,2015년 12월 12일 11시,토요일,전라남도 구례군 문척면,경상사고,0,0,1,0,차대차 - 정면충돌,직진우회전진행방해,건조,맑음,교차로 - 교차로안,원동기,여,76세,경상,승용,남,63세,상해없음
2015121200100291,2015년 12월 12일 12시,토요일,전라남도 영광군 군서면,경상사고,0,0,2,0,차대차 - 추돌 - 주정차중,안전운전불이행,건조,맑음,단일로 - 기타,화물,남,53세,상해없음,승합,여,55세,경상
2015121200100292,2015년 12월 12일 12시,토요일,전라남도 보성군 벌교읍,경상사고,0,0,2,0,차대차 - 정면충돌,안전운전불이행,건조,맑음,단일로 - 기타,승용,남,67세,상해없음,승용,여,55세,경상
2015121200100407,2015년 12월 12일 15시,토요일,전라남도 여수시 학동,중상사고,0,1,0,0,차대차 - 측면직각충돌,신호위반,건조,맑음,교차로 - 교차로부근,화물,남,35세,기타불명,자전거,여,58세,중상
2015121200100408,2015년 12월 12일 15시,토요일,전라남도 순천시 풍덕동,경상사고,0,0,1,0,차대사람 - 기타,안전운전불이행,건조,맑음,단일로 - 기타,승용,남,74세,상해없음,보행자,여,51세,경상
2015121200100409,2015년 12월 12일 15시,토요일,전라남도 화순군 화순읍,경상사고,0,0,2,0,차대차 - 추돌 - 주정차중,안전운전불이행,건조,맑음,단일로 - 기타,승용,여,60세,상해없음,승용,여,45세,경상
2015121200100410,2015년 12월 12일 15시,토요일,전라남도 진도군 진도읍,경상사고,0,0,5,0,차대차 - 추돌 - 주정차중,안전거리미확보,건조,맑음,교차로 - 교차로부근,승용,남,73세,상해없음,승용,여,38세,경상
2015121200100428,2015년 12월 12일 16시,토요일,전라남도 목포시 용해동,경상사고,0,0,1,0,차대차 - 정면충돌,안전거리미확보,건조,맑음,단일로 - 기타,화물,남,38세,상해없음,승용,여,57세,경상
2015121200100429,2015년 12월 12일 16시,토요일,전라남도 목포시 상동,경상사고,0,0,1,0,차대차 - 정면충돌,안전운전불이행,건조,맑음,교차로 - 교차로안,승용,남,51세,상해없음,승용,남,55세,경상
2015121200100457,2015년 12월 12일 17시,토요일,전라남도 여수시 서교동,경상사고,0,0,2,0,차대차 - 측면직각충돌,안전운전불이행,건조,맑음,교차로 - 교차로부근,승용,여,57세,상해없음,승용,여,55세,경상
2015121200100458,2015년 12월 12일 17시,토요일,전라남도 순천시 덕월동,중상사고,0,1,0,0,차대차 - 추돌 - 진행중,차로위반,건조,맑음,단일로 - 기타,승합,남,59세,상해없음,승용,여,23세,중상
2015121200100459,2015년 12월 12일 17시,토요일,전라남도 고흥군 금산면,경상사고,0,0,3,0,차대차 - 정면충돌,교차로운행방법위반,건조,맑음,교차로 - 교차로안,승용,남,42세,경상,화물,남,55세,상해없음
2015121200100460,2015년 12월 12일 17시,토요일,전라남도 구례군 마산면,중상사고,0,1,0,0,차량단독 - 전도전복,안전운전불이행,건조,맑음,단일로 - 기타,이륜,남,53세,중상,,,,
2015121200100519,2015년 12월 12일 18시,토요일,전라남도 목포시 옥암동,경상사고,0,0,2,0,차대차 - 정면충돌,안전거리미확보,건조,맑음,단일로 - 기타,승용,남,43세,상해없음,승용,여,38세,경상
2015121200100556,2015년 12월 12일 19시,토요일,전라남도 목포시 상동,부상신고사고,0,0,0,1,차대차 - 정면충돌,안전운전불이행,건조,맑음,단일로 - 기타,기타불명,기타불명,기타불명,기타불명,화물,남,27세,상해없음
2015121200100557,2015년 12월 12일 19시,토요일,전라남도 광양시 중동,중상사고,0,1,0,0,차대차 - 정면충돌,신호위반,건조,맑음,교차로 - 교차로안,승용,남,33세,상해없음,이륜,남,36세,중상
2015121200100616,2015년 12월 12일 21시,토요일,전라남도 해남군 해남읍,경상사고,0,0,1,0,차대차 - 정면충돌,중앙선침범,건조,맑음,단일로 - 기타,승용,남,47세,상해없음,승합,남,37세,경상
2015121200100657,2015년 12월 12일 22시,토요일,전라남도 나주시 성북동,중상사고,0,1,1,0,차대사람 - 횡단중,안전운전불이행,건조,맑음,교차로 - 교차로부근,원동기,남,64세,경상,보행자,남,61세,중상
2015121200100658,2015년 12월 12일 22시,토요일,전라남도 광양시 중동,경상사고,0,0,4,0,차대차 - 기타,안전운전불이행,건조,맑음,교차로 - 교차로안,승용,남,32세,상해없음,승용,남,29세,경상
2015121300100015,2015년 12월 13일 00시,일요일,전라남도 여수시 미평동,경상사고,0,0,1,0,차대사람 - 차도통행중,안전운전불이행,건조,맑음,단일로 - 기타,승용,남,62세,상해없음,보행자,남,42세,경상
2015121300100016,2015년 12월 13일 00시,일요일,전라남도 순천시 해룡면,경상사고,0,0,3,0,차대차 - 측면직각충돌,안전운전불이행,건조,맑음,교차로 - 교차로부근,승용,남,42세,상해없음,승용,남,23세,경상
2015121300100017,2015년 12월 13일 00시,일요일,전라남도 화순군 화순읍,경상사고,0,0,1,0,차대사람 - 횡단중,안전운전불이행,건조,맑음,단일로 - 기타,승용,남,54세,상해없음,보행자,남,44세,경상
2015121300100018,2015년 12월 13일 00시,일요일,전라남도 무안군 삼향읍,경상사고,0,0,2,0,차대차 - 측면직각충돌,안전운전불이행,건조,맑음,교차로 - 교차로안,승용,남,32세,경상,승용,여,32세,경상
2015121300100086,2015년 12월 13일 03시,일요일,전라남도 목포시 대양동,경상사고,0,0,3,0,차량단독 - 전도전복,안전운전불이행,건조,맑음,단일로 - 기타,승용,남,20세,상해없음,,,,
2015121300100244,2015년 12월 13일 12시,일요일,전라남도 목포시 호남동,중상사고,0,1,0,0,차대차 - 측면직각충돌,기타,건조,맑음,단일로 - 기타,이륜,남,49세,중상,승합,남,51세,상해없음
2015121300100245,2015년 12월 13일 12시,일요일,전라남도 담양군 봉산면,경상사고,0,0,1,0,차대차 - 기타,안전운전불이행,건조,맑음,교차로 - 교차로안,승용,남,36세,상해없음,자전거,남,7세,경상
2015121300100294,2015년 12월 13일 14시,일요일,전라남도 곡성군 오곡면,중상사고,0,1,0,0,차대사람 - 횡단중,안전운전불이행,건조,맑음,단일로 - 기타,승용,여,43세,상해없음,보행자,남,10세,중상
2015121300100316,2015년 12월 13일 15시,일요일,전라남도 화순군 화순읍,경상사고,0,0,1,0,차대사람 - 기타,안전운전불이행,건조,맑음,단일로 - 기타,화물,여,61세,상해없음,보행자,여,61세,경상
2015121300100352,2015년 12월 13일 16시,일요일,전라남도 목포시 용당동,중상사고,0,1,0,0,차대차 - 측면직각충돌,안전운전불이행,건조,맑음,단일로 - 기타,승용,남,66세,상해없음,이륜,남,18세,중상
2015121300100381,2015년 12월 13일 17시,일요일,전라남도 구례군 구례읍,경상사고,0,0,1,0,차대차 - 정면충돌,직진우회전진행방해,건조,맑음,교차로 - 교차로안,승용,남,54세,상해없음,이륜,여,74세,경상
2015121300100415,2015년 12월 13일 18시,일요일,전라남도 나주시 왕곡면,경상사고,0,0,4,1,차대차 - 추돌 - 주정차중,안전거리미확보,건조,맑음,교차로 - 교차로부근,화물,남,38세,상해없음,승용,남,42세,경상
2015121300100494,2015년 12월 13일 21시,일요일,전라남도 영광군 영광읍,경상사고,0,0,1,0,차량단독 - 공작물충돌,안전운전불이행,건조,맑음,교차로 - 교차로부근,승용,여,28세,상해없음,,,,
2015121400100151,2015년 12월 14일 09시,월요일,전라남도 장흥군 장흥읍,중상사고,0,1,0,0,차대사람 - 횡단중,안전운전불이행,습기,비,단일로 - 기타,화물,남,59세,상해없음,보행자,여,74세,중상
2015121400100152,2015년 12월 14일 09시,월요일,전라남도 해남군 해남읍,경상사고,0,0,3,0,차대차 - 정면충돌,안전운전불이행,건조,흐림,단일로 - 기타,화물,남,55세,상해없음,승용,여,26세,경상
2015121400100181,2015년 12월 14일 10시,월요일,전라남도 보성군 벌교읍,경상사고,0,0,1,0,차대차 - 측면직각충돌,교차로운행방법위반,습기,비,교차로 - 교차로안,승용,남,69세,상해없음,승용,남,49세,경상
2015121400100182,2015년 12월 14일 10시,월요일,전라남도 영광군 군서면,중상사고,0,1,2,0,차대차 - 측면직각충돌,중앙선침범,습기,비,단일로 - 기타,화물,남,50세,경상,화물,남,56세,중상
2015121400100183,2015년 12월 14일 10시,월요일,전라남도 담양군 대전면,경상사고,0,0,2,0,차대차 - 측면직각충돌,직진우회전진행방해,습기,비,교차로 - 교차로안,승용,남,30세,경상,승용,여,28세,경상
2015121400100207,2015년 12월 14일 11시,월요일,전라남도 화순군 화순읍,중상사고,0,2,0,0,차대차 - 정면충돌,안전거리미확보,습기,비,단일로 - 기타,화물,남,42세,상해없음,승용,남,53세,중상
2015121400100208,2015년 12월 14일 11시,월요일,전라남도 장성군 삼서면,중상사고,0,1,0,0,차대사람 - 횡단중,안전운전불이행,건조,맑음,교차로 - 교차로부근,승합,남,53세,상해없음,보행자,남,84세,중상
2015121400100209,2015년 12월 14일 11시,월요일,전라남도 곡성군 석곡면,경상사고,0,0,1,0,차대차 - 정면충돌,안전운전불이행,건조,맑음,단일로 - 기타,화물,남,35세,상해없음,화물,남,61세,경상
2015121400100210,2015년 12월 14일 11시,월요일,전라남도 장성군 남면,경상사고,0,0,1,0,차대차 - 추돌 - 진행중,안전운전불이행,건조,맑음,단일로 - 기타,승용,남,19세,상해없음,승용,남,58세,경상
2015121400100256,2015년 12월 14일 13시,월요일,전라남도 나주시 다도면,중상사고,0,1,0,0,차량단독 - 기타,안전운전불이행,건조,맑음,단일로 - 기타,승합,남,64세,상해없음,,,,
2015121400100293,2015년 12월 14일 14시,월요일,전라남도 여수시 오림동,중상사고,0,1,0,0,차대차 - 정면충돌,안전운전불이행,건조,맑음,교차로 - 교차로부근,승용,여,59세,상해없음,승합,남,48세,상해없음