사고번호,사고일시,요일,시군구,사고내용,사망자수,중상자수,경상자수,부상신고자수,사고유형,법규위반,노면상태,기상상태,도로형태,가해운전자 차종,가해운전자 성별,가해운전자 연령,가해운전자 상해정도,피해운전자 차종,피해운전자 성별,피해운전자 연령,피해운전자 상해정도
2015121800100149,2015년 12월 18일 08시,금요일,전라남도 무안군 삼향읍,경상사고,0,0,1,0,차대차 - 정면충돌,신호위반,건조,맑음,교차로 - 교차로안,승용,여,57세,상해없음,승용,남,37세,경상
2015121800100202,2015년 12월 18일 10시,금요일,전라남도 신안군 비금면,사망사고,1,0,0,0,차량단독 - 전도전복,안전운전불이행,건조,맑음,단일로 - 기타,이륜,남,74세,사망,,,,
2015121800100203,2015년 12월 18일 10시,금요일,전라남도 장흥군 장흥읍,중상사고,0,1,0,0,차대차 - 측면직각충돌,직진우회전진행방해,건조,맑음,교차로 - 교차로안,승용,남,55세,상해없음,화물,남,75세,중상
2015121800100231,2015년 12월 18일 11시,금요일,전라남도 여수시 수정동,경상사고,0,0,1,0,차대차 - 측면직각충돌,안전운전불이행,건조,맑음,단일로 - 기타,승용,여,51세,상해없음,승용,남,28세,경상
2015121800100232,2015년 12월 18일 11시,금요일,전라남도 고흥군 포두면,중상사고,0,3,2,0,차대차 - 정면충돌,안전운전불이행,건조,맑음,교차로 - 교차로안,화물,남,58세,중상,승용,여,48세,중상
2015121800100263,2015년 12월 18일 12시,금요일,전라남도 보성군 보성읍,경상사고,0,0,2,0,차대차 - 정면충돌,안전운전불이행,건조,맑음,교차로 - 교차로안,화물,남,50세,상해없음,이륜,남,77세,경상
2015121800100298,2015년 12월 18일 13시,금요일,전라남도 나주시 남평읍,경상사고,0,0,2,0,차대차 - 기타,신호위반,건조,맑음,단일로 - 기타,화물,남,51세,상해없음,승합,남,31세,경상
2015121800100299,2015년 12월 18일 13시,금요일,전라남도 나주시 산포면,중상사고,0,1,2,0,차대차 - 측면직각충돌,직진우회전진행방해,건조,맑음,교차로 - 교차로안,화물,남,64세,경상,승합,남,64세,경상
2015121800100329,2015년 12월 18일 14시,금요일,전라남도 순천시 조례동,중상사고,0,1,0,0,차대차 - 정면충돌,신호위반,건조,맑음,교차로 - 교차로안,승용,여,41세,상해없음,승용,남,37세,중상
2015121800100330,2015년 12월 18일 14시,금요일,전라남도 영암군 삼호읍,경상사고,0,0,3,0,차대차 - 정면충돌,안전운전불이행,건조,맑음,교차로 - 교차로부근,승용,남,67세,상해없음,승용,남,42세,경상
2015121800100362,2015년 12월 18일 15시,금요일,전라남도 목포시 석현동,경상사고,0,0,1,0,차대차 - 측면직각충돌,차로위반,건조,맑음,단일로 - 기타,건설기계,남,66세,상해없음,승용,남,38세,경상
2015121800100363,2015년 12월 18일 15시,금요일,전라남도 여수시 문수동,경상사고,0,0,1,0,차대사람 - 횡단중,보행자보호의무위반,건조,맑음,단일로 - 횡단보도상,승용,여,37세,상해없음,보행자,여,45세,경상
2015121800100364,2015년 12월 18일 15시,금요일,전라남도 보성군 복내면,중상사고,0,4,3,0,차대차 - 정면충돌,안전운전불이행,건조,맑음,단일로 - 기타,승용,남,65세,경상,화물,남,51세,중상
2015121800100400,2015년 12월 18일 16시,금요일,전라남도 여수시 미평동,경상사고,0,0,1,0,차대차 - 측면직각충돌,신호위반,건조,맑음,교차로 - 교차로안,원동기,남,20세,경상,승용,남,54세,상해없음
2015121800100401,2015년 12월 18일 16시,금요일,전라남도 진도군 임회면,중상사고,0,1,0,0,차대차 - 정면충돌,교차로운행방법위반,건조,흐림,교차로 - 교차로안,승용,여,50세,상해없음,이륜,남,78세,중상
2015121800100447,2015년 12월 18일 17시,금요일,전라남도 순천시 해룡면,경상사고,0,0,2,0,차대차 - 추돌 - 주정차중,안전거리미확보,건조,맑음,단일로 - 기타,화물,남,59세,경상,화물,남,46세,경상
2015121800100499,2015년 12월 18일 18시,금요일,전라남도 목포시 산정동,경상사고,0,0,1,0,차대차 - 정면충돌,안전운전불이행,건조,맑음,단일로 - 기타,승용,남,76세,상해없음,이륜,남,51세,경상
2015121800100500,2015년 12월 18일 18시,금요일,전라남도 목포시 행복동1가,경상사고,0,0,1,0,차대차 - 정면충돌,안전운전불이행,건조,맑음,단일로 - 기타,화물,남,44세,상해없음,승용,남,39세,상해없음
2015121800100501,2015년 12월 18일 18시,금요일,전라남도 화순군 화순읍,경상사고,0,0,1,0,차대사람 - 횡단중,안전운전불이행,건조,맑음,교차로 - 교차로안,승용,남,34세,상해없음,보행자,남,40세,경상
2015121800100502,2015년 12월 18일 18시,금요일,전라남도 광양시 진월면,중상사고,0,1,0,0,차대사람 - 횡단중,안전운전불이행,건조,맑음,단일로 - 기타,승용,여,63세,상해없음,보행자,여,83세,중상
2015121800100551,2015년 12월 18일 19시,금요일,전라남도 목포시 용당동,중상사고,0,1,0,0,차대차 - 기타,안전거리미확보,건조,맑음,단일로 - 기타,승용,남,58세,상해없음,승용,여,56세,중상
2015121800100552,2015년 12월 18일 19시,금요일,전라남도 순천시 연향동,경상사고,0,0,1,0,차대차 - 기타,안전운전불이행,건조,맑음,단일로 - 기타,승합,남,54세,상해없음,승용,남,46세,경상
2015121800100553,2015년 12월 18일 19시,금요일,전라남도 나주시 용산동,중상사고,0,1,0,0,차대사람 - 횡단중,안전운전불이행,건조,맑음,단일로 - 기타,기타불명,기타불명,기타불명,기타불명,보행자,남,75세,중상
2015121800100601,2015년 12월 18일 20시,금요일,전라남도 목포시 용당동,경상사고,0,0,2,0,차대차 - 정면충돌,안전운전불이행,건조,맑음,단일로 - 기타,승용,남,51세,상해없음,승용,남,55세,경상
2015121800100602,2015년 12월 18일 20시,금요일,전라남도 목포시 옥암동,경상사고,0,0,1,0,차대사람 - 횡단중,안전운전불이행,습기,비,단일로 - 기타,승용,여,57세,상해없음,보행자,남,45세,경상
2015121800100603,2015년 12월 18일 20시,금요일,전라남도 순천시 조례동,경상사고,0,0,1,0,차대차 - 측면직각충돌,안전운전불이행,건조,맑음,교차로 - 교차로안,승용,남,24세,상해없음,원동기,남,18세,경상
2015121800100604,2015년 12월 18일 20시,금요일,전라남도 영암군 미암면,경상사고,0,0,2,0,차대차 - 추돌 - 진행중,안전운전불이행,건조,맑음,단일로 - 기타,승용,남,56세,상해없음,승용,남,71세,경상
2015121800100605,2015년 12월 18일 20시,금요일,전라남도 담양군 대전면,경상사고,0,0,1,0,차량단독 - 전도전복,안전운전불이행,건조,맑음,단일로 - 기타,화물,남,51세,경상,,,,
2015121800100646,2015년 12월 18일 21시,금요일,전라남도 여수시 충무동,중상사고,0,3,1,0,차대차 - 측면직각충돌,중앙선침범,건조,맑음,단일로 - 기타,승용,남,39세,상해없음,승용,남,53세,경상
2015121900100024,2015년 12월 19일 00시,토요일,전라남도 곡성군 곡성읍,경상사고,0,0,1,0,차대차 - 정면충돌,안전운전불이행,건조,맑음,단일로 - 기타,승용,남,27세,상해없음,화물,남,50세,상해없음
2015121900100025,2015년 12월 19일 00시,토요일,전라남도 광양시 광양읍,경상사고,0,0,4,0,차대차 - 측면직각충돌,중앙선침범,건조,흐림,교차로 - 교차로부근,승용,남,42세,상해없음,승용,여,22세,경상
2015121900100115,2015년 12월 19일 05시,토요일,전라남도 목포시 상동,중상사고,0,1,0,0,차대차 - 정면충돌,안전운전불이행,건조,맑음,단일로 - 기타,승용,남,50세,상해없음,화물,남,60세,기타불명
2015121900100164,2015년 12월 19일 07시,토요일,전라남도 순천시 장천동,중상사고,0,1,0,0,차대사람 - 횡단중,보행자보호의무위반,건조,맑음,교차로 - 교차로안,승용,남,63세,상해없음,보행자,여,65세,중상
2015121900100185,2015년 12월 19일 08시,토요일,전라남도 담양군 고서면,사망사고,2,4,5,0,차대차 - 기타,과속,기타,맑음,단일로 - 기타,승용,남,25세,경상,승용,남,57세,경상
2015121900100208,2015년 12월 19일 09시,토요일,전라남도 순천시 인제동,경상사고,0,0,1,1,차대차 - 측면직각충돌,안전운전불이행,건조,맑음,교차로 - 교차로안,승용,여,60세,부상신고,승용,남,69세,경상
2015121900100209,2015년 12월 19일 09시,토요일,전라남도 고흥군 금산면,경상사고,0,0,3,0,차대차 - 기타,교차로운행방법위반,건조,맑음,교차로 - 교차로안,승용,여,46세,경상,승용,남,66세,경상
2015121900100210,2015년 12월 19일 09시,토요일,전라남도 해남군 화산면,경상사고,0,0,3,0,차대차 - 정면충돌,기타,건조,맑음,교차로 - 교차로안,승용,남,46세,상해없음,승용,남,50세,경상
2015121900100233,2015년 12월 19일 10시,토요일,전라남도 목포시 산정동,중상사고,0,1,0,0,차대차 - 정면충돌,안전운전불이행,건조,맑음,교차로 - 교차로안,이륜,남,67세,중상,승용,남,30세,상해없음
2015121900100234,2015년 12월 19일 10시,토요일,전라남도 순천시 중앙동,중상사고,0,1,0,0,차대사람 - 횡단중,보행자보호의무위반,건조,맑음,단일로 - 기타,승합,남,50세,상해없음,보행자,남,8세,중상
2015121900100267,2015년 12월 19일 11시,토요일,전라남도 목포시 옥암동,경상사고,0,0,6,0,차대차 - 정면충돌,안전운전불이행,건조,맑음,단일로 - 기타,승용,남,22세,경상,승합,여,36세,경상
2015121900100304,2015년 12월 19일 12시,토요일,전라남도 영암군 덕진면,경상사고,0,0,1,0,차대차 - 측면직각충돌,안전운전불이행,건조,맑음,단일로 - 기타,이륜,남,77세,경상,승용,남,56세,상해없음
2015121900100330,2015년 12월 19일 13시,토요일,전라남도 여수시 학동,경상사고,0,0,4,0,차대차 - 정면충돌,교차로운행방법위반,건조,맑음,교차로 - 교차로안,승용,여,31세,상해없음,승용,남,46세,경상
2015121900100360,2015년 12월 19일 14시,토요일,전라남도 무안군 무안읍,경상사고,0,0,1,0,차대사람 - 횡단중,안전운전불이행,건조,맑음,교차로 - 교차로부근,승용,남,68세,기타불명,보행자,남,53세,경상
2015121900100392,2015년 12월 19일 15시,토요일,전라남도 여수시 문수동,경상사고,0,0,1,0,차대사람 - 횡단중,안전운전불이행,건조,맑음,단일로 - 기타,승용,남,40세,상해없음,보행자,여,8세,경상
2015121900100425,2015년 12월 19일 16시,토요일,전라남도 목포시 옥암동,경상사고,0,0,3,0,차대차 - 추돌 - 진행중,안전거리미확보,건조,맑음,교차로 - 교차로부근,승용,여,29세,경상,건설기계,남,58세,상해없음
2015121900100470,2015년 12월 19일 17시,토요일,전라남도 목포시 석현동,경상사고,0,0,2,0,차대차 - 추돌 - 진행중,안전거리미확보,건조,맑음,교차로 - 교차로안,승합,남,56세,상해없음,화물,남,56세,경상
2015121900100471,2015년 12월 19일 17시,토요일,전라남도 영암군 시종면,중상사고,0,1,0,0,차대차 - 정면충돌,안전운전불이행,건조,맑음,단일로 - 기타,원동기,남,74세,중상,화물,남,44세,상해없음
2015121900100472,2015년 12월 19일 17시,토요일,전라남도 광양시 중동,중상사고,0,1,1,0,차대차 - 측면직각충돌,직진우회전진행방해,건조,맑음,교차로 - 교차로안,승합,남,32세,중상,승용,여,44세,경상
2015121900100536,2015년 12월 19일 18시,토요일,전라남도 순천시 연향동,경상사고,0,0,1,0,차대차 - 기타,안전운전불이행,건조,맑음,교차로 - 교차로부근,승용,여,34세,상해없음,원동기,남,16세,경상
2015121900100537,2015년 12월 19일 18시,토요일,전라남도 영광군 백수읍,중상사고,0,1,0,0,차대사람 - 기타,안전운전불이행,건조,맑음,단일로 - 기타,승용,남,65세,상해없음,보행자,남,77세,중상
2015121900100538,2015년 12월 19일 18시,토요일,전라남도 함평군 학교면,경상사고,0,0,1,0,차대사람 - 보도통행중,안전운전불이행,건조,맑음,단일로 - 기타,화물,남,64세,상해없음,보행자,여,67세,경상
2015121900100539,2015년 12월 19일 18시,토요일,전라남도 담양군 봉산면,경상사고,0,0,4,0,차대차 - 정면충돌,안전거리미확보,건조,맑음,단일로 - 기타,승용,남,63세,상해없음,승용,여,33세,경상
2015121900100588,2015년 12월 19일 19시,토요일,전라남도 목포시 상동,경상사고,0,0,1,0,차대사람 - 횡단중,보행자보호의무위반,건조,맑음,단일로 - 횡단보도상,기타불명,기타불명,기타불명,기타불명,보행자,남,13세,경상
2015121900100622,2015년 12월 19일 20시,토요일,전라남도 광양시 중동,중상사고,0,2,0,0,차대차 - 기타,신호위반,건조,흐림,교차로 - 교차로안,특수,남,52세,상해없음,승용,남,26세,중상
2015121900100653,2015년 12월 19일 21시,토요일,전라남도 목포시 상동,중상사고,0,2,1,0,차대차 - 정면충돌,교차로운행방법위반,건조,맑음,단일로 - 기타,승용,남,54세,상해없음,이륜,남,20세,경상
2015121900100654,2015년 12월 19일 21시,토요일,전라남도 여수시 여서동,경상사고,0,0,1,0,차대차 - 측면직각충돌,교차로운행방법위반,건조,맑음,교차로 - 교차로안,승용,남,43세,상해없음,원동기,남,39세,경상
2015121900100655,2015년 12월 19일 21시,토요일,전라남도 화순군 화순읍,중상사고,0,1,0,0,차대차 - 기타,신호위반,건조,맑음,교차로 - 교차로안,승용,남,52세,상해없음,승용,여,37세,중상
2015121900100656,2015년 12월 19일 21시,토요일,전라남도 장성군 진원면,경상사고,0,0,2,0,차대차 - 정면충돌,중앙선침범,습기,맑음,교차로 - 교차로부근,승용,여,47세,경상,승용,남,67세,경상
2015121900100682,2015년 12월 19일 22시,토요일,전라남도 신안군 안좌면,경상사고,0,0,1,0,차대사람 - 기타,안전운전불이행,기타,기타,기타 - 기타,승용,여,49세,경상,보행자,남,39세,상해없음
2015122000100083,2015년 12월 20일 03시,일요일,전라남도 광양시 마동,경상사고,0,0,3,0,차대차 - 측면직각충돌,신호위반,건조,맑음,교차로 - 교차로안,승용,남,52세,상해없음,승용,남,26세,경상
2015122000100111,2015년 12월 20일 05시,일요일,전라남도 여수시 덕충동,경상사고,0,0,1,0,차대차 - 정면충돌,안전운전불이행,건조,맑음,교차로 - 교차로안,이륜,남,63세,경상,승용,남,61세,상해없음
2015122000100124,2015년 12월 20일 06시,일요일,전라남도 목포시 연산동,경상사고,0,0,1,0,차대차 - 정면충돌,안전운전불이행,기타,맑음,기타 - 기타,승용,남,35세,상해없음,승용,여,43세,경상
2015122000100177,2015년 12월 20일 11시,일요일,전라남도 고흥군 과역면,경상사고,0,0,1,0,차대차 - 측면직각충돌,중앙선침범,건조,맑음,단일로 - 기타,농기계,남,80세,경상,승용,남,61세,상해없음
2015122000100194,2015년 12월 20일 12시,일요일,전라남도 순천시 연향동,경상사고,0,0,1,0,차대차 - 기타,안전운전불이행,건조,맑음,교차로 - 교차로부근,승용,남,54세,상해없음,이륜,남,20세,경상
2015122000100208,2015년 12월 20일 13시,일요일,전라남도 목포시 상동,경상사고,0,0,1,0,차대차 - 정면충돌,신호위반,건조,맑음,교차로 - 교차로안,이륜,남,18세,경상,승용,남,70세,상해없음
2015122000100230,2015년 12월 20일 14시,일요일,전라남도 해남군 삼산면,경상사고,0,0,1,0,차량단독 - 전도전복,안전운전불이행,건조,맑음,단일로 - 기타,화물,여,45세,경상,,,,
2015122000100257,2015년 12월 20일 15시,일요일,전라남도 순천시 장천동,경상사고,0,0,1,0,차대사람 - 횡단중,보행자보호의무위반,건조,맑음,단일로 - 횡단보도상,승용,남,50세,상해없음,보행자,여,23세,경상
2015122000100309,2015년 12월 20일 17시,일요일,전라남도 여수시 여서동,경상사고,0,0,1,0,차대차 - 측면직각충돌,교차로운행방법위반,건조,맑음,교차로 - 교차로안,화물,남,55세,상해없음,승용,남,40세,경상
2015122000100310,2015년 12월 20일 17시,일요일,전라남도 광양시 광양읍,경상사고,0,0,2,0,차대차 - 정면충돌,직진우회전진행방해,건조,맑음,교차로 - 교차로안,승용,남,58세,경상,화물,여,44세,상해없음
2015122000100351,2015년 12월 20일 18시,일요일,전라남도 목포시 용해동,중상사고,0,1,0,0,차대차 - 정면충돌,안전운전불이행,습기,비,교차로 - 교차로부근,승용,남,43세,상해없음,이륜,남,18세,중상
2015122000100352,2015년 12월 20일 18시,일요일,전라남도 순천시 조곡동,중상사고,0,1,0,0,차대사람 - 횡단중,안전운전불이행,습기,비,단일로 - 기타,승용,여,74세,상해없음,보행자,남,76세,중상
2015122000100353,2015년 12월 20일 18시,일요일,전라남도 구례군 산동면,경상사고,0,0,1,1,차대차 - 정면충돌,중앙선침범,건조,맑음,단일로 - 기타,화물,여,36세,부상신고,승용,남,55세,경상
2015122000100404,2015년 12월 20일 20시,일요일,전라남도 목포시 산정동,경상사고,0,0,1,0,차대사람 - 횡단중,안전운전불이행,습기,비,교차로 - 교차로부근,승용,남,59세,상해없음,보행자,남,13세,경상
2015122000100425,2015년 12월 20일 21시,일요일,전라남도 광양시 광양읍,경상사고,0,0,1,0,차대차 - 정면충돌,중앙선침범,습기,비,교차로 - 교차로부근,승용,남,59세,상해없음,승합,남,34세,경상
2015122100100028,2015년 12월 21일 02시,월요일,전라남도 나주시 삼영동,경상사고,0,0,1,0,차대차 - 측면직각충돌,안전운전불이행,건조,맑음,교차로 - 교차로부근,승용,남,38세,상해없음,승용,남,37세,경상
2015122100100095,2015년 12월 21일 07시,월요일,전라남도 목포시 죽교동,중상사고,0,1,0,0,차대차 - 측면직각충돌,중앙선침범,건조,흐림,단일로 - 기타,승합,남,51세,상해없음,승용,남,61세,중상
2015122100100096,2015년 12월 21일 07시,월요일,전라남도 순천시 풍덕동,중상사고,0,1,0,0,차대사람 - 횡단중,안전운전불이행,습기,흐림,단일로 - 횡단보도부근,승용,남,39세,상해없음,보행자,여,79세,중상
2015122100100148,2015년 12월 21일 08시,월요일,전라남도 여수시 소호동,사망사고,1,0,0,0,차대사람 - 길가장자리구역통행중,안전운전불이행,습기,흐림,교차로 - 교차로부근,화물,남,64세,상해없음,보행자,여,13세,사망
2015122100100149,2015년 12월 21일 08시,월요일,전라남도 여수시 소호동,경상사고,0,0,3,0,차대차 - 측면직각충돌,중앙선침범,건조,맑음,단일로 - 기타,승용,여,48세,상해없음,승용,남,41세,경상
2015122100100150,2015년 12월 21일 08시,월요일,전라남도 여수시 신월동,경상사고,0,0,2,0,차대차 - 측면직각충돌,신호위반,습기,비,교차로 - 교차로안,승용,남,61세,상해없음,승용,여,41세,경상
2015122100100151,2015년 12월 21일 08시,월요일,전라남도 순천시 덕암동,경상사고,0,0,1,0,차대차 - 추돌 - 주정차중,안전거리미확보,습기,흐림,단일로 - 기타,화물,남,34세,상해없음,승용,여,53세,경상
2015122100100195,2015년 12월 21일 09시,월요일,전라남도 여수시 학동,경상사고,0,0,2,0,차대차 - 측면직각충돌,중앙선침범,습기,기타,교차로 - 교차로부근,이륜,남,49세,상해없음,승합,여,46세,경상
2015122100100283,2015년 12월 21일 12시,월요일,전라남도 완도군 완도읍,중상사고,0,1,1,0,차대차 - 정면충돌,신호위반,건조,맑음,교차로 - 교차로안,승용,남,65세,중상,화물,남,23세,경상
2015122100100312,2015년 12월 21일 13시,월요일,전라남도 여수시 화양면,경상사고,0,0,2,0,차대차 - 측면직각충돌,중앙선침범,건조,맑음,교차로 - 교차로부근,승합,남,43세,경상,화물,남,35세,경상
2015122100100340,2015년 12월 21일 14시,월요일,전라남도 목포시 상동,경상사고,0,0,1,0,차대차 - 정면충돌,직진우회전진행방해,건조,맑음,교차로 - 교차로안,이륜,남,38세,경상,화물,남,60세,상해없음
2015122100100341,2015년 12월 21일 14시,월요일,전라남도 나주시 남평읍,경상사고,0,0,2,0,차대차 - 추돌 - 주정차중,안전운전불이행,건조,맑음,교차로 - 교차로부근,화물,남,65세,상해없음,화물,남,27세,경상
2015122100100342,2015년 12월 21일 14시,월요일,전라남도 해남군 해남읍,중상사고,0,1,0,0,차대차 - 추돌 - 진행중,안전운전불이행,건조,맑음,단일로 - 교량,화물,남,42세,상해없음,승용,남,30세,중상
2015122100100402,2015년 12월 21일 16시,월요일,전라남도 신안군 도초면,중상사고,0,1,0,0,차대차 - 기타,안전운전불이행,건조,맑음,교차로 - 교차로안,화물,남,60세,상해없음,자전거,여,76세,중상
2015122100100433,2015년 12월 21일 17시,월요일,전라남도 목포시 죽교동,경상사고,0,0,2,0,차대차 - 정면충돌,안전거리미확보,건조,맑음,단일로 - 기타,승용,남,34세,상해없음,승용,남,29세,상해없음
2015122100100492,2015년 12월 21일 18시,월요일,전라남도 순천시 해룡면,중상사고,0,1,0,0,차대사람 - 횡단중,보행자보호의무위반,습기,맑음,교차로 - 교차로안,승용,남,34세,상해없음,보행자,여,76세,중상
2015122100100493,2015년 12월 21일 18시,월요일,전라남도 순천시 연향동,부상신고사고,0,0,0,1,차대사람 - 기타,안전운전불이행,건조,맑음,기타 - 기타,승용,남,52세,상해없음,보행자,남,14세,부상신고
2015122100100494,2015년 12월 21일 18시,월요일,전라남도 진도군 진도읍,중상사고,0,2,0,0,차대차 - 측면직각충돌,교차로운행방법위반,건조,맑음,교차로 - 교차로안,화물,남,66세,상해없음,승용,여,60세,중상
2015122100100536,2015년 12월 21일 19시,월요일,전라남도 완도군 완도읍,경상사고,0,0,1,0,차대차 - 측면직각충돌,교차로운행방법위반,건조,맑음,교차로 - 교차로안,승용,남,51세,상해없음,승용,여,56세,경상
2015122100100566,2015년 12월 21일 20시,월요일,전라남도 장성군 남면,중상사고,0,1,2,0,차대차 - 측면직각충돌,차로위반,건조,맑음,기타 - 기타,승용,여,23세,경상,승용,여,33세,중상
2015122100100600,2015년 12월 21일 21시,월요일,전라남도 여수시 문수동,경상사고,0,0,1,0,차대차 - 추돌 - 주정차중,안전운전불이행,건조,맑음,교차로 - 교차로부근,승용,남,48세,상해없음,승용,남,26세,경상
2015122100100601,2015년 12월 21일 21시,월요일,전라남도 나주시 영산동,경상사고,0,0,1,0,차대차 - 측면직각충돌,안전운전불이행,건조,맑음,교차로 - 교차로안,승용,남,53세,상해없음,승용,여,42세,경상
2015122100100632,2015년 12월 21일 22시,월요일,전라남도 목포시 산정동,중상사고,0,1,0,0,차대사람 - 횡단중,안전운전불이행,건조,맑음,교차로 - 교차로안,승용,남,36세,상해없음,보행자,남,17세,중상
2015122100100661,2015년 12월 21일 23시,월요일,전라남도 나주시 금성동,경상사고,0,0,1,0,차대차 - 측면직각충돌,안전운전불이행,건조,맑음,교차로 - 교차로부근,승용,남,43세,상해없음,승용,여,58세,경상
2015122200100010,2015년 12월 22일 00시,화요일,전라남도 광양시 광양읍,경상사고,0,0,2,0,차대차 - 정면충돌,교차로운행방법위반,건조,맑음,교차로 - 교차로안,승용,남,25세,상해없음,승용,남,40세,상해없음
2015122200100011,2015년 12월 22일 00시,화요일,전라남도 광양시 마동,경상사고,0,0,1,0,차대차 - 측면직각충돌,차로위반,건조,맑음,교차로 - 교차로안,승용,여,37세,경상,화물,남,51세,상해없음
2015122200100080,2015년 12월 22일 06시,화요일,전라남도 목포시 용당동,경상사고,0,0,2,0,차대차 - 정면충돌,안전운전불이행,건조,맑음,단일로 - 기타,승용,남,43세,기타불명,승용,남,53세,경상
2015122200100081,2015년 12월 22일 06시,화요일,전라남도 순천시 서면,경상사고,0,0,1,0,차량단독 - 도로외이탈 - 추락,기타,건조,맑음,단일로 - 기타,승용,남,23세,경상,,,,
2015122200100082,2015년 12월 22일 06시,화요일,전라남도 담양군 고서면,경상사고,0,0,2,0,차대차 - 정면충돌,안전운전불이행,기타,안개,단일로 - 기타,화물,남,72세,경상,승용,남,39세,경상
2015122200100175,2015년 12월 22일 09시,화요일,전라남도 장흥군 안양면,경상사고,0,0,2,0,차대차 - 측면직각충돌,안전운전불이행,건조,맑음,단일로 - 기타,승용,여,52세,경상,승합,남,63세,경상
2015122200100176,2015년 12월 22일 09시,화요일,전라남도 영암군 덕진면,경상사고,0,0,1,1,차대차 - 정면충돌,안전거리미확보,건조,맑음,교차로 - 교차로부근,이륜,남,30세,부상신고,승용,여,66세,경상
2015122200100200,2015년 12월 22일 10시,화요일,전라남도 목포시 옥암동,중상사고,0,1,0,0,차대차 - 정면충돌,안전운전불이행,건조,맑음,단일로 - 기타,화물,남,48세,상해없음,승용,남,66세,중상
2015122200100201,2015년 12월 22일 10시,화요일,전라남도 나주시 금천면,경상사고,0,0,1,0,차대차 - 추돌 - 진행중,안전거리미확보,건조,맑음,교차로 - 교차로부근,화물,남,22세,상해없음,승용,여,62세,경상
2015122200100259,2015년 12월 22일 12시,화요일,전라남도 목포시 옥암동,경상사고,0,0,2,0,차대차 - 정면충돌,직진우회전진행방해,건조,맑음,교차로 - 교차로안,승용,여,54세,상해없음,승용,남,59세,경상
2015122200100260,2015년 12월 22일 12시,화요일,전라남도 순천시 중앙동,경상사고,0,0,1,0,차대사람 - 횡단중,보행자보호의무위반,건조,맑음,단일로 - 기타,승용,남,73세,상해없음,보행자,여,78세,경상
2015122200100261,2015년 12월 22일 12시,화요일,전라남도 보성군 미력면,경상사고,0,0,1,0,차대차 - 정면충돌,직진우회전진행방해,건조,맑음,교차로 - 교차로안,승용,남,59세,상해없음,승용,남,44세,상해없음
2015122200100283,2015년 12월 22일 13시,화요일,전라남도 순천시 황전면,중상사고,0,1,0,0,차대차 - 추돌 - 진행중,안전거리미확보,건조,맑음,교차로 - 교차로부근,화물,남,45세,상해없음,승용,남,40세,중상
2015122200100314,2015년 12월 22일 14시,화요일,전라남도 신안군 안좌면,중상사고,0,1,0,0,차량단독 - 전도전복,안전운전불이행,건조,맑음,교차로 - 교차로부근,농기계,남,81세,중상,,,,
2015122200100315,2015년 12월 22일 14시,화요일,전라남도 영광군 군서면,경상사고,0,0,2,0,차대차 - 측면직각충돌,직진우회전진행방해,건조,맑음,교차로 - 교차로안,원동기,남,72세,경상,승용,여,35세,경상
2015122200100316,2015년 12월 22일 14시,화요일,전라남도 장성군 진원면,경상사고,0,0,1,0,차대차 - 기타,안전운전불이행,건조,맑음,기타 - 기타,승용,여,68세,상해없음,승용,남,28세,경상
2015122200100362,2015년 12월 22일 15시,화요일,전라남도 순천시 서면,중상사고,0,1,0,0,차대차 - 기타,안전운전불이행,건조,맑음,교차로 - 교차로안,화물,여,55세,상해없음,자전거,남,65세,중상
2015122200100363,2015년 12월 22일 15시,화요일,전라남도 광양시 광양읍,중상사고,0,1,0,0,차대사람 - 횡단중,보행자보호의무위반,건조,맑음,단일로 - 횡단보도부근,승용,남,50세,상해없음,보행자,남,9세,중상
2015122200100392,2015년 12월 22일 16시,화요일,전라남도 여수시 화치동,중상사고,0,1,1,0,차대차 - 측면직각충돌,신호위반,건조,맑음,교차로 - 교차로안,승용,남,59세,중상,승용,남,50세,경상
2015122200100393,2015년 12월 22일 16시,화요일,전라남도 순천시 서면,중상사고,0,2,0,0,차대차 - 추돌 - 진행중,안전운전불이행,건조,맑음,교차로 - 교차로부근,화물,남,42세,상해없음,승용,남,30세,중상
2015122200100474,2015년 12월 22일 18시,화요일,전라남도 목포시 옥암동,경상사고,0,0,5,0,차대차 - 추돌 - 주정차중,안전거리미확보,습기,흐림,교차로 - 교차로부근,승용,여,42세,상해없음,승용,남,56세,경상
2015122200100475,2015년 12월 22일 18시,화요일,전라남도 순천시 서면,경상사고,0,0,2,0,차대차 - 기타,안전운전불이행,건조,맑음,교차로 - 교차로안,승용,여,35세,경상,승용,남,43세,경상
2015122200100476,2015년 12월 22일 18시,화요일,전라남도 해남군 해남읍,중상사고,0,1,0,0,차대차 - 측면직각충돌,안전운전불이행,건조,맑음,교차로 - 교차로부근,화물,여,46세,상해없음,이륜,남,73세,중상
2015122200100477,2015년 12월 22일 18시,화요일,전라남도 화순군 화순읍,경상사고,0,0,2,0,차대차 - 정면충돌,안전운전불이행,건조,기타,교차로 - 교차로안,승용,여,39세,상해없음,승용,남,39세,경상