사고번호,사고일시,요일,시군구,사고내용,사망자수,중상자수,경상자수,부상신고자수,사고유형,법규위반,노면상태,기상상태,도로형태,가해운전자 차종,가해운전자 성별,가해운전자 연령,가해운전자 상해정도,피해운전자 차종,피해운전자 성별,피해운전자 연령,피해운전자 상해정도
2015122200100517,2015년 12월 22일 19시,화요일,전라남도 여수시 소라면,경상사고,0,0,1,0,차대차 - 정면충돌,중앙선침범,건조,맑음,단일로 - 기타,화물,남,35세,상해없음,승합,남,55세,상해없음
2015122200100626,2015년 12월 22일 23시,화요일,전라남도 영암군 삼호읍,경상사고,0,0,1,0,차대차 - 추돌 - 진행중,안전운전불이행,습기,흐림,교차로 - 교차로부근,승합,남,46세,상해없음,승용,남,60세,경상
2015122300100017,2015년 12월 23일 00시,수요일,전라남도 완도군 노화읍,사망사고,1,0,0,0,차대사람 - 기타,안전운전불이행,건조,흐림,교차로 - 교차로안,승용,남,28세,상해없음,보행자,여,68세,사망
2015122300100066,2015년 12월 23일 03시,수요일,전라남도 여수시 선원동,경상사고,0,0,1,0,차대차 - 추돌 - 주정차중,안전운전불이행,건조,맑음,단일로 - 기타,승용,남,63세,상해없음,승용,남,41세,경상
2015122300100101,2015년 12월 23일 06시,수요일,전라남도 순천시 가곡동,부상신고사고,0,0,0,1,차대차 - 기타,신호위반,습기,비,교차로 - 교차로안,이륜,남,64세,부상신고,승용,남,48세,상해없음
2015122300100102,2015년 12월 23일 06시,수요일,전라남도 화순군 화순읍,경상사고,0,0,1,0,차대사람 - 횡단중,안전운전불이행,습기,맑음,단일로 - 기타,화물,여,67세,상해없음,보행자,여,82세,경상
2015122300100125,2015년 12월 23일 07시,수요일,전라남도 여수시 둔덕동,경상사고,0,0,1,0,차대차 - 측면직각충돌,안전운전불이행,습기,비,단일로 - 기타,화물,남,57세,상해없음,승용,남,47세,경상
2015122300100275,2015년 12월 23일 12시,수요일,전라남도 여수시 소라면,중상사고,0,1,0,0,차대차 - 정면충돌,안전운전불이행,건조,맑음,교차로 - 교차로안,승용,남,47세,상해없음,원동기,남,72세,중상
2015122300100276,2015년 12월 23일 12시,수요일,전라남도 담양군 담양읍,경상사고,0,0,2,1,차대차 - 정면충돌,안전거리미확보,습기,비,단일로 - 기타,승용,남,70세,부상신고,화물,남,53세,경상
2015122300100299,2015년 12월 23일 13시,수요일,전라남도 신안군 지도읍,경상사고,0,0,1,0,차대차 - 측면직각충돌,안전운전불이행,건조,흐림,교차로 - 교차로부근,화물,남,61세,상해없음,이륜,남,79세,경상
2015122300100336,2015년 12월 23일 14시,수요일,전라남도 순천시 연향동,중상사고,0,1,0,0,차대차 - 기타,교차로운행방법위반,건조,맑음,교차로 - 교차로안,기타불명,기타불명,기타불명,기타불명,승합,남,55세,상해없음
2015122300100337,2015년 12월 23일 14시,수요일,전라남도 장흥군 관산읍,중상사고,0,1,0,0,차대차 - 정면충돌,직진우회전진행방해,습기,흐림,교차로 - 교차로부근,화물,남,71세,상해없음,원동기,여,63세,중상
2015122300100362,2015년 12월 23일 15시,수요일,전라남도 나주시 보산동,경상사고,0,0,2,0,차대차 - 추돌 - 진행중,안전거리미확보,건조,맑음,단일로 - 기타,승용,남,62세,경상,화물,남,58세,경상
2015122300100395,2015년 12월 23일 16시,수요일,전라남도 순천시 서면,경상사고,0,0,2,0,차대차 - 추돌 - 진행중,안전운전불이행,건조,맑음,교차로 - 교차로부근,화물,남,60세,상해없음,승용,남,56세,경상
2015122300100396,2015년 12월 23일 16시,수요일,전라남도 나주시 세지면,중상사고,0,1,1,0,차대차 - 측면직각충돌,안전운전불이행,습기,비,단일로 - 기타,승용,여,46세,경상,원동기,남,72세,중상
2015122300100397,2015년 12월 23일 16시,수요일,전라남도 화순군 화순읍,경상사고,0,0,1,0,차대차 - 추돌 - 주정차중,안전거리미확보,습기,비,교차로 - 교차로부근,승용,남,57세,상해없음,화물,여,43세,경상
2015122300100432,2015년 12월 23일 17시,수요일,전라남도 목포시 서산동,경상사고,0,0,2,0,차대차 - 기타,안전운전불이행,건조,흐림,단일로 - 기타,승용,남,56세,상해없음,승용,남,49세,경상
2015122300100433,2015년 12월 23일 17시,수요일,전라남도 보성군 벌교읍,중상사고,0,2,3,0,차대차 - 정면충돌,안전운전불이행,건조,맑음,교차로 - 교차로안,승용,남,51세,기타불명,승용,남,59세,중상
2015122300100434,2015년 12월 23일 17시,수요일,전라남도 영암군 영암읍,중상사고,0,1,0,0,차대사람 - 횡단중,안전운전불이행,습기,비,기타 - 기타,승용,남,32세,상해없음,보행자,남,59세,중상
2015122300100488,2015년 12월 23일 18시,수요일,전라남도 신안군 지도읍,사망사고,1,0,0,0,차대사람 - 횡단중,보행자보호의무위반,기타,안개,단일로 - 횡단보도상,승용,여,48세,상해없음,보행자,여,73세,사망
2015122300100489,2015년 12월 23일 18시,수요일,전라남도 여수시 광무동,경상사고,0,0,1,0,차대사람 - 길가장자리구역통행중,안전운전불이행,습기,맑음,교차로 - 교차로안,승용,남,44세,상해없음,보행자,남,21세,경상
2015122300100490,2015년 12월 23일 18시,수요일,전라남도 광양시 광양읍,중상사고,0,1,1,0,차대차 - 정면충돌,교차로운행방법위반,건조,맑음,교차로 - 교차로안,승용,남,26세,경상,승용,남,25세,중상
2015122300100533,2015년 12월 23일 19시,수요일,전라남도 목포시 연산동,경상사고,0,0,1,0,차대차 - 측면직각충돌,안전운전불이행,건조,맑음,교차로 - 교차로안,승용,남,65세,상해없음,이륜,남,18세,경상
2015122300100534,2015년 12월 23일 19시,수요일,전라남도 순천시 옥천동,중상사고,0,1,4,1,차대차 - 측면직각충돌,교차로운행방법위반,건조,맑음,교차로 - 교차로부근,승용,여,29세,부상신고,승용,남,71세,상해없음
2015122300100565,2015년 12월 23일 20시,수요일,전라남도 광양시 광영동,경상사고,0,0,1,0,차대사람 - 횡단중,보행자보호의무위반,건조,맑음,단일로 - 기타,승용,여,51세,상해없음,보행자,여,9세,경상
2015122400100058,2015년 12월 24일 01시,목요일,전라남도 나주시 이창동,경상사고,0,0,2,0,차대차 - 추돌 - 주정차중,기타,건조,맑음,교차로 - 교차로부근,화물,남,41세,경상,승용,여,40세,경상
2015122400100059,2015년 12월 24일 01시,목요일,전라남도 광양시 중동,경상사고,0,0,1,0,차대차 - 정면충돌,안전운전불이행,건조,맑음,단일로 - 기타,승용,남,47세,상해없음,승용,남,53세,경상
2015122400100073,2015년 12월 24일 02시,목요일,전라남도 순천시 장천동,경상사고,0,0,1,0,차대차 - 정면충돌,중앙선침범,건조,맑음,단일로 - 기타,이륜,남,19세,경상,승용,남,51세,상해없음
2015122400100079,2015년 12월 24일 03시,목요일,전라남도 광양시 광양읍,경상사고,0,0,1,0,차대차 - 정면충돌,안전운전불이행,건조,맑음,교차로 - 교차로부근,승용,남,46세,상해없음,승용,여,40세,경상
2015122400100110,2015년 12월 24일 06시,목요일,전라남도 여수시 미평동,경상사고,0,0,1,0,차대사람 - 횡단중,기타,건조,맑음,단일로 - 기타,화물,남,48세,상해없음,보행자,남,54세,경상
2015122400100127,2015년 12월 24일 07시,목요일,전라남도 보성군 벌교읍,중상사고,0,1,0,0,차대차 - 정면충돌,안전운전불이행,건조,맑음,교차로 - 교차로안,승합,남,51세,기타불명,이륜,남,77세,중상
2015122400100128,2015년 12월 24일 07시,목요일,전라남도 화순군 화순읍,경상사고,0,0,1,0,차대차 - 정면충돌,교차로운행방법위반,건조,맑음,교차로 - 교차로안,승용,여,58세,상해없음,승용,남,53세,경상
2015122400100155,2015년 12월 24일 08시,목요일,전라남도 여수시 돌산읍,경상사고,0,0,1,0,차대차 - 측면직각충돌,안전운전불이행,건조,맑음,단일로 - 기타,승용,남,59세,상해없음,승합,남,60세,경상
2015122400100191,2015년 12월 24일 09시,목요일,전라남도 여수시 신기동,경상사고,0,0,1,0,차대사람 - 횡단중,안전운전불이행,건조,맑음,단일로 - 기타,승합,남,51세,기타불명,보행자,여,67세,경상
2015122400100192,2015년 12월 24일 09시,목요일,전라남도 곡성군 오산면,경상사고,0,0,1,0,차대차 - 정면충돌,안전운전불이행,습기,안개,단일로 - 기타,승용,남,79세,경상,화물,남,34세,상해없음
2015122400100218,2015년 12월 24일 10시,목요일,전라남도 목포시 산정동,경상사고,0,0,1,0,차대차 - 정면충돌,안전운전불이행,건조,흐림,단일로 - 기타,화물,남,58세,상해없음,승용,여,47세,경상
2015122400100219,2015년 12월 24일 10시,목요일,전라남도 순천시 조례동,경상사고,0,0,1,0,차대사람 - 횡단중,안전운전불이행,건조,맑음,단일로 - 기타,승용,여,47세,상해없음,보행자,남,22세,경상
2015122400100220,2015년 12월 24일 10시,목요일,전라남도 순천시 서면,중상사고,0,2,0,0,차대차 - 기타,안전거리미확보,건조,맑음,단일로 - 기타,건설기계,남,41세,상해없음,승용,남,68세,중상
2015122400100221,2015년 12월 24일 10시,목요일,전라남도 고흥군 동강면,경상사고,0,0,2,0,차대차 - 정면충돌,안전거리미확보,건조,맑음,단일로 - 기타,승용,남,67세,경상,화물,남,51세,경상
2015122400100250,2015년 12월 24일 11시,목요일,전라남도 여수시 오림동,중상사고,0,1,0,0,차대차 - 측면직각충돌,안전운전불이행,건조,맑음,단일로 - 기타,승용,남,60세,상해없음,이륜,남,68세,중상
2015122400100251,2015년 12월 24일 11시,목요일,전라남도 여수시 돌산읍,경상사고,0,0,1,0,차대차 - 측면직각충돌,교차로운행방법위반,건조,맑음,교차로 - 교차로안,승용,남,40세,상해없음,승합,남,59세,경상
2015122400100252,2015년 12월 24일 11시,목요일,전라남도 나주시 금천면,사망사고,1,0,0,0,차대사람 - 횡단중,신호위반,건조,맑음,단일로 - 횡단보도상,원동기,남,40세,상해없음,보행자,여,86세,사망
2015122400100253,2015년 12월 24일 11시,목요일,전라남도 장흥군 장흥읍,경상사고,0,0,1,0,차대차 - 측면직각충돌,직진우회전진행방해,건조,맑음,교차로 - 교차로안,승용,남,35세,상해없음,승용,여,55세,경상
2015122400100254,2015년 12월 24일 11시,목요일,전라남도 영암군 삼호읍,경상사고,0,0,1,0,차대차 - 측면직각충돌,신호위반,건조,맑음,교차로 - 교차로안,승용,남,51세,상해없음,화물,남,32세,상해없음
2015122400100278,2015년 12월 24일 12시,목요일,전라남도 여수시 신기동,경상사고,0,0,3,0,차대차 - 정면충돌,차로위반,건조,맑음,단일로 - 기타,승용,남,76세,상해없음,승용,남,23세,경상
2015122400100279,2015년 12월 24일 12시,목요일,전라남도 무안군 무안읍,중상사고,0,2,1,0,차대차 - 정면충돌,안전운전불이행,건조,맑음,단일로 - 기타,승합,남,38세,상해없음,화물,여,35세,경상
2015122400100280,2015년 12월 24일 12시,목요일,전라남도 진도군 군내면,경상사고,0,0,1,0,차대차 - 정면충돌,안전운전불이행,건조,맑음,단일로 - 터널,승용,남,79세,상해없음,건설기계,남,45세,경상
2015122400100311,2015년 12월 24일 13시,목요일,전라남도 목포시 산정동,경상사고,0,0,2,0,차대차 - 정면충돌,안전운전불이행,건조,맑음,단일로 - 기타,승용,남,77세,상해없음,승용,남,43세,경상
2015122400100312,2015년 12월 24일 13시,목요일,전라남도 함평군 학교면,경상사고,0,0,2,0,차대차 - 추돌 - 진행중,안전거리미확보,건조,맑음,단일로 - 교량,화물,남,55세,상해없음,화물,남,69세,경상
2015122400100349,2015년 12월 24일 14시,목요일,전라남도 목포시 옥암동,경상사고,0,0,2,0,차대차 - 정면충돌,교차로운행방법위반,건조,맑음,교차로 - 교차로안,승용,여,28세,경상,승용,여,33세,경상
2015122400100350,2015년 12월 24일 14시,목요일,전라남도 해남군 해남읍,경상사고,0,0,4,0,차대차 - 측면직각충돌,중앙선침범,건조,맑음,단일로 - 기타,승용,여,53세,경상,승용,여,57세,경상
2015122400100351,2015년 12월 24일 14시,목요일,전라남도 해남군 해남읍,경상사고,0,0,1,0,차량단독 - 공작물충돌,안전운전불이행,건조,맑음,단일로 - 기타,이륜,남,53세,경상,,,,
2015122400100388,2015년 12월 24일 15시,목요일,전라남도 목포시 산정동,중상사고,0,1,0,0,차대사람 - 횡단중,중앙선침범,건조,흐림,교차로 - 교차로부근,승용,여,46세,상해없음,보행자,남,68세,중상
2015122400100389,2015년 12월 24일 15시,목요일,전라남도 목포시 산정동,중상사고,0,1,0,0,차대사람 - 횡단중,안전운전불이행,건조,맑음,교차로 - 교차로안,화물,남,71세,상해없음,보행자,여,63세,중상
2015122400100417,2015년 12월 24일 16시,목요일,전라남도 목포시 옥암동,경상사고,0,0,1,0,차대차 - 정면충돌,안전운전불이행,건조,맑음,교차로 - 교차로부근,승용,남,38세,상해없음,승용,남,41세,경상
2015122400100418,2015년 12월 24일 16시,목요일,전라남도 나주시 빛가람동,중상사고,0,1,1,0,차대차 - 정면충돌,신호위반,건조,맑음,교차로 - 교차로안,승용,여,61세,경상,승용,남,30세,중상
2015122400100419,2015년 12월 24일 16시,목요일,전라남도 보성군 웅치면,중상사고,0,1,0,0,차량단독 - 전도전복,안전운전불이행,건조,맑음,단일로 - 기타,이륜,남,83세,중상,,,,
2015122400100420,2015년 12월 24일 16시,목요일,전라남도 곡성군 입면,경상사고,0,0,1,0,차대차 - 정면충돌,안전운전불이행,습기,흐림,교차로 - 교차로안,승용,여,40세,경상,화물,남,42세,상해없음
2015122400100457,2015년 12월 24일 17시,목요일,전라남도 함평군 함평읍,경상사고,0,0,1,0,차대차 - 정면충돌,직진우회전진행방해,건조,맑음,교차로 - 교차로안,승합,남,32세,상해없음,화물,남,63세,경상
2015122400100458,2015년 12월 24일 17시,목요일,전라남도 담양군 봉산면,사망사고,1,0,0,0,차대차 - 측면직각충돌,안전운전불이행,건조,맑음,단일로 - 기타,이륜,남,58세,사망,화물,남,49세,상해없음
2015122400100459,2015년 12월 24일 17시,목요일,전라남도 광양시 광양읍,경상사고,0,0,1,0,차대사람 - 기타,안전운전불이행,건조,맑음,단일로 - 기타,승합,여,54세,상해없음,보행자,여,49세,경상
2015122400100518,2015년 12월 24일 18시,목요일,전라남도 나주시 이창동,중상사고,0,1,0,0,차대차 - 추돌 - 진행중,안전거리미확보,건조,맑음,단일로 - 기타,승용,남,71세,상해없음,원동기,남,35세,중상
2015122400100519,2015년 12월 24일 18시,목요일,전라남도 나주시 다시면,경상사고,0,0,2,0,차대차 - 기타,안전운전불이행,건조,맑음,교차로 - 교차로안,화물,남,41세,상해없음,승용,남,73세,경상
2015122400100520,2015년 12월 24일 18시,목요일,전라남도 장흥군 장흥읍,경상사고,0,0,1,0,차대차 - 측면직각충돌,안전운전불이행,건조,맑음,교차로 - 교차로안,승합,남,51세,상해없음,승용,남,41세,경상
2015122400100521,2015년 12월 24일 18시,목요일,전라남도 영암군 영암읍,중상사고,0,1,1,0,차대차 - 정면충돌,안전운전불이행,건조,맑음,단일로 - 기타,승용,여,59세,중상,승용,여,53세,경상
2015122400100585,2015년 12월 24일 19시,목요일,전라남도 목포시 옥암동,경상사고,0,0,1,0,차대사람 - 횡단중,보행자보호의무위반,건조,흐림,단일로 - 횡단보도상,승합,여,58세,상해없음,보행자,여,19세,경상
2015122400100586,2015년 12월 24일 19시,목요일,전라남도 순천시 연향동,중상사고,0,1,0,0,차대사람 - 보도통행중,보행자보호의무위반,건조,맑음,교차로 - 교차로부근,원동기,남,18세,상해없음,보행자,남,27세,중상
2015122400100587,2015년 12월 24일 19시,목요일,전라남도 나주시 금천면,경상사고,0,0,1,0,차대차 - 추돌 - 진행중,안전거리미확보,건조,맑음,단일로 - 기타,승용,남,44세,상해없음,승용,남,63세,경상
2015122400100588,2015년 12월 24일 19시,목요일,전라남도 영광군 염산면,경상사고,0,0,1,0,차대차 - 정면충돌,안전운전불이행,건조,맑음,교차로 - 교차로부근,승용,남,53세,상해없음,화물,남,57세,상해없음
2015122400100589,2015년 12월 24일 19시,목요일,전라남도 광양시 광양읍,경상사고,0,0,1,0,차대차 - 측면직각충돌,직진우회전진행방해,건조,맑음,교차로 - 교차로안,승용,여,38세,상해없음,자전거,남,28세,경상
2015122400100590,2015년 12월 24일 19시,목요일,전라남도 광양시 중동,경상사고,0,0,1,0,차대사람 - 횡단중,신호위반,건조,흐림,교차로 - 교차로안,승용,남,49세,상해없음,보행자,남,30세,경상
2015122400100591,2015년 12월 24일 19시,목요일,전라남도 구례군 구례읍,경상사고,0,0,1,0,차대차 - 정면충돌,신호위반,건조,맑음,교차로 - 교차로안,승합,남,58세,상해없음,화물,남,80세,경상
2015122400100635,2015년 12월 24일 20시,목요일,전라남도 나주시 세지면,경상사고,0,0,1,0,차대차 - 기타,안전거리미확보,건조,맑음,단일로 - 기타,화물,남,51세,상해없음,승용,여,35세,경상
2015122400100668,2015년 12월 24일 21시,목요일,전라남도 여수시 여서동,경상사고,0,0,1,0,차대차 - 측면직각충돌,교차로운행방법위반,건조,맑음,교차로 - 교차로안,승용,남,60세,상해없음,이륜,남,26세,경상
2015122400100692,2015년 12월 24일 22시,목요일,전라남도 순천시 별량면,중상사고,0,1,0,0,차대사람 - 차도통행중,안전운전불이행,건조,맑음,단일로 - 기타,승용,남,50세,상해없음,보행자,여,68세,중상
2015122500100075,2015년 12월 25일 06시,금요일,전라남도 여수시 오림동,중상사고,0,1,0,0,차대차 - 측면직각충돌,중앙선침범,건조,맑음,단일로 - 기타,승용,남,63세,상해없음,이륜,남,45세,중상
2015122500100092,2015년 12월 25일 07시,금요일,전라남도 광양시 중동,경상사고,0,0,7,0,차대차 - 측면직각충돌,직진우회전진행방해,건조,맑음,교차로 - 교차로안,화물,남,55세,상해없음,화물,남,46세,경상
2015122500100105,2015년 12월 25일 08시,금요일,전라남도 여수시 봉계동,경상사고,0,0,4,0,차대차 - 추돌 - 진행중,안전운전불이행,건조,맑음,단일로 - 기타,화물,남,63세,상해없음,승용,남,62세,경상
2015122500100124,2015년 12월 25일 09시,금요일,전라남도 해남군 송지면,경상사고,0,0,3,0,차대차 - 정면충돌,기타,건조,맑음,교차로 - 교차로안,승용,남,29세,경상,화물,남,63세,경상
2015122500100139,2015년 12월 25일 10시,금요일,전라남도 여수시 수정동,경상사고,0,0,1,0,차대사람 - 횡단중,보행자보호의무위반,건조,맑음,단일로 - 횡단보도상,승용,남,40세,상해없음,보행자,여,68세,경상
2015122500100140,2015년 12월 25일 10시,금요일,전라남도 순천시 조곡동,경상사고,0,0,2,0,차량단독 - 기타,안전운전불이행,건조,맑음,단일로 - 기타,승용,남,55세,경상,,,,
2015122500100141,2015년 12월 25일 10시,금요일,전라남도 진도군 진도읍,경상사고,0,0,1,0,차대차 - 정면충돌,안전거리미확보,건조,맑음,단일로 - 기타,이륜,남,84세,경상,승용,여,42세,상해없음
2015122500100142,2015년 12월 25일 10시,금요일,전라남도 광양시 광양읍,부상신고사고,0,0,0,1,차대차 - 기타,중앙선침범,건조,맑음,단일로 - 기타,자전거,남,13세,부상신고,승용,여,41세,상해없음
2015122500100216,2015년 12월 25일 13시,금요일,전라남도 보성군 보성읍,경상사고,0,0,1,0,차대사람 - 횡단중,안전운전불이행,건조,맑음,교차로 - 교차로안,승용,남,29세,상해없음,보행자,남,72세,경상
2015122500100333,2015년 12월 25일 17시,금요일,전라남도 여수시 덕충동,중상사고,0,1,1,0,차대차 - 측면직각충돌,안전운전불이행,건조,맑음,단일로 - 기타,승용,남,26세,상해없음,승용,남,56세,중상
2015122500100334,2015년 12월 25일 17시,금요일,전라남도 보성군 복내면,경상사고,0,0,2,0,차대차 - 정면충돌,교차로운행방법위반,건조,맑음,교차로 - 교차로안,승합,남,34세,상해없음,화물,남,48세,경상
2015122500100335,2015년 12월 25일 17시,금요일,전라남도 장성군 장성읍,경상사고,0,0,3,0,차대차 - 정면충돌,안전운전불이행,건조,맑음,교차로 - 교차로안,화물,남,57세,상해없음,승용,남,32세,경상
2015122500100367,2015년 12월 25일 18시,금요일,전라남도 나주시 남평읍,사망사고,1,0,0,0,차대사람 - 횡단중,안전운전불이행,건조,맑음,단일로 - 기타,승합,남,33세,상해없음,보행자,남,73세,사망
2015122500100368,2015년 12월 25일 18시,금요일,전라남도 나주시 산포면,중상사고,0,1,4,0,차대차 - 추돌 - 진행중,안전거리미확보,건조,맑음,미분류 - 미분류,승용,여,27세,중상,승용,남,33세,경상
2015122500100403,2015년 12월 25일 19시,금요일,전라남도 여수시 화장동,경상사고,0,0,1,0,차대사람 - 횡단중,신호위반,건조,맑음,교차로 - 교차로부근,승용,여,43세,상해없음,보행자,남,58세,경상
2015122500100404,2015년 12월 25일 19시,금요일,전라남도 순천시 연향동,경상사고,0,0,1,0,차대차 - 정면충돌,불법유턴,건조,맑음,단일로 - 기타,화물,남,63세,상해없음,승용,남,27세,상해없음
2015122500100428,2015년 12월 25일 20시,금요일,전라남도 여수시 문수동,경상사고,0,0,2,0,차대차 - 측면직각충돌,안전거리미확보,건조,맑음,교차로 - 교차로부근,화물,남,54세,상해없음,승용,남,47세,경상
2015122500100429,2015년 12월 25일 20시,금요일,전라남도 여수시 선원동,경상사고,0,0,1,0,차대차 - 추돌 - 진행중,안전운전불이행,건조,맑음,교차로 - 교차로부근,화물,남,15세,상해없음,승용,여,52세,경상
2015122500100479,2015년 12월 25일 22시,금요일,전라남도 목포시 용해동,중상사고,0,2,0,0,차대차 - 정면충돌,교차로운행방법위반,건조,맑음,교차로 - 교차로안,원동기,남,17세,중상,원동기,남,17세,중상
2015122500100480,2015년 12월 25일 22시,금요일,전라남도 순천시 조례동,경상사고,0,0,2,0,차대사람 - 횡단중,보행자보호의무위반,건조,맑음,단일로 - 횡단보도부근,이륜,남,51세,상해없음,보행자,남,62세,경상
2015122500100481,2015년 12월 25일 22시,금요일,전라남도 무안군 삼향읍,경상사고,0,0,1,0,차대차 - 추돌 - 진행중,안전운전불이행,건조,맑음,교차로 - 교차로안,이륜,남,16세,경상,승용,남,39세,상해없음
2015122500100501,2015년 12월 25일 23시,금요일,전라남도 여수시 학동,중상사고,0,1,0,0,차대차 - 정면충돌,안전운전불이행,건조,맑음,단일로 - 기타,이륜,남,23세,중상,승용,남,24세,기타불명
2015122600100132,2015년 12월 26일 08시,토요일,전라남도 해남군 송지면,중상사고,0,1,1,0,차량단독 - 전도전복,안전운전불이행,건조,맑음,단일로 - 기타,승용,여,61세,경상,,,,
2015122600100133,2015년 12월 26일 08시,토요일,전라남도 담양군 금성면,경상사고,0,0,2,0,차대차 - 정면충돌,중앙선침범,건조,맑음,교차로 - 교차로안,승용,남,38세,상해없음,승용,남,31세,경상
2015122600100162,2015년 12월 26일 10시,토요일,전라남도 장흥군 장흥읍,경상사고,0,0,1,0,차대차 - 추돌 - 주정차중,안전운전불이행,건조,맑음,단일로 - 기타,화물,남,66세,상해없음,승용,남,56세,경상
2015122600100181,2015년 12월 26일 11시,토요일,전라남도 목포시 옥암동,경상사고,0,0,2,0,차대차 - 정면충돌,신호위반,건조,맑음,교차로 - 교차로안,승용,여,42세,경상,승용,남,56세,경상
2015122600100203,2015년 12월 26일 12시,토요일,전라남도 목포시 산정동,경상사고,0,0,1,0,차대차 - 정면충돌,신호위반,건조,맑음,교차로 - 교차로안,승용,남,54세,상해없음,이륜,남,22세,경상
2015122600100204,2015년 12월 26일 12시,토요일,전라남도 진도군 군내면,사망사고,1,0,0,0,차량단독 - 전도전복,안전운전불이행,건조,맑음,기타 - 기타,승용,남,80세,사망,,,,
2015122600100236,2015년 12월 26일 13시,토요일,전라남도 목포시 옥암동,경상사고,0,0,1,0,차대차 - 정면충돌,차로위반,건조,맑음,단일로 - 기타,승용,남,36세,상해없음,특수,남,40세,경상
2015122600100237,2015년 12월 26일 13시,토요일,전라남도 순천시 덕암동,경상사고,0,0,1,0,차대차 - 측면직각충돌,안전운전불이행,건조,맑음,기타 - 기타,승용,남,67세,상해없음,자전거,남,48세,경상
2015122600100270,2015년 12월 26일 14시,토요일,전라남도 목포시 남교동,경상사고,0,0,1,0,차대차 - 기타,안전운전불이행,건조,맑음,단일로 - 기타,승용,남,28세,상해없음,승용,남,51세,상해없음
2015122600100271,2015년 12월 26일 14시,토요일,전라남도 담양군 담양읍,경상사고,0,0,2,0,차대차 - 정면충돌,직진우회전진행방해,건조,맑음,교차로 - 교차로안,승용,여,56세,상해없음,승용,남,74세,경상
2015122600100297,2015년 12월 26일 15시,토요일,전라남도 영광군 영광읍,경상사고,0,0,1,0,차대차 - 추돌 - 진행중,안전운전불이행,건조,맑음,단일로 - 기타,승합,남,64세,상해없음,승용,여,57세,경상
2015122600100328,2015년 12월 26일 16시,토요일,전라남도 순천시 해룡면,중상사고,0,3,2,0,차대차 - 측면직각충돌,안전운전불이행,건조,맑음,교차로 - 교차로안,승용,남,36세,경상,승용,남,30세,중상
2015122600100365,2015년 12월 26일 17시,토요일,전라남도 목포시 산정동,경상사고,0,0,1,0,차대차 - 측면직각충돌,직진우회전진행방해,건조,맑음,교차로 - 교차로안,승용,여,58세,경상,승용,남,69세,상해없음
2015122600100412,2015년 12월 26일 18시,토요일,전라남도 순천시 서면,부상신고사고,0,0,0,1,차대사람 - 기타,안전운전불이행,건조,맑음,단일로 - 기타,기타불명,기타불명,기타불명,기타불명,보행자,남,56세,부상신고
2015122600100468,2015년 12월 26일 19시,토요일,전라남도 나주시 노안면,부상신고사고,0,0,0,1,차량단독 - 전도전복,안전운전불이행,건조,맑음,단일로 - 기타,화물,남,45세,부상신고,,,,
2015122600100516,2015년 12월 26일 21시,토요일,전라남도 여수시 신기동,경상사고,0,0,1,0,차대사람 - 횡단중,신호위반,건조,맑음,교차로 - 교차로부근,승용,여,68세,상해없음,보행자,여,61세,경상
2015122600100544,2015년 12월 26일 22시,토요일,전라남도 목포시 대성동,경상사고,0,0,1,0,차대차 - 정면충돌,안전운전불이행,건조,맑음,단일로 - 기타,승용,여,46세,상해없음,승용,남,65세,경상
2015122600100570,2015년 12월 26일 23시,토요일,전라남도 목포시 석현동,경상사고,0,0,1,0,차대차 - 정면충돌,안전운전불이행,건조,맑음,단일로 - 기타,승용,여,30세,상해없음,승용,남,54세,경상
2015122600100571,2015년 12월 26일 23시,토요일,전라남도 순천시 연향동,사망사고,1,0,0,0,차대사람 - 기타,과속,건조,맑음,단일로 - 기타,승합,남,36세,상해없음,보행자,남,54세,사망
2015122700100099,2015년 12월 27일 05시,일요일,전라남도 화순군 춘양면,경상사고,0,0,4,0,차량단독 - 전도전복,안전운전불이행,건조,맑음,단일로 - 기타,승용,남,17세,경상,,,,
2015122700100118,2015년 12월 27일 06시,일요일,전라남도 여수시 학동,경상사고,0,0,2,0,차대차 - 측면직각충돌,중앙선침범,건조,맑음,단일로 - 기타,승용,남,25세,상해없음,승용,남,46세,경상
2015122700100128,2015년 12월 27일 07시,일요일,전라남도 해남군 해남읍,사망사고,1,0,0,0,차량단독 - 전도전복,안전운전불이행,건조,맑음,단일로 - 기타,승용,남,61세,사망,,,,
2015122700100158,2015년 12월 27일 09시,일요일,전라남도 나주시 세지면,경상사고,0,0,4,0,차대차 - 정면충돌,안전운전불이행,건조,맑음,단일로 - 기타,승합,남,65세,상해없음,승용,여,33세,경상
2015122700100159,2015년 12월 27일 09시,일요일,전라남도 광양시 광양읍,경상사고,0,0,1,0,차대차 - 정면충돌,신호위반,건조,맑음,교차로 - 교차로안,승용,남,21세,상해없음,승용,남,32세,경상